solid Created by Gmsh
facet normal -0.975677 0.203921 -0.0804357
  outer loop
    vertex 4.856820032066514 -5.580903965054708 2.483141122461719
    vertex 4.995779340541805 -4.897365528796489 2.530488934194568
    vertex 4.997291535528558 -5.082242479284199 2.04344481083066
  endloop
endfacet
facet normal -0.964546 0.263762 -0.00901356
  outer loop
    vertex 4.867586687880056 -5.559910702767223 1.94531746835397
    vertex 4.856820032066514 -5.580903965054708 2.483141122461719
    vertex 4.997291535528558 -5.082242479284199 2.04344481083066
  endloop
endfacet
facet normal -0.386205 0.918656 0.0831664
  outer loop
    vertex 4.542309742299053 -5.966822254738692 2.069168156252928
    vertex 3.900670850319157 -6.240886092622567 2.116858877538281
    vertex 4.387026349279875 -6.075498689131305 2.548509190148192
  endloop
endfacet
facet normal -0.31613 0.948688 -0.00729632
  outer loop
    vertex 4.387026349279875 -6.075498689131305 2.548509190148192
    vertex 3.900670850319157 -6.240886092622567 2.116858877538281
    vertex 3.882662716184106 -6.242940305780875 2.630008252417634
  endloop
endfacet
facet normal 0.590399 -0.806314 -0.0358757
  outer loop
    vertex 3.306743891196828 -3.831229696643232 2.483141122461533
    vertex 2.760524838862015 -4.236168274100272 2.595202158197145
    vertex 2.814361564786123 -4.171096677199007 2.018685294571605
  endloop
endfacet
facet normal 0.568508 -0.822677 -0.000694236
  outer loop
    vertex 3.306743891196828 -3.831229696643232 2.483141122461533
    vertex 2.814361564786123 -4.171096677199007 2.018685294571605
    vertex 3.305332415334914 -3.831765974152388 1.962781980849668
  endloop
endfacet
facet normal 0.589659 0.80674 -0.0383722
  outer loop
    vertex 3.306743891196833 -6.168770303356769 2.483141122461531
    vertex 2.814361564786124 -5.828903322800994 2.062183625658423
    vertex 2.760409078028744 -5.763681744676458 2.604329255927594
  endloop
endfacet
facet normal 0.56835 0.822787 -0.000493231
  outer loop
    vertex 2.814361564786124 -5.828903322800994 2.062183625658423
    vertex 3.306743891196833 -6.168770303356769 2.483141122461531
    vertex 3.30575943064202 -6.168396472322858 1.97235533917626
  endloop
endfacet
facet normal -0.997671 -2.96214e-15 -0.0682141
  outer loop
    vertex 4.963677271782566 -5.299144580359443 3
    vertex 4.963677271782564 -4.700855419640549 3
    vertex 4.995779340541805 -4.897365528796489 2.530488934194568
  endloop
endfacet
facet normal 0.353732 0.932716 -0.070103
  outer loop
    vertex 3.039919066586056 -6.028729832367071 3
    vertex 3.599329149680849 -6.240886092622568 3
    vertex 3.306743891196833 -6.168770303356769 2.483141122461531
  endloop
endfacet
facet normal 0.353732 -0.932716 -0.070103
  outer loop
    vertex 3.599329149680843 -3.759113907377433 3
    vertex 3.039919066586053 -3.971270167632931 3
    vertex 3.306743891196828 -3.831229696643232 2.483141122461533
  endloop
endfacet
facet normal -0.566667 -0.820959 -0.070103
  outer loop
    vertex 4.685638435213873 -4.171096677199002 3
    vertex 4.193256108803165 -3.83122969664323 3
    vertex 4.46008093341394 -3.971270167632926 2.483141122461534
  endloop
endfacet
facet normal -0.883278 0.46358 -0.070103
  outer loop
    vertex 4.685638435213878 -5.828903322800992 3
    vertex 4.963677271782566 -5.299144580359443 3
    vertex 4.856820032066514 -5.580903965054708 2.483141122461719
  endloop
endfacet
facet normal -0.566741 0.821066 0.0682278
  outer loop
    vertex 4.685638435213878 -5.828903322800992 1.6
    vertex 4.193256108803173 -6.168770303356768 1.6
    vertex 4.542309742299053 -5.966822254738692 2.069168156252928
  endloop
endfacet
facet normal -0.12024 -0.990267 0.070103
  outer loop
    vertex 3.599329149680843 -3.759113907377433 1.6
    vertex 4.193256108803165 -3.83122969664323 1.6
    vertex 3.90067085031915 -3.759113907377432 2.116858877538279
  endloop
endfacet
facet normal -0.883278 -0.46358 0.070103
  outer loop
    vertex 4.685638435213873 -4.171096677199002 1.6
    vertex 4.963677271782564 -4.700855419640549 1.6
    vertex 4.85682003206651 -4.419096034945285 2.116858877538281
  endloop
endfacet
facet normal -0.12024 0.990267 0.070103
  outer loop
    vertex 4.193256108803173 -6.168770303356768 1.6
    vertex 3.599329149680849 -6.240886092622568 1.6
    vertex 3.900670850319157 -6.240886092622567 2.116858877538281
  endloop
endfacet
facet normal -0.779763 0.626013 0.0088256
  outer loop
    vertex 4.542309742299053 -5.966822254738692 2.069168156252928
    vertex 4.856820032066514 -5.580903965054708 2.483141122461719
    vertex 4.867586687880056 -5.559910702767223 1.94531746835397
  endloop
endfacet
facet normal -0.727996 0.68072 -0.0815026
  outer loop
    vertex 4.856820032066514 -5.580903965054708 2.483141122461719
    vertex 4.542309742299053 -5.966822254738692 2.069168156252928
    vertex 4.387026349279875 -6.075498689131305 2.548509190148192
  endloop
endfacet
facet normal -0.744301 -0.667766 0.0102363
  outer loop
    vertex 4.46008093341394 -3.971270167632926 2.483141122461534
    vertex 4.85682003206651 -4.419096034945285 2.116858877538281
    vertex 4.846420721263929 -4.399698740645094 2.62608850885595
  endloop
endfacet
facet normal -0.354605 -0.935016 6.31255e-16
  outer loop
    vertex 3.90067085031915 -3.759113907377432 2.116858877538279
    vertex 4.46008093341394 -3.971270167632926 2.483141122461534
    vertex 3.900670850319151 -3.759113907377432 2.615789360206657
  endloop
endfacet
facet normal 0.120537 -0.992709 -2.0921e-16
  outer loop
    vertex 3.306743891196828 -3.831229696643232 2.483141122461533
    vertex 3.90067085031915 -3.759113907377432 2.116858877538279
    vertex 3.900670850319151 -3.759113907377432 2.615789360206657
  endloop
endfacet
facet normal 0.125624 0.992043 0.00837985
  outer loop
    vertex 3.900670850319157 -6.240886092622567 2.116858877538281
    vertex 3.306743891196833 -6.168770303356769 2.483141122461531
    vertex 3.882662716184106 -6.242940305780875 2.630008252417634
  endloop
endfacet
facet normal -0.748511 -0.663123 0
  outer loop
    vertex 4.85682003206651 -4.419096034945285 2.116858877538281
    vertex 4.46008093341394 -3.971270167632926 2.483141122461534
    vertex 4.46008093341394 -3.971270167632926 1.984210639793224
  endloop
endfacet
facet normal -0.354605 -0.935016 -0
  outer loop
    vertex 4.46008093341394 -3.971270167632926 2.483141122461534
    vertex 3.90067085031915 -3.759113907377432 2.116858877538279
    vertex 4.46008093341394 -3.971270167632926 1.984210639793224
  endloop
endfacet
facet normal 0.120837 0.992672 0.000493617
  outer loop
    vertex 3.306743891196833 -6.168770303356769 2.483141122461531
    vertex 3.900670850319157 -6.240886092622567 2.116858877538281
    vertex 3.30575943064202 -6.168396472322858 1.97235533917626
  endloop
endfacet
facet normal 0.120959 -0.992657 0.000694922
  outer loop
    vertex 3.90067085031915 -3.759113907377432 2.116858877538279
    vertex 3.306743891196828 -3.831229696643232 2.483141122461533
    vertex 3.305332415334914 -3.831765974152388 1.962781980849668
  endloop
endfacet
facet normal -0.976595 0.191793 0.0973513
  outer loop
    vertex 4.856820032066514 -5.580903965054708 2.483141122461719
    vertex 4.963677271782566 -5.299144580359443 3
    vertex 4.995779340541805 -4.897365528796489 2.530488934194568
  endloop
endfacet
facet normal -0.973471 -0.214902 0.0785523
  outer loop
    vertex 4.995779340541805 -4.897365528796489 2.530488934194568
    vertex 4.85682003206651 -4.419096034945285 2.116858877538281
    vertex 4.997291535528558 -5.082242479284199 2.04344481083066
  endloop
endfacet
facet normal -0.958217 -0.285911 -0.00867761
  outer loop
    vertex 4.85682003206651 -4.419096034945285 2.116858877538281
    vertex 4.995779340541805 -4.897365528796489 2.530488934194568
    vertex 4.846420721263929 -4.399698740645094 2.62608850885595
  endloop
endfacet
facet normal -0.397047 0.912613 -0.0974273
  outer loop
    vertex 4.193256108803173 -6.168770303356768 1.6
    vertex 3.900670850319157 -6.240886092622567 2.116858877538281
    vertex 4.542309742299053 -5.966822254738692 2.069168156252928
  endloop
endfacet
facet normal 0.964813 0.237805 -0.112181
  outer loop
    vertex 2.5 -5 3
    vertex 2.643179967933488 -5.580903965054711 3
    vertex 2.555059341222391 -5.366901651672672 2.695768073699549
  endloop
endfacet
facet normal 0.964899 -0.237826 -0.111394
  outer loop
    vertex 2.643179967933487 -4.419096034945291 3
    vertex 2.5 -5 3
    vertex 2.554937009593074 -4.633497000067318 2.693383477688366
  endloop
endfacet
facet normal 0.965725 0.23803 0.103528
  outer loop
    vertex 2.643179967933488 -5.580903965054711 1.6
    vertex 2.5 -5 1.6
    vertex 2.560237986825907 -5.383361907351173 1.919510491989986
  endloop
endfacet
facet normal 0.96542 -0.237955 0.106496
  outer loop
    vertex 2.5 -5 1.6
    vertex 2.643179967933487 -4.419096034945291 1.6
    vertex 2.56051098633592 -4.615791871022417 1.909922429297469
  endloop
endfacet
facet normal 0.605624 -0.789605 0.0987091
  outer loop
    vertex 3.306743891196828 -3.831229696643232 2.483141122461533
    vertex 3.039919066586053 -3.971270167632931 3
    vertex 2.760524838862015 -4.236168274100272 2.595202158197145
  endloop
endfacet
facet normal 0.745965 -0.660868 -0.0824012
  outer loop
    vertex 3.039919066586053 -3.971270167632931 3
    vertex 2.643179967933487 -4.419096034945291 3
    vertex 2.760524838862015 -4.236168274100272 2.595202158197145
  endloop
endfacet
facet normal 0.74621 0.661084 0.0783478
  outer loop
    vertex 3.039919066586056 -6.028729832367071 1.6
    vertex 2.643179967933488 -5.580903965054711 1.6
    vertex 2.814361564786124 -5.828903322800994 2.062183625658423
  endloop
endfacet
facet normal 0.606803 0.788588 0.0995936
  outer loop
    vertex 3.039919066586056 -6.028729832367071 3
    vertex 3.306743891196833 -6.168770303356769 2.483141122461531
    vertex 2.760409078028744 -5.763681744676458 2.604329255927594
  endloop
endfacet
facet normal 0.107966 0.991155 0.0771753
  outer loop
    vertex 3.306743891196833 -6.168770303356769 2.483141122461531
    vertex 3.599329149680849 -6.240886092622568 3
    vertex 3.882662716184106 -6.242940305780875 2.630008252417634
  endloop
endfacet
facet normal -0.336745 -0.938161 0.0803479
  outer loop
    vertex 4.46008093341394 -3.971270167632926 2.483141122461534
    vertex 4.193256108803165 -3.83122969664323 3
    vertex 3.900670850319151 -3.759113907377432 2.615789360206657
  endloop
endfacet
facet normal 0.102444 -0.991489 0.0803479
  outer loop
    vertex 3.599329149680843 -3.759113907377433 3
    vertex 3.306743891196828 -3.831229696643232 2.483141122461533
    vertex 3.900670850319151 -3.759113907377432 2.615789360206657
  endloop
endfacet
facet normal -0.752962 -0.653676 0.0758704
  outer loop
    vertex 4.685638435213873 -4.171096677199002 3
    vertex 4.46008093341394 -3.971270167632926 2.483141122461534
    vertex 4.846420721263929 -4.399698740645094 2.62608850885595
  endloop
endfacet
facet normal -0.78863 0.611828 -0.0610668
  outer loop
    vertex 4.685638435213878 -5.828903322800992 1.6
    vertex 4.542309742299053 -5.966822254738692 2.069168156252928
    vertex 4.867586687880056 -5.559910702767223 1.94531746835397
  endloop
endfacet
facet normal -0.715452 0.692152 0.0951538
  outer loop
    vertex 4.685638435213878 -5.828903322800992 3
    vertex 4.856820032066514 -5.580903965054708 2.483141122461719
    vertex 4.387026349279875 -6.075498689131305 2.548509190148192
  endloop
endfacet
facet normal 0.140074 0.986767 -0.0816665
  outer loop
    vertex 3.900670850319157 -6.240886092622567 2.116858877538281
    vertex 3.599329149680849 -6.240886092622568 1.6
    vertex 3.30575943064202 -6.168396472322858 1.97235533917626
  endloop
endfacet
facet normal 0.141772 -0.986442 -0.0826569
  outer loop
    vertex 3.599329149680843 -3.759113907377433 1.6
    vertex 3.90067085031915 -3.759113907377432 2.116858877538279
    vertex 3.305332415334914 -3.831765974152388 1.962781980849668
  endloop
endfacet
facet normal -0.734159 -0.674207 -0.0803479
  outer loop
    vertex 4.685638435213873 -4.171096677199002 1.6
    vertex 4.85682003206651 -4.419096034945285 2.116858877538281
    vertex 4.46008093341394 -3.971270167632926 1.984210639793224
  endloop
endfacet
facet normal -0.370058 -0.925527 -0.0803479
  outer loop
    vertex 3.90067085031915 -3.759113907377432 2.116858877538279
    vertex 4.193256108803165 -3.83122969664323 1.6
    vertex 4.46008093341394 -3.971270167632926 1.984210639793224
  endloop
endfacet
facet normal -0.975963 -0.19624 -0.0947964
  outer loop
    vertex 4.85682003206651 -4.419096034945285 2.116858877538281
    vertex 4.963677271782564 -4.700855419640549 1.6
    vertex 4.997291535528558 -5.082242479284199 2.04344481083066
  endloop
endfacet
facet normal -0.952915 -0.29738 0.0593121
  outer loop
    vertex 4.995779340541805 -4.897365528796489 2.530488934194568
    vertex 4.963677271782564 -4.700855419640549 3
    vertex 4.846420721263929 -4.399698740645094 2.62608850885595
  endloop
endfacet
facet normal 0.745849 0.660765 -0.0842566
  outer loop
    vertex 2.643179967933488 -5.580903965054711 3
    vertex 3.039919066586056 -6.028729832367071 3
    vertex 2.760409078028744 -5.763681744676458 2.604329255927594
  endloop
endfacet
facet normal 0.74571 -0.660641 0.0864296
  outer loop
    vertex 2.643179967933487 -4.419096034945291 1.6
    vertex 3.039919066586053 -3.971270167632931 1.6
    vertex 2.814361564786123 -4.171096677199007 2.018685294571605
  endloop
endfacet
facet normal 0.986769 0.162133 -0
  outer loop
    vertex 2.5 -5 2.066666666666666
    vertex 2.5 -5 2.533333333333333
    vertex 2.565717470386887 -5.399968611334898 2.302705721589182
  endloop
endfacet
facet normal 0.986847 -0.161658 0
  outer loop
    vertex 2.5 -5 2.533333333333333
    vertex 2.5 -5 2.066666666666666
    vertex 2.565333333333333 -4.601170601774532 2.299999999999999
  endloop
endfacet
facet normal 0.892353 -0.44781 0.0563149
  outer loop
    vertex 2.760524838862015 -4.236168274100272 2.595202158197145
    vertex 2.643179967933487 -4.419096034945291 3
    vertex 2.554937009593074 -4.633497000067318 2.693383477688366
  endloop
endfacet
facet normal 0.875846 0.477772 -0.0680282
  outer loop
    vertex 2.814361564786124 -5.828903322800994 2.062183625658423
    vertex 2.643179967933488 -5.580903965054711 1.6
    vertex 2.560237986825907 -5.383361907351173 1.919510491989986
  endloop
endfacet
facet normal 0.886584 -0.462339 -0.0145622
  outer loop
    vertex 2.565333333333333 -4.601170601774532 2.299999999999999
    vertex 2.760524838862015 -4.236168274100272 2.595202158197145
    vertex 2.554937009593074 -4.633497000067318 2.693383477688366
  endloop
endfacet
facet normal 0.867337 0.497638 0.0091639
  outer loop
    vertex 2.565717470386887 -5.399968611334898 2.302705721589182
    vertex 2.814361564786124 -5.828903322800994 2.062183625658423
    vertex 2.560237986825907 -5.383361907351173 1.919510491989986
  endloop
endfacet
facet normal 0.555541 0.826985 -0.0864311
  outer loop
    vertex 3.039919066586056 -6.028729832367071 1.6
    vertex 2.814361564786124 -5.828903322800994 2.062183625658423
    vertex 3.30575943064202 -6.168396472322858 1.97235533917626
  endloop
endfacet
facet normal 0.88661 0.462279 -0.0148489
  outer loop
    vertex 2.760409078028744 -5.763681744676458 2.604329255927594
    vertex 2.565717470386887 -5.399968611334898 2.302705721589182
    vertex 2.555059341222391 -5.366901651672672 2.695768073699549
  endloop
endfacet
facet normal 0.867601 -0.497198 0.0079107
  outer loop
    vertex 2.814361564786123 -4.171096677199007 2.018685294571605
    vertex 2.565333333333333 -4.601170601774532 2.299999999999999
    vertex 2.56051098633592 -4.615791871022417 1.909922429297469
  endloop
endfacet
facet normal -0.880657 0.462204 0.103975
  outer loop
    vertex 4.963677271782566 -5.299144580359443 1.6
    vertex 4.685638435213878 -5.828903322800992 1.6
    vertex 4.867586687880056 -5.559910702767223 1.94531746835397
  endloop
endfacet
facet normal -0.566525 0.820753 -0.0735844
  outer loop
    vertex 4.193256108803173 -6.168770303356768 3
    vertex 4.685638435213878 -5.828903322800992 3
    vertex 4.387026349279875 -6.075498689131305 2.548509190148192
  endloop
endfacet
facet normal -0.881351 -0.462569 -0.0961765
  outer loop
    vertex 4.963677271782564 -4.700855419640549 3
    vertex 4.685638435213873 -4.171096677199002 3
    vertex 4.846420721263929 -4.399698740645094 2.62608850885595
  endloop
endfacet
facet normal -0.119964 0.987994 -0.0973519
  outer loop
    vertex 3.599329149680849 -6.240886092622568 3
    vertex 4.193256108803173 -6.168770303356768 3
    vertex 3.882662716184106 -6.242940305780875 2.630008252417634
  endloop
endfacet
facet normal -0.120002 -0.988302 -0.0941189
  outer loop
    vertex 4.193256108803165 -3.83122969664323 3
    vertex 3.599329149680843 -3.759113907377433 3
    vertex 3.900670850319151 -3.759113907377432 2.615789360206657
  endloop
endfacet
facet normal 0.352841 -0.930365 0.0996222
  outer loop
    vertex 3.039919066586053 -3.971270167632931 1.6
    vertex 3.599329149680843 -3.759113907377433 1.6
    vertex 3.305332415334914 -3.831765974152388 1.962781980849668
  endloop
endfacet
facet normal 0.35293 0.930599 0.0970866
  outer loop
    vertex 3.599329149680849 -6.240886092622568 1.6
    vertex 3.039919066586056 -6.028729832367071 1.6
    vertex 3.30575943064202 -6.168396472322858 1.97235533917626
  endloop
endfacet
facet normal -0.565543 -0.819331 0.0941189
  outer loop
    vertex 4.193256108803165 -3.83122969664323 1.6
    vertex 4.685638435213873 -4.171096677199002 1.6
    vertex 4.46008093341394 -3.971270167632926 1.984210639793224
  endloop
endfacet
facet normal -0.997139 -2.96057e-15 0.0755857
  outer loop
    vertex 4.963677271782564 -4.700855419640549 1.6
    vertex 4.963677271782566 -5.299144580359443 1.6
    vertex 4.997291535528558 -5.082242479284199 2.04344481083066
  endloop
endfacet
facet normal 0.891971 0.448471 0.057104
  outer loop
    vertex 2.643179967933488 -5.580903965054711 3
    vertex 2.760409078028744 -5.763681744676458 2.604329255927594
    vertex 2.555059341222391 -5.366901651672672 2.695768073699549
  endloop
endfacet
facet normal 0.559025 -0.824018 -0.0921178
  outer loop
    vertex 2.814361564786123 -4.171096677199007 2.018685294571605
    vertex 3.039919066586053 -3.971270167632931 1.6
    vertex 3.305332415334914 -3.831765974152388 1.962781980849668
  endloop
endfacet
facet normal 0.873699 -0.481069 -0.072265
  outer loop
    vertex 2.643179967933487 -4.419096034945291 1.6
    vertex 2.814361564786123 -4.171096677199007 2.018685294571605
    vertex 2.56051098633592 -4.615791871022417 1.909922429297469
  endloop
endfacet
facet normal -0.30486 0.950146 0.0654475
  outer loop
    vertex 4.193256108803173 -6.168770303356768 3
    vertex 4.387026349279875 -6.075498689131305 2.548509190148192
    vertex 3.882662716184106 -6.242940305780875 2.630008252417634
  endloop
endfacet
facet normal -0.960035 0.273186 -0.0608503
  outer loop
    vertex 4.963677271782566 -5.299144580359443 1.6
    vertex 4.867586687880056 -5.559910702767223 1.94531746835397
    vertex 4.997291535528558 -5.082242479284199 2.04344481083066
  endloop
endfacet
facet normal 0.872484 -0.487929 0.0264022
  outer loop
    vertex 2.760524838862015 -4.236168274100272 2.595202158197145
    vertex 2.565333333333333 -4.601170601774532 2.299999999999999
    vertex 2.814361564786123 -4.171096677199007 2.018685294571605
  endloop
endfacet
facet normal 0.871509 0.489589 0.0278308
  outer loop
    vertex 2.814361564786124 -5.828903322800994 2.062183625658423
    vertex 2.565717470386887 -5.399968611334898 2.302705721589182
    vertex 2.760409078028744 -5.763681744676458 2.604329255927594
  endloop
endfacet
facet normal 0.987824 -0.155578 0
  outer loop
    vertex 2.5 -5 2.066666666666666
    vertex 2.5 -5 1.6
    vertex 2.56051098633592 -4.615791871022417 1.909922429297469
  endloop
endfacet
facet normal 0.988927 0.148404 -0
  outer loop
    vertex 2.5 -5 2.533333333333333
    vertex 2.5 -5 3
    vertex 2.555059341222391 -5.366901651672672 2.695768073699549
  endloop
endfacet
facet normal 0.988952 -0.148239 0
  outer loop
    vertex 2.5 -5 3
    vertex 2.5 -5 2.533333333333333
    vertex 2.554937009593074 -4.633497000067318 2.693383477688366
  endloop
endfacet
facet normal 0.987879 0.155226 -0
  outer loop
    vertex 2.5 -5 1.6
    vertex 2.5 -5 2.066666666666666
    vertex 2.560237986825907 -5.383361907351173 1.919510491989986
  endloop
endfacet
facet normal 0.987918 0.154363 0.013802
  outer loop
    vertex 2.565717470386887 -5.399968611334898 2.302705721589182
    vertex 2.5 -5 2.533333333333333
    vertex 2.555059341222391 -5.366901651672672 2.695768073699549
  endloop
endfacet
facet normal 0.987984 -0.153971 0.0134578
  outer loop
    vertex 2.5 -5 2.533333333333333
    vertex 2.565333333333333 -4.601170601774532 2.299999999999999
    vertex 2.554937009593074 -4.633497000067318 2.693383477688366
  endloop
endfacet
facet normal 0.987407 -0.158075 -0.00628174
  outer loop
    vertex 2.565333333333333 -4.601170601774532 2.299999999999999
    vertex 2.5 -5 2.066666666666666
    vertex 2.56051098633592 -4.615791871022417 1.909922429297469
  endloop
endfacet
facet normal 0.987421 0.157947 -0.00727458
  outer loop
    vertex 2.5 -5 2.066666666666666
    vertex 2.565717470386887 -5.399968611334898 2.302705721589182
    vertex 2.560237986825907 -5.383361907351173 1.919510491989986
  endloop
endfacet
facet normal 0 0 1
  outer loop
    vertex 4.193256108803173 -6.168770303356768 1.6
    vertex 4.145113832939712 -5.572421210032727 1.6
    vertex 3.599329149680849 -6.240886092622568 1.6
  endloop
endfacet
facet normal 0 0 1
  outer loop
    vertex 4.963677271782566 -5.299144580359443 1.6
    vertex 4.145113832939712 -5.572421210032727 1.6
    vertex 4.685638435213878 -5.828903322800992 1.6
  endloop
endfacet
facet normal 0 0 1
  outer loop
    vertex 4.426471862328894 -5.026925375550763 1.6
    vertex 4.145113832939712 -5.572421210032727 1.6
    vertex 4.963677271782566 -5.299144580359443 1.6
  endloop
endfacet
facet normal 0 -0 1
  outer loop
    vertex 3.599329149680849 -6.240886092622568 1.6
    vertex 4.145113832939712 -5.572421210032727 1.6
    vertex 3.512043800879476 -5.649363393922593 1.6
  endloop
endfacet
facet normal 0 0 1
  outer loop
    vertex 3.836480891472052 -4.308794059290819 1.6
    vertex 3.322997722652781 -4.383473853656948 1.6
    vertex 3.714214209982391 -4.955445125801854 1.6
  endloop
endfacet
facet normal 0 0 1
  outer loop
    vertex 3.714214209982391 -4.955445125801854 1.6
    vertex 4.303507696799285 -4.509634970299207 1.6
    vertex 3.836480891472052 -4.308794059290819 1.6
  endloop
endfacet
facet normal 0 0 1
  outer loop
    vertex 3.714214209982391 -4.955445125801854 1.6
    vertex 3.322997722652781 -4.383473853656948 1.6
    vertex 3.064943133618923 -4.841348121614318 1.6
  endloop
endfacet
facet normal 0 0 1
  outer loop
    vertex 4.426471862328894 -5.026925375550763 1.6
    vertex 4.303507696799285 -4.509634970299207 1.6
    vertex 3.714214209982391 -4.955445125801854 1.6
  endloop
endfacet
facet normal 0 0 1
  outer loop
    vertex 3.064943133618923 -4.841348121614318 1.6
    vertex 3.091013929380815 -5.343387047368932 1.6
    vertex 3.714214209982391 -4.955445125801854 1.6
  endloop
endfacet
facet normal 0 0 1
  outer loop
    vertex 4.426471862328894 -5.026925375550763 1.6
    vertex 3.714214209982391 -4.955445125801854 1.6
    vertex 4.145113832939712 -5.572421210032727 1.6
  endloop
endfacet
facet normal 0 0 1
  outer loop
    vertex 4.145113832939712 -5.572421210032727 1.6
    vertex 3.714214209982391 -4.955445125801854 1.6
    vertex 3.512043800879476 -5.649363393922593 1.6
  endloop
endfacet
facet normal 0 -0 1
  outer loop
    vertex 2.643179967933488 -5.580903965054711 1.6
    vertex 3.091013929380815 -5.343387047368932 1.6
    vertex 2.5 -5 1.6
  endloop
endfacet
facet normal 0 -0 1
  outer loop
    vertex 3.039919066586056 -6.028729832367071 1.6
    vertex 3.091013929380815 -5.343387047368932 1.6
    vertex 2.643179967933488 -5.580903965054711 1.6
  endloop
endfacet
facet normal -0 0 1
  outer loop
    vertex 3.039919066586053 -3.971270167632931 1.6
    vertex 3.322997722652781 -4.383473853656948 1.6
    vertex 3.599329149680843 -3.759113907377433 1.6
  endloop
endfacet
facet normal 0 0 1
  outer loop
    vertex 2.643179967933487 -4.419096034945291 1.6
    vertex 3.322997722652781 -4.383473853656948 1.6
    vertex 3.039919066586053 -3.971270167632931 1.6
  endloop
endfacet
facet normal 0 0 1
  outer loop
    vertex 4.193256108803165 -3.83122969664323 1.6
    vertex 4.303507696799285 -4.509634970299207 1.6
    vertex 4.685638435213873 -4.171096677199002 1.6
  endloop
endfacet
facet normal 0 0 1
  outer loop
    vertex 4.685638435213873 -4.171096677199002 1.6
    vertex 4.303507696799285 -4.509634970299207 1.6
    vertex 4.963677271782564 -4.700855419640549 1.6
  endloop
endfacet
facet normal 0 0 1
  outer loop
    vertex 3.714214209982391 -4.955445125801854 1.6
    vertex 3.091013929380815 -5.343387047368932 1.6
    vertex 3.512043800879476 -5.649363393922593 1.6
  endloop
endfacet
facet normal 0 0 1
  outer loop
    vertex 3.599329149680849 -6.240886092622568 1.6
    vertex 3.512043800879476 -5.649363393922593 1.6
    vertex 3.039919066586056 -6.028729832367071 1.6
  endloop
endfacet
facet normal 0 0 1
  outer loop
    vertex 4.963677271782564 -4.700855419640549 1.6
    vertex 4.426471862328894 -5.026925375550763 1.6
    vertex 4.963677271782566 -5.299144580359443 1.6
  endloop
endfacet
facet normal 0 0 1
  outer loop
    vertex 4.685638435213878 -5.828903322800992 1.6
    vertex 4.145113832939712 -5.572421210032727 1.6
    vertex 4.193256108803173 -6.168770303356768 1.6
  endloop
endfacet
facet normal 0 0 1
  outer loop
    vertex 2.5 -5 1.6
    vertex 3.064943133618923 -4.841348121614318 1.6
    vertex 2.643179967933487 -4.419096034945291 1.6
  endloop
endfacet
facet normal 0 0 1
  outer loop
    vertex 3.599329149680843 -3.759113907377433 1.6
    vertex 3.836480891472052 -4.308794059290819 1.6
    vertex 4.193256108803165 -3.83122969664323 1.6
  endloop
endfacet
facet normal -0 0 1
  outer loop
    vertex 3.836480891472052 -4.308794059290819 1.6
    vertex 4.303507696799285 -4.509634970299207 1.6
    vertex 4.193256108803165 -3.83122969664323 1.6
  endloop
endfacet
facet normal 0 0 1
  outer loop
    vertex 3.512043800879476 -5.649363393922593 1.6
    vertex 3.091013929380815 -5.343387047368932 1.6
    vertex 3.039919066586056 -6.028729832367071 1.6
  endloop
endfacet
facet normal -0 0 1
  outer loop
    vertex 2.5 -5 1.6
    vertex 3.091013929380815 -5.343387047368932 1.6
    vertex 3.064943133618923 -4.841348121614318 1.6
  endloop
endfacet
facet normal 0 0 1
  outer loop
    vertex 4.963677271782564 -4.700855419640549 1.6
    vertex 4.303507696799285 -4.509634970299207 1.6
    vertex 4.426471862328894 -5.026925375550763 1.6
  endloop
endfacet
facet normal 0 0 1
  outer loop
    vertex 3.599329149680843 -3.759113907377433 1.6
    vertex 3.322997722652781 -4.383473853656948 1.6
    vertex 3.836480891472052 -4.308794059290819 1.6
  endloop
endfacet
facet normal 0 -0 1
  outer loop
    vertex 3.064943133618923 -4.841348121614318 1.6
    vertex 3.322997722652781 -4.383473853656948 1.6
    vertex 2.643179967933487 -4.419096034945291 1.6
  endloop
endfacet
facet normal 0 0 -1
  outer loop
    vertex 3.566648337673599 -4.353903823757051 1
    vertex 4.109016953667291 -3.829491195306875 1
    vertex 4.330892823166642 -4.587197278111316 1
  endloop
endfacet
facet normal -0 0 -1
  outer loop
    vertex 5.279823889055091 -6.005812468540579 1
    vertex 4.88006308068235 -6.51252873977416 1
    vertex 4.746654867883578 -5.67087523453135 1
  endloop
endfacet
facet normal 0 0 -1
  outer loop
    vertex 4.109016953667291 -3.829491195306875 1
    vertex 4.695053447710085 -4.104317537292488 1
    vertex 4.330892823166642 -4.587197278111316 1
  endloop
endfacet
facet normal 0 0 -1
  outer loop
    vertex 4.88006308068235 -6.51252873977416 1
    vertex 4.369466734206559 -6.154744877419064 1
    vertex 4.746654867883578 -5.67087523453135 1
  endloop
endfacet
facet normal -0 0 -1
  outer loop
    vertex 4.109016953667291 -3.829491195306875 1
    vertex 3.566648337673599 -4.353903823757051 1
    vertex 3.559546169896132 -3.682299287214302 1
  endloop
endfacet
facet normal 0 0 -1
  outer loop
    vertex 4.885580394415976 -5.040518915830347 1
    vertex 4.330892823166642 -4.587197278111316 1
    vertex 4.939906267611496 -4.510135051244002 1
  endloop
endfacet
facet normal 0 0 -1
  outer loop
    vertex 3.566648337673599 -4.353903823757051 1
    vertex 3.130533266003937 -3.845255123032727 1
    vertex 3.559546169896132 -3.682299287214302 1
  endloop
endfacet
facet normal 0 0 -1
  outer loop
    vertex 3.498725647887609 -6.197918332922342 1
    vertex 3.331838974660755 -5.537480383943838 1
    vertex 3.998331468546421 -5.74425560603011 1
  endloop
endfacet
facet normal 0 -0 -1
  outer loop
    vertex 4.330892823166642 -4.587197278111316 1
    vertex 4.885580394415976 -5.040518915830347 1
    vertex 4.330508600877989 -5.199529627211161 1
  endloop
endfacet
facet normal 0 0 -1
  outer loop
    vertex 3.498725647887609 -6.197918332922342 1
    vertex 3.998331468546421 -5.74425560603011 1
    vertex 3.964549003150942 -6.432115944514538 1
  endloop
endfacet
facet normal 0 0 -1
  outer loop
    vertex 2.53116723801305 -6.44083198251058 1
    vertex 2.165892166118843 -5.909264385909556 1
    vertex 2.929072068354397 -6.008649982114759 1
  endloop
endfacet
facet normal 0 0 -1
  outer loop
    vertex 2.656373487782144 -5.487207728108939 1
    vertex 3.120704199792316 -4.89389428191078 1
    vertex 3.331838974660755 -5.537480383943838 1
  endloop
endfacet
facet normal 0 0 -1
  outer loop
    vertex 4.695053447710085 -4.104317537292488 1
    vertex 4.109016953667291 -3.829491195306875 1
    vertex 4.548997700346993 -3.687848442194071 1
  endloop
endfacet
facet normal 0 0 -1
  outer loop
    vertex 3.076912361976429 -6.741582981312551 1
    vertex 2.53116723801305 -6.44083198251058 1
    vertex 2.929072068354397 -6.008649982114759 1
  endloop
endfacet
facet normal 0 0 -1
  outer loop
    vertex 2.165892166118843 -5.909264385909556 1
    vertex 2.656373487782144 -5.487207728108939 1
    vertex 2.929072068354397 -6.008649982114759 1
  endloop
endfacet
facet normal 0 0 -1
  outer loop
    vertex 4.369466734206559 -6.154744877419064 1
    vertex 3.998331468546421 -5.74425560603011 1
    vertex 4.746654867883578 -5.67087523453135 1
  endloop
endfacet
facet normal 0 0 -1
  outer loop
    vertex 3.998331468546421 -5.74425560603011 1
    vertex 4.330508600877989 -5.199529627211161 1
    vertex 4.746654867883578 -5.67087523453135 1
  endloop
endfacet
facet normal -0 0 -1
  outer loop
    vertex 3.498725647887609 -6.197918332922342 1
    vertex 3.076912361976429 -6.741582981312551 1
    vertex 2.929072068354397 -6.008649982114759 1
  endloop
endfacet
facet normal 0 0 -1
  outer loop
    vertex 5.439523686019061 -5.377946391882229 1
    vertex 5.279823889055091 -6.005812468540579 1
    vertex 4.746654867883578 -5.67087523453135 1
  endloop
endfacet
facet normal 0 0 -1
  outer loop
    vertex 4.330892823166642 -4.587197278111316 1
    vertex 4.695053447710085 -4.104317537292488 1
    vertex 4.939906267611496 -4.510135051244002 1
  endloop
endfacet
facet normal 0 -0 -1
  outer loop
    vertex 4.885580394415976 -5.040518915830347 1
    vertex 5.439523686019061 -5.377946391882229 1
    vertex 4.746654867883578 -5.67087523453135 1
  endloop
endfacet
facet normal 0 -0 -1
  outer loop
    vertex 3.998331468546421 -5.74425560603011 1
    vertex 4.369466734206559 -6.154744877419064 1
    vertex 3.964549003150942 -6.432115944514538 1
  endloop
endfacet
facet normal 0 0 -1
  outer loop
    vertex 3.331838974660755 -5.537480383943838 1
    vertex 3.120704199792316 -4.89389428191078 1
    vertex 3.751588514372417 -5.042251134031479 1
  endloop
endfacet
facet normal 0 0 -1
  outer loop
    vertex 2.656373487782144 -5.487207728108939 1
    vertex 2.499224987635834 -4.953887193537941 1
    vertex 3.120704199792316 -4.89389428191078 1
  endloop
endfacet
facet normal 0 0 -1
  outer loop
    vertex 3.751588514372417 -5.042251134031479 1
    vertex 3.120704199792316 -4.89389428191078 1
    vertex 3.566648337673599 -4.353903823757051 1
  endloop
endfacet
facet normal 0 0 -1
  outer loop
    vertex 3.751588514372417 -5.042251134031479 1
    vertex 3.566648337673599 -4.353903823757051 1
    vertex 4.330892823166642 -4.587197278111316 1
  endloop
endfacet
facet normal 0 0 -1
  outer loop
    vertex 5.453896838883617 -4.727905910895392 1
    vertex 5.439523686019061 -5.377946391882229 1
    vertex 4.885580394415976 -5.040518915830347 1
  endloop
endfacet
facet normal 0 -0 -1
  outer loop
    vertex 4.96883276198699 -3.55916801748945 1
    vertex 5.334107833881164 -4.090735614090468 1
    vertex 4.695053447710085 -4.104317537292488 1
  endloop
endfacet
facet normal 0 0 -1
  outer loop
    vertex 2.165892166118843 -5.909264385909556 1
    vertex 2.046103161116387 -5.27209408910463 1
    vertex 2.656373487782144 -5.487207728108939 1
  endloop
endfacet
facet normal 0 0 -1
  outer loop
    vertex 2.06047631398094 -4.622053608117791 1
    vertex 2.220176110944904 -3.994187531459429 1
    vertex 2.616659000831305 -4.453829907308315 1
  endloop
endfacet
facet normal 0 -0 -1
  outer loop
    vertex 3.331838974660755 -5.537480383943838 1
    vertex 3.498725647887609 -6.197918332922342 1
    vertex 2.929072068354397 -6.008649982114759 1
  endloop
endfacet
facet normal 0 0 -1
  outer loop
    vertex 3.331838974660755 -5.537480383943838 1
    vertex 3.751588514372417 -5.042251134031479 1
    vertex 3.998331468546421 -5.74425560603011 1
  endloop
endfacet
facet normal -1.66328e-13 9.14744e-14 -1
  outer loop
    vertex 3.806447285716639 -3.158672509699029 1.000000000000112
    vertex 4.423087638023605 -3.258417018687471 1
    vertex 4.109016953667291 -3.829491195306875 1
  endloop
endfacet
facet normal 1.60928e-13 -1.24859e-13 -1
  outer loop
    vertex 3.693552714283389 -6.841327490300975 1.000000000000112
    vertex 3.076912361976429 -6.741582981312551 1
    vertex 3.498725647887609 -6.197918332922342 1
  endloop
endfacet
facet normal 8.08568e-10 -7.04905e-11 -1
  outer loop
    vertex 2.61993691783516 -3.48747125840653 0.999999999561928
    vertex 3.185085006419195 -3.22417378427583 1.000000000000328
    vertex 3.130533266003937 -3.845255123032727 1
  endloop
endfacet
facet normal -3.49031e-13 -4.98105e-13 -1
  outer loop
    vertex 4.88006308068235 -6.51252873977416 1
    vertex 4.314914993580826 -6.775826215724169 1.000000000000328
    vertex 4.369466734206559 -6.154744877419064 1
  endloop
endfacet
facet normal 0 -0 -1
  outer loop
    vertex 3.130533266003937 -3.845255123032727 1
    vertex 3.566648337673599 -4.353903823757051 1
    vertex 3.072392140619227 -4.30356675148172 1
  endloop
endfacet
facet normal 0 0 -1
  outer loop
    vertex 3.751588514372417 -5.042251134031479 1
    vertex 4.330892823166642 -4.587197278111316 1
    vertex 4.330508600877989 -5.199529627211161 1
  endloop
endfacet
facet normal 0 0 -1
  outer loop
    vertex 2.656373487782144 -5.487207728108939 1
    vertex 3.331838974660755 -5.537480383943838 1
    vertex 2.929072068354397 -6.008649982114759 1
  endloop
endfacet
facet normal 0 0 -1
  outer loop
    vertex 4.330508600877989 -5.199529627211161 1
    vertex 4.885580394415976 -5.040518915830347 1
    vertex 4.746654867883578 -5.67087523453135 1
  endloop
endfacet
facet normal 0 0 -1
  outer loop
    vertex 3.998331468546421 -5.74425560603011 1
    vertex 3.751588514372417 -5.042251134031479 1
    vertex 4.330508600877989 -5.199529627211161 1
  endloop
endfacet
facet normal 0 0 -1
  outer loop
    vertex 2.499224987635834 -4.953887193537941 1
    vertex 2.616659000831305 -4.453829907308315 1
    vertex 3.120704199792316 -4.89389428191078 1
  endloop
endfacet
facet normal 0 0 -1
  outer loop
    vertex 2.046103161116387 -5.27209408910463 1
    vertex 2.06047631398094 -4.622053608117791 1
    vertex 2.499224987635834 -4.953887193537941 1
  endloop
endfacet
facet normal 0 0 -1
  outer loop
    vertex 2.06047631398094 -4.622053608117791 1
    vertex 2.616659000831305 -4.453829907308315 1
    vertex 2.499224987635834 -4.953887193537941 1
  endloop
endfacet
facet normal 0 0 -1
  outer loop
    vertex 2.656373487782144 -5.487207728108939 1
    vertex 2.046103161116387 -5.27209408910463 1
    vertex 2.499224987635834 -4.953887193537941 1
  endloop
endfacet
facet normal 0 -0 -1
  outer loop
    vertex 5.334107833881164 -4.090735614090468 1
    vertex 5.453896838883617 -4.727905910895392 1
    vertex 4.939906267611496 -4.510135051244002 1
  endloop
endfacet
facet normal -0 0 -1
  outer loop
    vertex 3.566648337673599 -4.353903823757051 1
    vertex 3.120704199792316 -4.89389428191078 1
    vertex 3.072392140619227 -4.30356675148172 1
  endloop
endfacet
facet normal 0 0 -1
  outer loop
    vertex 4.695053447710085 -4.104317537292488 1
    vertex 5.334107833881164 -4.090735614090468 1
    vertex 4.939906267611496 -4.510135051244002 1
  endloop
endfacet
facet normal -0 0 -1
  outer loop
    vertex 5.453896838883617 -4.727905910895392 1
    vertex 4.885580394415976 -5.040518915830347 1
    vertex 4.939906267611496 -4.510135051244002 1
  endloop
endfacet
facet normal 0 0 -1
  outer loop
    vertex 3.120704199792316 -4.89389428191078 1
    vertex 2.616659000831305 -4.453829907308315 1
    vertex 3.072392140619227 -4.30356675148172 1
  endloop
endfacet
facet normal 5.73569e-11 -9.09781e-10 -1
  outer loop
    vertex 2.220176110944904 -3.994187531459429 1
    vertex 2.61993691783516 -3.48747125840653 0.999999999561928
    vertex 2.695726030734784 -3.964206619166435 1
  endloop
endfacet
facet normal 4.05881e-13 -5.41727e-13 -1
  outer loop
    vertex 4.314914993580826 -6.775826215724169 1.000000000000328
    vertex 3.693552714283389 -6.841327490300975 1.000000000000112
    vertex 3.964549003150942 -6.432115944514538 1
  endloop
endfacet
facet normal -3.90679e-13 3.97511e-13 -1
  outer loop
    vertex 3.185085006419195 -3.22417378427583 1.000000000000328
    vertex 3.806447285716639 -3.158672509699029 1.000000000000112
    vertex 3.559546169896132 -3.682299287214302 1
  endloop
endfacet
facet normal 5.07303e-14 1.89377e-13 -1
  outer loop
    vertex 3.806447285716639 -3.158672509699029 1.000000000000112
    vertex 4.109016953667291 -3.829491195306875 1
    vertex 3.559546169896132 -3.682299287214302 1
  endloop
endfacet
facet normal -1.02946e-13 -2.04761e-13 -1
  outer loop
    vertex 3.693552714283389 -6.841327490300975 1.000000000000112
    vertex 3.498725647887609 -6.197918332922342 1
    vertex 3.964549003150942 -6.432115944514538 1
  endloop
endfacet
facet normal 0 0 -1
  outer loop
    vertex 2.616659000831305 -4.453829907308315 1
    vertex 2.220176110944904 -3.994187531459429 1
    vertex 2.695726030734784 -3.964206619166435 1
  endloop
endfacet
facet normal 0 0 -1
  outer loop
    vertex 4.96883276198699 -3.55916801748945 1
    vertex 4.695053447710085 -4.104317537292488 1
    vertex 4.548997700346993 -3.687848442194071 1
  endloop
endfacet
facet normal -2.07776e-13 5.47011e-13 -1
  outer loop
    vertex 3.130533266003937 -3.845255123032727 1
    vertex 3.185085006419195 -3.22417378427583 1.000000000000328
    vertex 3.559546169896132 -3.682299287214302 1
  endloop
endfacet
facet normal 3.85393e-13 -5.62612e-13 -1
  outer loop
    vertex 4.369466734206559 -6.154744877419064 1
    vertex 4.314914993580826 -6.775826215724169 1.000000000000328
    vertex 3.964549003150942 -6.432115944514538 1
  endloop
endfacet
facet normal 0 0 -1
  outer loop
    vertex 4.423087638023605 -3.258417018687471 1
    vertex 4.96883276198699 -3.55916801748945 1
    vertex 4.548997700346993 -3.687848442194071 1
  endloop
endfacet
facet normal 0 0 -1
  outer loop
    vertex 4.109016953667291 -3.829491195306875 1
    vertex 4.423087638023605 -3.258417018687471 1
    vertex 4.548997700346993 -3.687848442194071 1
  endloop
endfacet
facet normal 2.40909e-10 -8.80601e-10 -1
  outer loop
    vertex 2.61993691783516 -3.48747125840653 0.999999999561928
    vertex 3.130533266003937 -3.845255123032727 1
    vertex 2.695726030734784 -3.964206619166435 1
  endloop
endfacet
facet normal 0 0 -1
  outer loop
    vertex 2.616659000831305 -4.453829907308315 1
    vertex 2.695726030734784 -3.964206619166435 1
    vertex 3.072392140619227 -4.30356675148172 1
  endloop
endfacet
facet normal 0 0 -1
  outer loop
    vertex 2.695726030734784 -3.964206619166435 1
    vertex 3.130533266003937 -3.845255123032727 1
    vertex 3.072392140619227 -4.30356675148172 1
  endloop
endfacet
facet normal 0.141536 -0.341551 -0.929145
  outer loop
    vertex 2.045621812726903 -2.695650065582011 0.625964947726412
    vertex 2.81389628347394 -2.765664491266297 0.7687323338874132
    vertex 2.31964147504616 -3.09951391643106 0.8161650132402146
  endloop
endfacet
facet normal 0.137155 -0.335473 -0.932012
  outer loop
    vertex 2.31964147504616 -3.09951391643106 0.8161650132402146
    vertex 2.81389628347394 -2.765664491266297 0.7687323338874132
    vertex 2.61993691783516 -3.48747125840653 0.999999999561928
  endloop
endfacet
facet normal -0.156895 -0.314922 -0.93606
  outer loop
    vertex 4.96883276198699 -3.55916801748945 1
    vertex 4.930843902879435 -2.832401328118117 0.7618585197183789
    vertex 5.250764967269835 -3.147409834764549 0.8142153559045737
  endloop
endfacet
facet normal -0.00258733 -0.540242 -0.841506
  outer loop
    vertex 4.011259550554959 -2.193487195811699 0.4565329625245991
    vertex 4.04372320940997 -2.702470823441877 0.7831976021322085
    vertex 3.443878011159433 -2.699198682906384 0.7829412153929565
  endloop
endfacet
facet normal 0.158208 -0.339581 -0.927176
  outer loop
    vertex 2.61993691783516 -3.48747125840653 0.999999999561928
    vertex 2.81389628347394 -2.765664491266297 0.7687323338874132
    vertex 3.185085006419195 -3.22417378427583 1.000000000000328
  endloop
endfacet
facet normal -0.173502 -0.314838 -0.933153
  outer loop
    vertex 4.423087638023605 -3.258417018687471 1
    vertex 4.930843902879435 -2.832401328118117 0.7618585197183789
    vertex 4.96883276198699 -3.55916801748945 1
  endloop
endfacet
facet normal -0.0641132 -0.818191 -0.571361
  outer loop
    vertex 5.643429114238666 -2.278618632368008 0.3828883802718457
    vertex 5.233594579767492 -2.296271011146627 0.4541547325940528
    vertex 5.5 -2 0
  endloop
endfacet
facet normal 0.129705 -0.413979 -0.900998
  outer loop
    vertex 2.411288959125488 -2.383460931511511 0.5351644556762526
    vertex 2.81389628347394 -2.765664491266297 0.7687323338874132
    vertex 2.045621812726903 -2.695650065582011 0.625964947726412
  endloop
endfacet
facet normal 0.0332415 -0.568056 -0.822319
  outer loop
    vertex 3.443878011159433 -2.699198682906384 0.7829412153929565
    vertex 3.391483385312315 -2.154667580884781 0.40466257610769
    vertex 4.011259550554959 -2.193487195811699 0.4565329625245991
  endloop
endfacet
facet normal 0.074471 -0.524549 -0.848117
  outer loop
    vertex 3.443878011159433 -2.699198682906384 0.7829412153929565
    vertex 2.81389628347394 -2.765664491266297 0.7687323338874132
    vertex 2.676329035894762 -2.177727925438028 0.3930218895225343
  endloop
endfacet
facet normal -0.163221 -0.320832 -0.932966
  outer loop
    vertex 5.250764967269835 -3.147409834764549 0.8142153559045737
    vertex 4.930843902879435 -2.832401328118117 0.7618585197183789
    vertex 5.509750608297253 -2.723373659279205 0.623086794908255
  endloop
endfacet
facet normal 0.0317058 -0.568184 -0.822291
  outer loop
    vertex 2.676329035894762 -2.177727925438028 0.3930218895225343
    vertex 3.391483385312315 -2.154667580884781 0.40466257610769
    vertex 3.443878011159433 -2.699198682906384 0.7829412153929565
  endloop
endfacet
facet normal -0.0019507 -0.4284 -0.903587
  outer loop
    vertex 3.443878011159433 -2.699198682906384 0.7829412153929565
    vertex 4.04372320940997 -2.702470823441877 0.7831976021322085
    vertex 3.806447285716639 -3.158672509699029 1.000000000000112
  endloop
endfacet
facet normal -0.131081 -0.436766 -0.889974
  outer loop
    vertex 5.509750608297253 -2.723373659279205 0.623086794908255
    vertex 4.930843902879435 -2.832401328118117 0.7618585197183789
    vertex 5.233594579767492 -2.296271011146627 0.4541547325940528
  endloop
endfacet
facet normal -0.0302195 -0.541244 -0.840322
  outer loop
    vertex 4.011259550554959 -2.193487195811699 0.4565329625245991
    vertex 4.682345394068 -2.22737844816375 0.4542285699192225
    vertex 4.04372320940997 -2.702470823441877 0.7831976021322085
  endloop
endfacet
facet normal 0.0421039 -0.399409 -0.915805
  outer loop
    vertex 3.185085006419195 -3.22417378427583 1.000000000000328
    vertex 3.443878011159433 -2.699198682906384 0.7829412153929565
    vertex 3.806447285716639 -3.158672509699029 1.000000000000112
  endloop
endfacet
facet normal -0.0648041 -0.400632 -0.913945
  outer loop
    vertex 3.806447285716639 -3.158672509699029 1.000000000000112
    vertex 4.04372320940997 -2.702470823441877 0.7831976021322085
    vertex 4.423087638023605 -3.258417018687471 1
  endloop
endfacet
facet normal 0.0635805 -0.407926 -0.910798
  outer loop
    vertex 3.185085006419195 -3.22417378427583 1.000000000000328
    vertex 2.81389628347394 -2.765664491266297 0.7687323338874132
    vertex 3.443878011159433 -2.699198682906384 0.7829412153929565
  endloop
endfacet
facet normal -0.0590578 -0.471613 -0.879826
  outer loop
    vertex 4.930843902879435 -2.832401328118117 0.7618585197183789
    vertex 4.682345394068 -2.22737844816375 0.4542285699192225
    vertex 5.233594579767492 -2.296271011146627 0.4541547325940528
  endloop
endfacet
facet normal -7.11123e-16 -0.934095 -0.357024
  outer loop
    vertex 3.749999999999997 -2 0
    vertex 3.391483385312315 -2.154667580884781 0.40466257610769
    vertex 3.166666666666663 -2 0
  endloop
endfacet
facet normal -0 -0.911167 -0.412038
  outer loop
    vertex 3.166666666666663 -2 0
    vertex 2.676329035894762 -2.177727925438028 0.3930218895225343
    vertex 2.583333333333331 -2 0
  endloop
endfacet
facet normal -0 -0.894219 -0.44763
  outer loop
    vertex 4.916666666666665 -2 0
    vertex 4.682345394068 -2.22737844816375 0.4542285699192225
    vertex 4.333333333333331 -2 0
  endloop
endfacet
facet normal -0 -0.920722 -0.390219
  outer loop
    vertex 4.333333333333331 -2 0
    vertex 4.011259550554959 -2.193487195811699 0.4565329625245991
    vertex 3.749999999999997 -2 0
  endloop
endfacet
facet normal -0.0264124 -0.925742 -0.377232
  outer loop
    vertex 4.011259550554959 -2.193487195811699 0.4565329625245991
    vertex 3.391483385312315 -2.154667580884781 0.40466257610769
    vertex 3.749999999999997 -2 0
  endloop
endfacet
facet normal -0.0286 -0.542998 -0.839247
  outer loop
    vertex 2.676329035894762 -2.177727925438028 0.3930218895225343
    vertex 2.81389628347394 -2.765664491266297 0.7687323338874132
    vertex 2.411288959125488 -2.383460931511511 0.5351644556762526
  endloop
endfacet
facet normal -0.0472545 -0.907282 -0.41786
  outer loop
    vertex 4.333333333333331 -2 0
    vertex 4.682345394068 -2.22737844816375 0.4542285699192225
    vertex 4.011259550554959 -2.193487195811699 0.4565329625245991
  endloop
endfacet
facet normal -0.135547 -0.438961 -0.888223
  outer loop
    vertex 5.509750608297253 -2.723373659279205 0.623086794908255
    vertex 5.233594579767492 -2.296271011146627 0.4541547325940528
    vertex 5.643429114238666 -2.278618632368008 0.3828883802718457
  endloop
endfacet
facet normal 0.152062 -0.436085 -0.886965
  outer loop
    vertex 1.880869746753777 -2.268090668492784 0.3875057027564465
    vertex 2.411288959125488 -2.383460931511511 0.5351644556762526
    vertex 2.045621812726903 -2.695650065582011 0.625964947726412
  endloop
endfacet
facet normal 0.0359709 -0.926663 -0.374168
  outer loop
    vertex 3.166666666666663 -2 0
    vertex 3.391483385312315 -2.154667580884781 0.40466257610769
    vertex 2.676329035894762 -2.177727925438028 0.3930218895225343
  endloop
endfacet
facet normal -0 -0.911167 -0.412038
  outer loop
    vertex 2.583333333333331 -2 0
    vertex 2.676329035894762 -2.177727925438028 0.3930218895225343
    vertex 2 -2 0
  endloop
endfacet
facet normal 0.0983284 -0.832277 -0.545571
  outer loop
    vertex 2 -2 0
    vertex 2.676329035894762 -2.177727925438028 0.3930218895225343
    vertex 1.880869746753777 -2.268090668492784 0.3875057027564465
  endloop
endfacet
facet normal 6.80765e-16 -0.894219 -0.44763
  outer loop
    vertex 5.5 -2 0
    vertex 4.682345394068 -2.22737844816375 0.4542285699192225
    vertex 4.916666666666665 -2 0
  endloop
endfacet
facet normal -0.100711 -0.805217 -0.584365
  outer loop
    vertex 5.233594579767492 -2.296271011146627 0.4541547325940528
    vertex 4.682345394068 -2.22737844816375 0.4542285699192225
    vertex 5.5 -2 0
  endloop
endfacet
facet normal -0.132741 -0.437421 -0.889406
  outer loop
    vertex 4.04372320940997 -2.702470823441877 0.7831976021322085
    vertex 4.682345394068 -2.22737844816375 0.4542285699192225
    vertex 4.423087638023605 -3.258417018687471 1
  endloop
endfacet
facet normal -0.0279507 -0.462157 -0.886357
  outer loop
    vertex 4.423087638023605 -3.258417018687471 1
    vertex 4.682345394068 -2.22737844816375 0.4542285699192225
    vertex 4.930843902879435 -2.832401328118117 0.7618585197183789
  endloop
endfacet
facet normal 0.0771529 -0.632106 -0.771032
  outer loop
    vertex 1.880869746753777 -2.268090668492784 0.3875057027564465
    vertex 2.676329035894762 -2.177727925438028 0.3930218895225343
    vertex 2.411288959125488 -2.383460931511511 0.5351644556762526
  endloop
endfacet
facet normal -0.907482 0 0.420092
  outer loop
    vertex 5.5 -4.400000000000007 0
    vertex 5.669474111070816 -3.655393326591485 0.3660975577973411
    vertex 5.5 -3.800000000000006 0
  endloop
endfacet
facet normal -0.613728 -0.0451973 -0.788223
  outer loop
    vertex 5.180358524954125 -6.90048608356873 0.8161650132402587
    vertex 5.68175128027421 -7.229212109488848 0.4446186544379686
    vertex 5.454378187273094 -7.304349934417977 0.6259649477264149
  endloop
endfacet
facet normal -0.751971 -0.141372 -0.643858
  outer loop
    vertex 5.334107833881164 -4.090735614090468 1
    vertex 5.766678218767731 -4.168522262624361 0.5118745230752864
    vertex 5.453896838883617 -4.727905910895392 1
  endloop
endfacet
facet normal -0.877258 0.0770874 -0.473789
  outer loop
    vertex 5.766678218767731 -4.168522262624361 0.5118745230752864
    vertex 5.74316629224578 -4.720419635866274 0.4656128364988185
    vertex 5.453896838883617 -4.727905910895392 1
  endloop
endfacet
facet normal -0.735455 -0.310425 -0.602282
  outer loop
    vertex 5.334107833881164 -4.090735614090468 1
    vertex 5.669474111070816 -3.655393326591485 0.3660975577973411
    vertex 5.766678218767731 -4.168522262624361 0.5118745230752864
  endloop
endfacet
facet normal -0.874118 0.0193278 -0.485328
  outer loop
    vertex 5.453896838883617 -4.727905910895392 1
    vertex 5.740821915768128 -5.300000000000005 0.4604397950718033
    vertex 5.439523686019061 -5.377946391882229 1
  endloop
endfacet
facet normal -0.879442 0.00780532 -0.475942
  outer loop
    vertex 5.453896838883617 -4.727905910895392 1
    vertex 5.74316629224578 -4.720419635866274 0.4656128364988185
    vertex 5.740821915768128 -5.300000000000005 0.4604397950718033
  endloop
endfacet
facet normal -0.923331 0 0.384005
  outer loop
    vertex 5.5 -6.200000000000004 0
    vertex 5.638323359010179 -6.213739185780593 0.332595758223621
    vertex 5.5 -5.600000000000005 0
  endloop
endfacet
facet normal -0.95585 0 0.293855
  outer loop
    vertex 5.5 -7.400000000000001 0
    vertex 5.5 -8 0
    vertex 5.619130253246225 -7.731909331507213 0.3875057027564551
  endloop
endfacet
facet normal -0.880333 -0.0323166 0.473253
  outer loop
    vertex 5.766678218767731 -4.168522262624361 0.5118745230752864
    vertex 5.669474111070816 -3.655393326591485 0.3660975577973411
    vertex 5.5 -4.400000000000007 0
  endloop
endfacet
facet normal -0.936453 0 0.350793
  outer loop
    vertex 5.5 -2 0
    vertex 5.5 -2.600000000000002 0
    vertex 5.643429114238666 -2.278618632368008 0.3828883802718457
  endloop
endfacet
facet normal -0.917578 -0.058907 0.393167
  outer loop
    vertex 5.5 -2.600000000000002 0
    vertex 5.70716230644355 -2.900000000000011 0.4385300179231059
    vertex 5.643429114238666 -2.278618632368008 0.3828883802718457
  endloop
endfacet
facet normal -0.444903 0.282111 -0.849985
  outer loop
    vertex 5.683632220329433 -6.679898894667147 0.6259521778082839
    vertex 5.68175128027421 -7.229212109488848 0.4446186544379686
    vertex 5.180358524954125 -6.90048608356873 0.8161650132402587
  endloop
endfacet
facet normal -0.925648 0 0.378386
  outer loop
    vertex 5.5 -7.400000000000001 0
    vertex 5.68175128027421 -7.229212109488848 0.4446186544379686
    vertex 5.5 -6.800000000000002 0
  endloop
endfacet
facet normal -0.561549 0.142832 -0.815023
  outer loop
    vertex 5.439523686019061 -5.377946391882229 1
    vertex 5.724056789932344 -5.937681974675833 0.7058642613368586
    vertex 5.279823889055091 -6.005812468540579 1
  endloop
endfacet
facet normal -0.960655 0.0749325 0.267445
  outer loop
    vertex 5.683632220329433 -6.679898894667147 0.6259521778082839
    vertex 5.638323359010179 -6.213739185780593 0.332595758223621
    vertex 5.5 -6.800000000000002 0
  endloop
endfacet
facet normal -0.904186 0 0.427139
  outer loop
    vertex 5.5 -3.200000000000004 0
    vertex 5.70716230644355 -2.900000000000011 0.4385300179231059
    vertex 5.5 -2.600000000000002 0
  endloop
endfacet
facet normal -0.653215 0.0587019 -0.754893
  outer loop
    vertex 5.509750608297253 -2.723373659279205 0.623086794908255
    vertex 5.70716230644355 -2.900000000000011 0.4385300179231059
    vertex 5.250764967269835 -3.147409834764549 0.8142153559045737
  endloop
endfacet
facet normal -0.738402 -0.134901 -0.66073
  outer loop
    vertex 5.643429114238666 -2.278618632368008 0.3828883802718457
    vertex 5.70716230644355 -2.900000000000011 0.4385300179231059
    vertex 5.509750608297253 -2.723373659279205 0.623086794908255
  endloop
endfacet
facet normal -0.886117 0 0.463462
  outer loop
    vertex 5.5 -5.600000000000005 0
    vertex 5.740821915768128 -5.300000000000005 0.4604397950718033
    vertex 5.5 -5.000000000000007 0
  endloop
endfacet
facet normal -0.886399 0 0.462922
  outer loop
    vertex 5.5 -5.000000000000007 0
    vertex 5.74316629224578 -4.720419635866274 0.4656128364988185
    vertex 5.5 -4.400000000000007 0
  endloop
endfacet
facet normal -0.886677 -0.000984658 0.462389
  outer loop
    vertex 5.5 -4.400000000000007 0
    vertex 5.74316629224578 -4.720419635866274 0.4656128364988185
    vertex 5.766678218767731 -4.168522262624361 0.5118745230752864
  endloop
endfacet
facet normal -0.886264 -0.000549223 0.463181
  outer loop
    vertex 5.740821915768128 -5.300000000000005 0.4604397950718033
    vertex 5.74316629224578 -4.720419635866274 0.4656128364988185
    vertex 5.5 -5.000000000000007 0
  endloop
endfacet
facet normal -0.950184 -0.0947669 0.296933
  outer loop
    vertex 5.5 -6.800000000000002 0
    vertex 5.68175128027421 -7.229212109488848 0.4446186544379686
    vertex 5.683632220329433 -6.679898894667147 0.6259521778082839
  endloop
endfacet
facet normal -0.285888 -0.196453 -0.93791
  outer loop
    vertex 4.96883276198699 -3.55916801748945 1
    vertex 5.336731246589283 -3.55825906245184 0.8876688954502349
    vertex 5.334107833881164 -4.090735614090468 1
  endloop
endfacet
facet normal -0.849787 -0.169729 -0.499053
  outer loop
    vertex 5.740821915768128 -5.300000000000005 0.4604397950718033
    vertex 5.724056789932344 -5.937681974675833 0.7058642613368586
    vertex 5.439523686019061 -5.377946391882229 1
  endloop
endfacet
facet normal -0.932868 0.0762083 0.352065
  outer loop
    vertex 5.619130253246225 -7.731909331507213 0.3875057027564551
    vertex 5.68175128027421 -7.229212109488848 0.4446186544379686
    vertex 5.5 -7.400000000000001 0
  endloop
endfacet
facet normal -0.944478 -0.0998273 0.313042
  outer loop
    vertex 5.5 -3.200000000000004 0
    vertex 5.669474111070816 -3.655393326591485 0.3660975577973411
    vertex 5.70555598057778 -3.237272642105368 0.60829635440258
  endloop
endfacet
facet normal -0.44242 -0.401528 -0.801898
  outer loop
    vertex 5.250764967269835 -3.147409834764549 0.8142153559045737
    vertex 5.70716230644355 -2.900000000000011 0.4385300179231059
    vertex 5.70555598057778 -3.237272642105368 0.60829635440258
  endloop
endfacet
facet normal -0.923331 0 0.384005
  outer loop
    vertex 5.5 -6.800000000000002 0
    vertex 5.638323359010179 -6.213739185780593 0.332595758223621
    vertex 5.5 -6.200000000000004 0
  endloop
endfacet
facet normal -0.283956 -0.22601 -0.93182
  outer loop
    vertex 5.250764967269835 -3.147409834764549 0.8142153559045737
    vertex 5.336731246589283 -3.55825906245184 0.8876688954502349
    vertex 4.96883276198699 -3.55916801748945 1
  endloop
endfacet
facet normal -0.992711 -0.116323 -0.031519
  outer loop
    vertex 5.626017607083256 -6.226073680153475 0.7656946412498579
    vertex 5.638323359010179 -6.213739185780593 0.332595758223621
    vertex 5.683632220329433 -6.679898894667147 0.6259521778082839
  endloop
endfacet
facet normal -0.439736 -0.24642 -0.86366
  outer loop
    vertex 5.70555598057778 -3.237272642105368 0.60829635440258
    vertex 5.336731246589283 -3.55825906245184 0.8876688954502349
    vertex 5.250764967269835 -3.147409834764549 0.8142153559045737
  endloop
endfacet
facet normal -0.553657 0.0154832 -0.832601
  outer loop
    vertex 5.724056789932344 -5.937681974675833 0.7058642613368586
    vertex 5.626017607083256 -6.226073680153475 0.7656946412498579
    vertex 5.279823889055091 -6.005812468540579 1
  endloop
endfacet
facet normal -0.930752 0.167926 0.32481
  outer loop
    vertex 5.70555598057778 -3.237272642105368 0.60829635440258
    vertex 5.70716230644355 -2.900000000000011 0.4385300179231059
    vertex 5.5 -3.200000000000004 0
  endloop
endfacet
facet normal -0.907482 0 0.420092
  outer loop
    vertex 5.5 -3.800000000000006 0
    vertex 5.669474111070816 -3.655393326591485 0.3660975577973411
    vertex 5.5 -3.200000000000004 0
  endloop
endfacet
facet normal -0.647759 0.165188 -0.743721
  outer loop
    vertex 5.454378187273094 -7.304349934417977 0.6259649477264149
    vertex 5.68175128027421 -7.229212109488848 0.4446186544379686
    vertex 5.619130253246225 -7.731909331507213 0.3875057027564551
  endloop
endfacet
facet normal -0.947759 0.318487 -0.0178585
  outer loop
    vertex 5.724056789932344 -5.937681974675833 0.7058642613368586
    vertex 5.638323359010179 -6.213739185780593 0.332595758223621
    vertex 5.626017607083256 -6.226073680153475 0.7656946412498579
  endloop
endfacet
facet normal -0.282821 0.223124 -0.93286
  outer loop
    vertex 4.88006308068235 -6.51252873977416 1
    vertex 5.279823889055091 -6.005812468540579 1
    vertex 5.180358524954125 -6.90048608356873 0.8161650132402587
  endloop
endfacet
facet normal -0.429893 0.227337 -0.87379
  outer loop
    vertex 5.279823889055091 -6.005812468540579 1
    vertex 5.683632220329433 -6.679898894667147 0.6259521778082839
    vertex 5.180358524954125 -6.90048608356873 0.8161650132402587
  endloop
endfacet
facet normal -0.453286 0.209254 -0.866455
  outer loop
    vertex 5.279823889055091 -6.005812468540579 1
    vertex 5.626017607083256 -6.226073680153475 0.7656946412498579
    vertex 5.683632220329433 -6.679898894667147 0.6259521778082839
  endloop
endfacet
facet normal -0.491419 -0.177454 -0.852653
  outer loop
    vertex 5.334107833881164 -4.090735614090468 1
    vertex 5.336731246589283 -3.55825906245184 0.8876688954502349
    vertex 5.70555598057778 -3.237272642105368 0.60829635440258
  endloop
endfacet
facet normal -0.915967 0.257364 -0.307844
  outer loop
    vertex 5.70555598057778 -3.237272642105368 0.60829635440258
    vertex 5.669474111070816 -3.655393326591485 0.3660975577973411
    vertex 5.334107833881164 -4.090735614090468 1
  endloop
endfacet
facet normal -0.895526 0.0384254 0.443347
  outer loop
    vertex 5.5 -5.600000000000005 0
    vertex 5.638323359010179 -6.213739185780593 0.332595758223621
    vertex 5.740821915768128 -5.300000000000005 0.4604397950718033
  endloop
endfacet
facet normal -0.983063 0.0877651 0.160885
  outer loop
    vertex 5.740821915768128 -5.300000000000005 0.4604397950718033
    vertex 5.638323359010179 -6.213739185780593 0.332595758223621
    vertex 5.724056789932344 -5.937681974675833 0.7058642613368586
  endloop
endfacet
facet normal -0.035333 0.511934 -0.858298
  outer loop
    vertex 4.066663009071928 -7.791694584857385 0.4760369423554414
    vertex 4.6001348629045 -7.291163440893069 0.7526186210395631
    vertex 4.625 -7.784904681155796 0.4571021080072306
  endloop
endfacet
facet normal -0.052474 0.525247 -0.84933
  outer loop
    vertex 3.973154099725212 -7.303760166471012 0.7835651113345286
    vertex 4.6001348629045 -7.291163440893069 0.7526186210395631
    vertex 4.066663009071928 -7.791694584857385 0.4760369423554414
  endloop
endfacet
facet normal 0.0653954 0.526277 -0.847795
  outer loop
    vertex 2.772287603162633 -7.796360200237853 0.4237476649673005
    vertex 2.892133868948901 -7.275483521515575 0.7563313425698766
    vertex 3.404267787854519 -7.777883550684602 0.4839655711176469
  endloop
endfacet
facet normal 0.0321334 0.506075 -0.861891
  outer loop
    vertex 3.417587519027404 -7.153604049148035 0.8510190814038527
    vertex 3.973154099725212 -7.303760166471012 0.7835651113345286
    vertex 3.404267787854519 -7.777883550684602 0.4839655711176469
  endloop
endfacet
facet normal -0.163868 0.351731 -0.921647
  outer loop
    vertex 4.88006308068235 -6.51252873977416 1
    vertex 4.6001348629045 -7.291163440893069 0.7526186210395631
    vertex 4.314914993580826 -6.775826215724169 1.000000000000328
  endloop
endfacet
facet normal 0.000994941 0.533335 -0.845904
  outer loop
    vertex 3.973154099725212 -7.303760166471012 0.7835651113345286
    vertex 4.066663009071928 -7.791694584857385 0.4760369423554414
    vertex 3.404267787854519 -7.777883550684602 0.4839655711176469
  endloop
endfacet
facet normal 0.00549605 0.426621 -0.904414
  outer loop
    vertex 3.693552714283389 -6.841327490300975 1.000000000000112
    vertex 3.973154099725212 -7.303760166471012 0.7835651113345286
    vertex 3.417587519027404 -7.153604049148035 0.8510190814038527
  endloop
endfacet
facet normal -0.042416 0.40237 -0.914494
  outer loop
    vertex 4.314914993580826 -6.775826215724169 1.000000000000328
    vertex 3.973154099725212 -7.303760166471012 0.7835651113345286
    vertex 3.693552714283389 -6.841327490300975 1.000000000000112
  endloop
endfacet
facet normal 0.0621876 0.384456 -0.921046
  outer loop
    vertex 3.693552714283389 -6.841327490300975 1.000000000000112
    vertex 3.417587519027404 -7.153604049148035 0.8510190814038527
    vertex 3.076912361976429 -6.741582981312551 1
  endloop
endfacet
facet normal -0.0531834 0.408071 -0.9114
  outer loop
    vertex 4.314914993580826 -6.775826215724169 1.000000000000328
    vertex 4.6001348629045 -7.291163440893069 0.7526186210395631
    vertex 3.973154099725212 -7.303760166471012 0.7835651113345286
  endloop
endfacet
facet normal 0 0.91613 -0.400882
  outer loop
    vertex 3.750000000000003 -8 0
    vertex 4.066663009071928 -7.791694584857385 0.4760369423554414
    vertex 4.333333333333337 -8 0
  endloop
endfacet
facet normal 0 0.871671 -0.490091
  outer loop
    vertex 2 -8 0
    vertex 2.299002476559225 -7.798007420032791 0.3592617340482762
    vertex 2.583333333333335 -8 0
  endloop
endfacet
facet normal 0.0873047 0.521759 -0.848614
  outer loop
    vertex 2.422513560434461 -7.339151841310309 0.6688716111683265
    vertex 2.892133868948901 -7.275483521515575 0.7563313425698766
    vertex 2.772287603162633 -7.796360200237853 0.4237476649673005
  endloop
endfacet
facet normal 0 0.908852 -0.417119
  outer loop
    vertex 3.166666666666669 -8 0
    vertex 3.404267787854519 -7.777883550684602 0.4839655711176469
    vertex 3.750000000000003 -8 0
  endloop
endfacet
facet normal 0 0.901323 -0.433148
  outer loop
    vertex 2.583333333333335 -8 0
    vertex 2.772287603162633 -7.796360200237853 0.4237476649673005
    vertex 3.166666666666669 -8 0
  endloop
endfacet
facet normal 0 0.904828 -0.425778
  outer loop
    vertex 4.333333333333337 -8 0
    vertex 4.625 -7.784904681155796 0.4571021080072306
    vertex 4.916666666666669 -8 0
  endloop
endfacet
facet normal 0.0141346 0.912551 -0.408719
  outer loop
    vertex 3.404267787854519 -7.777883550684602 0.4839655711176469
    vertex 4.066663009071928 -7.791694584857385 0.4760369423554414
    vertex 3.750000000000003 -8 0
  endloop
endfacet
facet normal 0.112243 0.534855 -0.837455
  outer loop
    vertex 2.422513560434461 -7.339151841310309 0.6688716111683265
    vertex 2.772287603162633 -7.796360200237853 0.4237476649673005
    vertex 2.299002476559225 -7.798007420032791 0.3592617340482762
  endloop
endfacet
facet normal 0.14658 0.33069 -0.932287
  outer loop
    vertex 2.249235032730156 -6.85259016523544 0.8142153559045777
    vertex 2.422513560434461 -7.339151841310309 0.6688716111683265
    vertex 1.99024939170275 -7.276626340720791 0.6230867949082546
  endloop
endfacet
facet normal -0.154013 0.852544 -0.499448
  outer loop
    vertex 4.916666666666669 -8 0
    vertex 4.625 -7.784904681155796 0.4571021080072306
    vertex 5.130095538391715 -7.66983100620318 0.4977756800253874
  endloop
endfacet
facet normal 0.0137795 0.906184 -0.422659
  outer loop
    vertex 3.166666666666669 -8 0
    vertex 2.772287603162633 -7.796360200237853 0.4237476649673005
    vertex 3.404267787854519 -7.777883550684602 0.4839655711176469
  endloop
endfacet
facet normal -0.147743 0.337569 -0.929634
  outer loop
    vertex 5.454378187273094 -7.304349934417977 0.6259649477264149
    vertex 5.02023028969778 -7.297850016163318 0.6973224104286075
    vertex 5.180358524954125 -6.90048608356873 0.8161650132402587
  endloop
endfacet
facet normal -0.144236 0.439022 -0.886823
  outer loop
    vertex 5.619130253246225 -7.731909331507213 0.3875057027564551
    vertex 5.130095538391715 -7.66983100620318 0.4977756800253874
    vertex 5.454378187273094 -7.304349934417977 0.6259649477264149
  endloop
endfacet
facet normal -0.0250632 0.91061 -0.412507
  outer loop
    vertex 4.333333333333337 -8 0
    vertex 4.066663009071928 -7.791694584857385 0.4760369423554414
    vertex 4.625 -7.784904681155796 0.4571021080072306
  endloop
endfacet
facet normal 0.11282 0.82305 -0.556651
  outer loop
    vertex 1.856570885761332 -7.721381367631992 0.3828883802718479
    vertex 2.299002476559225 -7.798007420032791 0.3592617340482762
    vertex 2 -8 0
  endloop
endfacet
facet normal 0.0587011 0.889298 -0.453544
  outer loop
    vertex 2.299002476559225 -7.798007420032791 0.3592617340482762
    vertex 2.772287603162633 -7.796360200237853 0.4237476649673005
    vertex 2.583333333333335 -8 0
  endloop
endfacet
facet normal 0.160252 0.290794 -0.94327
  outer loop
    vertex 3.076912361976429 -6.741582981312551 1
    vertex 2.661085388635933 -6.854642267224218 0.8945011092527408
    vertex 2.53116723801305 -6.44083198251058 1
  endloop
endfacet
facet normal 0.181554 0.340263 -0.922637
  outer loop
    vertex 2.249235032730156 -6.85259016523544 0.8142153559045777
    vertex 2.661085388635933 -6.854642267224218 0.8945011092527408
    vertex 2.422513560434461 -7.339151841310309 0.6688716111683265
  endloop
endfacet
facet normal -0.104561 0.506868 -0.855659
  outer loop
    vertex 4.625 -7.784904681155796 0.4571021080072306
    vertex 4.6001348629045 -7.291163440893069 0.7526186210395631
    vertex 5.02023028969778 -7.297850016163318 0.6973224104286075
  endloop
endfacet
facet normal 0.0740941 0.392718 -0.916669
  outer loop
    vertex 3.417587519027404 -7.153604049148035 0.8510190814038527
    vertex 2.892133868948901 -7.275483521515575 0.7563313425698766
    vertex 3.076912361976429 -6.741582981312551 1
  endloop
endfacet
facet normal 0.184145 0.296709 -0.937046
  outer loop
    vertex 2.53116723801305 -6.44083198251058 1
    vertex 2.661085388635933 -6.854642267224218 0.8945011092527408
    vertex 2.249235032730156 -6.85259016523544 0.8142153559045777
  endloop
endfacet
facet normal -0.0345649 0.464491 -0.884903
  outer loop
    vertex 4.625 -7.784904681155796 0.4571021080072306
    vertex 5.02023028969778 -7.297850016163318 0.6973224104286075
    vertex 5.130095538391715 -7.66983100620318 0.4977756800253874
  endloop
endfacet
facet normal -0.139622 0.435752 -0.889171
  outer loop
    vertex 5.130095538391715 -7.66983100620318 0.4977756800253874
    vertex 5.02023028969778 -7.297850016163318 0.6973224104286075
    vertex 5.454378187273094 -7.304349934417977 0.6259649477264149
  endloop
endfacet
facet normal 0.121533 0.369222 -0.92136
  outer loop
    vertex 2.661085388635933 -6.854642267224218 0.8945011092527408
    vertex 2.892133868948901 -7.275483521515575 0.7563313425698766
    vertex 2.422513560434461 -7.339151841310309 0.6688716111683265
  endloop
endfacet
facet normal 0.131385 0.373606 -0.918236
  outer loop
    vertex 3.076912361976429 -6.741582981312551 1
    vertex 2.892133868948901 -7.275483521515575 0.7563313425698766
    vertex 2.661085388635933 -6.854642267224218 0.8945011092527408
  endloop
endfacet
facet normal -0.138416 0.334564 -0.932152
  outer loop
    vertex 5.180358524954125 -6.90048608356873 0.8161650132402587
    vertex 5.02023028969778 -7.297850016163318 0.6973224104286075
    vertex 4.88006308068235 -6.51252873977416 1
  endloop
endfacet
facet normal -0.11748 0.338816 -0.933489
  outer loop
    vertex 5.02023028969778 -7.297850016163318 0.6973224104286075
    vertex 4.6001348629045 -7.291163440893069 0.7526186210395631
    vertex 4.88006308068235 -6.51252873977416 1
  endloop
endfacet
facet normal 0 0.822373 -0.568948
  outer loop
    vertex 4.916666666666669 -8 0
    vertex 5.619130253246225 -7.731909331507213 0.3875057027564551
    vertex 5.5 -8 0
  endloop
endfacet
facet normal -0.0172568 0.836616 -0.547519
  outer loop
    vertex 4.916666666666669 -8 0
    vertex 5.130095538391715 -7.66983100620318 0.4977756800253874
    vertex 5.619130253246225 -7.731909331507213 0.3875057027564551
  endloop
endfacet
facet normal 0.156606 0.432478 -0.88794
  outer loop
    vertex 1.99024939170275 -7.276626340720791 0.6230867949082546
    vertex 2.422513560434461 -7.339151841310309 0.6688716111683265
    vertex 1.856570885761332 -7.721381367631992 0.3828883802718479
  endloop
endfacet
facet normal 0.0505763 0.549221 -0.834146
  outer loop
    vertex 1.856570885761332 -7.721381367631992 0.3828883802718479
    vertex 2.422513560434461 -7.339151841310309 0.6688716111683265
    vertex 2.299002476559225 -7.798007420032791 0.3592617340482762
  endloop
endfacet
facet normal 0.0379533 0.505879 -0.861769
  outer loop
    vertex 3.404267787854519 -7.777883550684602 0.4839655711176469
    vertex 2.892133868948901 -7.275483521515575 0.7563313425698766
    vertex 3.417587519027404 -7.153604049148035 0.8510190814038527
  endloop
endfacet
facet normal 0.905614 0 0.424103
  outer loop
    vertex 2 -5.599999999999993 0
    vertex 1.826310017113111 -6.356951237544648 0.3708912361026064
    vertex 2 -6.199999999999994 0
  endloop
endfacet
facet normal 0.751971 0.141372 -0.643858
  outer loop
    vertex 2.165892166118843 -5.909264385909556 1
    vertex 1.73332178123227 -5.831477737375646 0.5118745230752854
    vertex 2.046103161116387 -5.27209408910463 1
  endloop
endfacet
facet normal 0.877258 -0.0770874 -0.473789
  outer loop
    vertex 1.73332178123227 -5.831477737375646 0.5118745230752854
    vertex 1.75683370775422 -5.279580364133729 0.4656128364988181
    vertex 2.046103161116387 -5.27209408910463 1
  endloop
endfacet
facet normal 0.738175 0.293586 -0.607376
  outer loop
    vertex 2.165892166118843 -5.909264385909556 1
    vertex 1.826310017113111 -6.356951237544648 0.3708912361026064
    vertex 1.73332178123227 -5.831477737375646 0.5118745230752854
  endloop
endfacet
facet normal 0.874118 -0.0193278 -0.485328
  outer loop
    vertex 2.046103161116387 -5.27209408910463 1
    vertex 1.759178084231872 -4.699999999999995 0.4604397950718031
    vertex 2.06047631398094 -4.622053608117791 1
  endloop
endfacet
facet normal 0.879442 -0.00780532 -0.475942
  outer loop
    vertex 2.046103161116387 -5.27209408910463 1
    vertex 1.75683370775422 -5.279580364133729 0.4656128364988181
    vertex 1.759178084231872 -4.699999999999995 0.4604397950718031
  endloop
endfacet
facet normal 0.923509 0 0.383578
  outer loop
    vertex 2 -3.799999999999996 0
    vertex 1.861987540288067 -3.78069313533042 0.3322813163308685
    vertex 2 -4.399999999999995 0
  endloop
endfacet
facet normal 0.95585 0 0.293855
  outer loop
    vertex 1.880869746753777 -2.268090668492784 0.3875057027564465
    vertex 2 -2.599999999999999 0
    vertex 2 -2 0
  endloop
endfacet
facet normal 0.881007 0.0292134 0.472201
  outer loop
    vertex 1.73332178123227 -5.831477737375646 0.5118745230752854
    vertex 1.826310017113111 -6.356951237544648 0.3708912361026064
    vertex 2 -5.599999999999993 0
  endloop
endfacet
facet normal 0.936453 0 0.350793
  outer loop
    vertex 1.856570885761332 -7.721381367631992 0.3828883802718479
    vertex 2 -8 0
    vertex 2 -7.399999999999998 0
  endloop
endfacet
facet normal 0.932262 -0.0778736 0.353305
  outer loop
    vertex 1.880869746753777 -2.268090668492784 0.3875057027564465
    vertex 1.805817005689468 -2.900000000000412 0.4462645290928179
    vertex 2 -2.599999999999999 0
  endloop
endfacet
facet normal 0.917578 0.058907 0.393167
  outer loop
    vertex 2 -7.399999999999998 0
    vertex 1.792837693556453 -7.099999999999992 0.4385300179231066
    vertex 1.856570885761332 -7.721381367631992 0.3828883802718479
  endloop
endfacet
facet normal 0.670427 -0.147249 -0.727218
  outer loop
    vertex 2.045621812726903 -2.695650065582011 0.625964947726412
    vertex 1.805817005689468 -2.900000000000412 0.4462645290928179
    vertex 1.880869746753777 -2.268090668492784 0.3875057027564465
  endloop
endfacet
facet normal 0.561549 -0.142832 -0.815023
  outer loop
    vertex 2.06047631398094 -4.622053608117791 1
    vertex 1.775943210006031 -4.06231802537837 0.7058642612561423
    vertex 2.220176110944904 -3.994187531459429 1
  endloop
endfacet
facet normal 0.96707 -0.0946536 0.236255
  outer loop
    vertex 1.840889338110663 -3.243575927274112 0.6338353614306159
    vertex 1.861987540288067 -3.78069313533042 0.3322813163308685
    vertex 2 -3.199999999999998 0
  endloop
endfacet
facet normal 0.904186 0 0.427139
  outer loop
    vertex 2 -6.799999999999996 0
    vertex 1.792837693556453 -7.099999999999992 0.4385300179231066
    vertex 2 -7.399999999999998 0
  endloop
endfacet
facet normal 0.916954 0 0.398994
  outer loop
    vertex 2 -2.599999999999999 0
    vertex 1.805817005689468 -2.900000000000412 0.4462645290928179
    vertex 2 -3.199999999999998 0
  endloop
endfacet
facet normal 0.653215 -0.0587019 -0.754893
  outer loop
    vertex 1.99024939170275 -7.276626340720791 0.6230867949082546
    vertex 1.792837693556453 -7.099999999999992 0.4385300179231066
    vertex 2.249235032730156 -6.85259016523544 0.8142153559045777
  endloop
endfacet
facet normal 0.738402 0.134901 -0.66073
  outer loop
    vertex 1.856570885761332 -7.721381367631992 0.3828883802718479
    vertex 1.792837693556453 -7.099999999999992 0.4385300179231066
    vertex 1.99024939170275 -7.276626340720791 0.6230867949082546
  endloop
endfacet
facet normal 0.886117 0 0.463462
  outer loop
    vertex 2 -4.399999999999995 0
    vertex 1.759178084231872 -4.699999999999995 0.4604397950718031
    vertex 2 -4.999999999999993 0
  endloop
endfacet
facet normal 0.886399 0 0.462922
  outer loop
    vertex 2 -4.999999999999993 0
    vertex 1.75683370775422 -5.279580364133729 0.4656128364988181
    vertex 2 -5.599999999999993 0
  endloop
endfacet
facet normal 0.886677 0.000984658 0.462389
  outer loop
    vertex 2 -5.599999999999993 0
    vertex 1.75683370775422 -5.279580364133729 0.4656128364988181
    vertex 1.73332178123227 -5.831477737375646 0.5118745230752854
  endloop
endfacet
facet normal 0.886264 0.000549223 0.463181
  outer loop
    vertex 1.759178084231872 -4.699999999999995 0.4604397950718031
    vertex 1.75683370775422 -5.279580364133729 0.4656128364988181
    vertex 2 -4.999999999999993 0
  endloop
endfacet
facet normal 0.849787 0.169729 -0.499053
  outer loop
    vertex 1.759178084231872 -4.699999999999995 0.4604397950718031
    vertex 1.775943210006031 -4.06231802537837 0.7058642612561423
    vertex 2.06047631398094 -4.622053608117791 1
  endloop
endfacet
facet normal 0.392972 -0.159841 -0.905552
  outer loop
    vertex 2.31964147504616 -3.09951391643106 0.8161650132402146
    vertex 1.840889338110663 -3.243575927274112 0.6338353614306159
    vertex 2.045621812726903 -2.695650065582011 0.625964947726412
  endloop
endfacet
facet normal 0.28696 0.197189 -0.937427
  outer loop
    vertex 2.53116723801305 -6.44083198251058 1
    vertex 2.159216627887489 -6.450543559413102 0.8840976477011908
    vertex 2.165892166118843 -5.909264385909556 1
  endloop
endfacet
facet normal 0.954027 0.163991 0.250879
  outer loop
    vertex 2 -6.799999999999996 0
    vertex 1.826310017113111 -6.356951237544648 0.3708912361026064
    vertex 1.81746623700374 -6.720938583306959 0.6424482002374954
  endloop
endfacet
facet normal 0.422145 0.246167 -0.872465
  outer loop
    vertex 1.81746623700374 -6.720938583306959 0.6424482002374954
    vertex 2.159216627887489 -6.450543559413102 0.8840976477011908
    vertex 2.249235032730156 -6.85259016523544 0.8142153559045777
  endloop
endfacet
facet normal 0.441712 0.402605 -0.801748
  outer loop
    vertex 2.249235032730156 -6.85259016523544 0.8142153559045777
    vertex 1.792837693556453 -7.099999999999992 0.4385300179231066
    vertex 1.81746623700374 -6.720938583306959 0.6424482002374954
  endloop
endfacet
facet normal 0.284451 0.225643 -0.931758
  outer loop
    vertex 2.249235032730156 -6.85259016523544 0.8142153559045777
    vertex 2.159216627887489 -6.450543559413102 0.8840976477011908
    vertex 2.53116723801305 -6.44083198251058 1
  endloop
endfacet
facet normal 0.923509 0 0.383578
  outer loop
    vertex 2 -3.199999999999998 0
    vertex 1.861987540288067 -3.78069313533042 0.3322813163308685
    vertex 2 -3.799999999999996 0
  endloop
endfacet
facet normal 0.999093 0.0422514 -0.00535532
  outer loop
    vertex 1.86224117642117 -3.73382675051835 0.7493581826342058
    vertex 1.861987540288067 -3.78069313533042 0.3322813163308685
    vertex 1.840889338110663 -3.243575927274112 0.6338353614306159
  endloop
endfacet
facet normal 0.939222 0.233351 0.251814
  outer loop
    vertex 2 -3.199999999999998 0
    vertex 1.805817005689468 -2.900000000000412 0.4462645290928179
    vertex 1.840889338110663 -3.243575927274112 0.6338353614306159
  endloop
endfacet
facet normal 0.555544 -0.0359569 -0.830709
  outer loop
    vertex 1.775943210006031 -4.06231802537837 0.7058642612561423
    vertex 1.86224117642117 -3.73382675051835 0.7493581826342058
    vertex 2.220176110944904 -3.994187531459429 1
  endloop
endfacet
facet normal 0.931585 -0.217301 0.291426
  outer loop
    vertex 1.81746623700374 -6.720938583306959 0.6424482002374954
    vertex 1.792837693556453 -7.099999999999992 0.4385300179231066
    vertex 2 -6.799999999999996 0
  endloop
endfacet
facet normal 0.905614 0 0.424103
  outer loop
    vertex 2 -6.199999999999994 0
    vertex 1.826310017113111 -6.356951237544648 0.3708912361026064
    vertex 2 -6.799999999999996 0
  endloop
endfacet
facet normal 0.965864 -0.257495 0.0283471
  outer loop
    vertex 1.775943210006031 -4.06231802537837 0.7058642612561423
    vertex 1.861987540288067 -3.78069313533042 0.3322813163308685
    vertex 1.86224117642117 -3.73382675051835 0.7493581826342058
  endloop
endfacet
facet normal 0.716056 -0.276759 -0.640833
  outer loop
    vertex 1.840889338110663 -3.243575927274112 0.6338353614306159
    vertex 1.805817005689468 -2.900000000000412 0.4462645290928179
    vertex 2.045621812726903 -2.695650065582011 0.625964947726412
  endloop
endfacet
facet normal 0.282821 -0.223124 -0.93286
  outer loop
    vertex 2.31964147504616 -3.09951391643106 0.8161650132402146
    vertex 2.61993691783516 -3.48747125840653 0.999999999561928
    vertex 2.220176110944904 -3.994187531459429 1
  endloop
endfacet
facet normal 0.405529 -0.227023 -0.885442
  outer loop
    vertex 2.220176110944904 -3.994187531459429 1
    vertex 1.840889338110663 -3.243575927274112 0.6338353614306159
    vertex 2.31964147504616 -3.09951391643106 0.8161650132402146
  endloop
endfacet
facet normal 0.471241 -0.182799 -0.862854
  outer loop
    vertex 2.220176110944904 -3.994187531459429 1
    vertex 1.86224117642117 -3.73382675051835 0.7493581826342058
    vertex 1.840889338110663 -3.243575927274112 0.6338353614306159
  endloop
endfacet
facet normal 0.469435 0.179337 -0.864563
  outer loop
    vertex 2.165892166118843 -5.909264385909556 1
    vertex 2.159216627887489 -6.450543559413102 0.8840976477011908
    vertex 1.81746623700374 -6.720938583306959 0.6424482002374954
  endloop
endfacet
facet normal 0.915054 -0.25523 -0.312303
  outer loop
    vertex 1.81746623700374 -6.720938583306959 0.6424482002374954
    vertex 1.826310017113111 -6.356951237544648 0.3708912361026064
    vertex 2.165892166118843 -5.909264385909556 1
  endloop
endfacet
facet normal 0.895506 -0.0383349 0.443396
  outer loop
    vertex 2 -4.399999999999995 0
    vertex 1.861987540288067 -3.78069313533042 0.3322813163308685
    vertex 1.759178084231872 -4.699999999999995 0.4604397950718031
  endloop
endfacet
facet normal 0.983156 -0.0875868 0.160415
  outer loop
    vertex 1.759178084231872 -4.699999999999995 0.4604397950718031
    vertex 1.861987540288067 -3.78069313533042 0.3322813163308685
    vertex 1.775943210006031 -4.06231802537837 0.7058642612561423
  endloop
endfacet
facet normal 0 0 1
  outer loop
    vertex 4.726238413014507 -2.972820047219558 3
    vertex 3.97580422402116 -3.312066451315685 3
    vertex 4.722963971471203 -3.590418336599259 3
  endloop
endfacet
facet normal 0 -0 1
  outer loop
    vertex 2.483931385330773 -3.878361082554846 3
    vertex 3.148724545145726 -3.401224350102662 3
    vertex 2.42748318234194 -3.17971176265637 3
  endloop
endfacet
facet normal 0 -0 1
  outer loop
    vertex 3.348246986703068 -7.213841574346917 3
    vertex 3.953759371618669 -6.678109401702718 3
    vertex 3.210444084259803 -6.618733443783018 3
  endloop
endfacet
facet normal 0 0 1
  outer loop
    vertex 3.548311554967274 -2.759057838510712 3
    vertex 3.148724545145726 -3.401224350102662 3
    vertex 3.97580422402116 -3.312066451315685 3
  endloop
endfacet
facet normal 0 0 1
  outer loop
    vertex 4.70987851030004 -6.390624100053207 3
    vertex 3.953759371618669 -6.678109401702718 3
    vertex 4.540593354183018 -7.10652845893941 3
  endloop
endfacet
facet normal 0 0 1
  outer loop
    vertex 4.151753013296932 -2.786158425653083 3
    vertex 3.97580422402116 -3.312066451315685 3
    vertex 4.726238413014507 -2.972820047219558 3
  endloop
endfacet
facet normal 0 0 1
  outer loop
    vertex 1.704418972485958 -4.062931027151898 3
    vertex 2.483931385330773 -3.878361082554846 3
    vertex 2.009011820557863 -3.574706991863515 3
  endloop
endfacet
facet normal 0 -0 1
  outer loop
    vertex 2.126874780065684 -4.481596326806233 3
    vertex 2.483931385330773 -3.878361082554846 3
    vertex 1.704418972485958 -4.062931027151898 3
  endloop
endfacet
facet normal 0 -0 1
  outer loop
    vertex 3.951688445032724 -7.240942161489288 3
    vertex 3.953759371618669 -6.678109401702718 3
    vertex 3.348246986703068 -7.213841574346917 3
  endloop
endfacet
facet normal 0 0 1
  outer loop
    vertex 5.49098817944214 -6.425293008136482 3
    vertex 4.70987851030004 -6.390624100053207 3
    vertex 5.07251681765806 -6.82028823734363 3
  endloop
endfacet
facet normal 0 0 1
  outer loop
    vertex 5.194730297377696 -5.905327642697759 3
    vertex 4.70987851030004 -6.390624100053207 3
    vertex 5.49098817944214 -6.425293008136482 3
  endloop
endfacet
facet normal 0 0 1
  outer loop
    vertex 4.722963971471203 -3.590418336599259 3
    vertex 3.97580422402116 -3.312066451315685 3
    vertex 4.193256108803165 -3.83122969664323 3
  endloop
endfacet
facet normal -0 0 1
  outer loop
    vertex 3.210444084259803 -6.618733443783018 3
    vertex 3.953759371618669 -6.678109401702718 3
    vertex 3.599329149680849 -6.240886092622568 3
  endloop
endfacet
facet normal 0 0 1
  outer loop
    vertex 3.97580422402116 -3.312066451315685 3
    vertex 3.148724545145726 -3.401224350102662 3
    vertex 3.599329149680843 -3.759113907377433 3
  endloop
endfacet
facet normal 0 0 1
  outer loop
    vertex 4.193256108803173 -6.168770303356768 3
    vertex 3.953759371618669 -6.678109401702718 3
    vertex 4.70987851030004 -6.390624100053207 3
  endloop
endfacet
facet normal 0 -0 1
  outer loop
    vertex 3.039919066586053 -3.971270167632931 3
    vertex 3.148724545145726 -3.401224350102662 3
    vertex 2.483931385330773 -3.878361082554846 3
  endloop
endfacet
facet normal -0 0 1
  outer loop
    vertex 2.42748318234194 -3.17971176265637 3
    vertex 3.148724545145726 -3.401224350102662 3
    vertex 2.95940664581698 -2.893471541060591 3
  endloop
endfacet
facet normal -0 0 1
  outer loop
    vertex 2.95940664581698 -2.893471541060591 3
    vertex 3.148724545145726 -3.401224350102662 3
    vertex 3.548311554967274 -2.759057838510712 3
  endloop
endfacet
facet normal 0 0 1
  outer loop
    vertex 5.07251681765806 -6.82028823734363 3
    vertex 4.70987851030004 -6.390624100053207 3
    vertex 4.540593354183018 -7.10652845893941 3
  endloop
endfacet
facet normal 0 0 1
  outer loop
    vertex 4.540593354183018 -7.10652845893941 3
    vertex 3.953759371618669 -6.678109401702718 3
    vertex 3.951688445032724 -7.240942161489288 3
  endloop
endfacet
facet normal -0 0 1
  outer loop
    vertex 2.009011820557863 -3.574706991863515 3
    vertex 2.483931385330773 -3.878361082554846 3
    vertex 2.42748318234194 -3.17971176265637 3
  endloop
endfacet
facet normal 0 0 1
  outer loop
    vertex 3.548311554967274 -2.759057838510712 3
    vertex 3.97580422402116 -3.312066451315685 3
    vertex 4.151753013296932 -2.786158425653083 3
  endloop
endfacet
facet normal -0 0 1
  outer loop
    vertex 4.685638435213878 -5.828903322800992 3
    vertex 5.194730297377696 -5.905327642697759 3
    vertex 4.963677271782566 -5.299144580359443 3
  endloop
endfacet
facet normal 0 0 1
  outer loop
    vertex 2.643179967933487 -4.419096034945291 3
    vertex 2.483931385330773 -3.878361082554846 3
    vertex 2.126874780065684 -4.481596326806233 3
  endloop
endfacet
facet normal 0 0 1
  outer loop
    vertex 2.643179967933487 -4.419096034945291 3
    vertex 2.126874780065684 -4.481596326806233 3
    vertex 2.5 -5 3
  endloop
endfacet
facet normal 0 0 1
  outer loop
    vertex 3.348246986703068 -7.213841574346917 3
    vertex 3.210444084259803 -6.618733443783018 3
    vertex 2.773761586985496 -7.027179952780444 3
  endloop
endfacet
facet normal 0 0 1
  outer loop
    vertex 4.726238413014507 -2.972820047219558 3
    vertex 4.722963971471203 -3.590418336599259 3
    vertex 5.23036213336435 -3.30558920149188 3
  endloop
endfacet
facet normal 0 -0 1
  outer loop
    vertex 4.963677271782566 -5.299144580359443 3
    vertex 5.48841360316031 -5.078072244940438 3
    vertex 4.963677271782564 -4.700855419640549 3
  endloop
endfacet
facet normal 0 0 1
  outer loop
    vertex 4.685638435213878 -5.828903322800992 3
    vertex 4.70987851030004 -6.390624100053207 3
    vertex 5.194730297377696 -5.905327642697759 3
  endloop
endfacet
facet normal 0 0 1
  outer loop
    vertex 2.5 -5 3
    vertex 2.054958688555202 -5.364080083769404 3
    vertex 2.643179967933488 -5.580903965054711 3
  endloop
endfacet
facet normal 0 -0 1
  outer loop
    vertex 4.963677271782564 -4.700855419640549 3
    vertex 5.296785235170692 -4.218109250968322 3
    vertex 4.685638435213873 -4.171096677199002 3
  endloop
endfacet
facet normal 0 0 1
  outer loop
    vertex 2.643179967933488 -5.580903965054711 3
    vertex 2.452132760403096 -6.14866807022067 3
    vertex 3.039919066586056 -6.028729832367071 3
  endloop
endfacet
facet normal 0 -0 1
  outer loop
    vertex 5.194730297377696 -5.905327642697759 3
    vertex 5.481754812016269 -5.52143288804154 3
    vertex 4.963677271782566 -5.299144580359443 3
  endloop
endfacet
facet normal 0 0 1
  outer loop
    vertex 5.611741753108191 -3.736505779699156 3
    vertex 5.296785235170692 -4.218109250968322 3
    vertex 5.871344334809309 -4.250067860955105 3
  endloop
endfacet
facet normal 0 -0 1
  outer loop
    vertex 2.26963786663565 -6.69441079850812 3
    vertex 2.452132760403096 -6.14866807022067 3
    vertex 1.888258246891807 -6.263494220300842 3
  endloop
endfacet
facet normal 0 -0 1
  outer loop
    vertex 1.628655665190691 -5.749932139044893 3
    vertex 2.054958688555202 -5.364080083769404 3
    vertex 1.507810797512209 -5.187316791151149 3
  endloop
endfacet
facet normal 0 -0 1
  outer loop
    vertex 4.685638435213873 -4.171096677199002 3
    vertex 4.722963971471203 -3.590418336599259 3
    vertex 4.193256108803165 -3.83122969664323 3
  endloop
endfacet
facet normal 0 0 1
  outer loop
    vertex 5.992189202487791 -4.812683208848847 3
    vertex 5.48841360316031 -5.078072244940438 3
    vertex 5.966371860246729 -5.387550999361964 3
  endloop
endfacet
facet normal 0 0 1
  outer loop
    vertex 1.533628139753273 -4.612449000638029 3
    vertex 2.126874780065684 -4.481596326806233 3
    vertex 1.704418972485958 -4.062931027151898 3
  endloop
endfacet
facet normal 0 0 1
  outer loop
    vertex 3.039919066586056 -6.028729832367071 3
    vertex 3.210444084259803 -6.618733443783018 3
    vertex 3.599329149680849 -6.240886092622568 3
  endloop
endfacet
facet normal 0 0 1
  outer loop
    vertex 2.126874780065684 -4.481596326806233 3
    vertex 1.930778976523942 -4.92556054763707 3
    vertex 2.5 -5 3
  endloop
endfacet
facet normal -0 0 1
  outer loop
    vertex 2.452132760403096 -6.14866807022067 3
    vertex 2.713957494935996 -6.566248448494612 3
    vertex 3.039919066586056 -6.028729832367071 3
  endloop
endfacet
facet normal 0 0 1
  outer loop
    vertex 5.795581027514045 -5.937068972848096 3
    vertex 5.194730297377696 -5.905327642697759 3
    vertex 5.49098817944214 -6.425293008136482 3
  endloop
endfacet
facet normal 0 0 1
  outer loop
    vertex 4.193256108803165 -3.83122969664323 3
    vertex 3.97580422402116 -3.312066451315685 3
    vertex 3.599329149680843 -3.759113907377433 3
  endloop
endfacet
facet normal 0 0 1
  outer loop
    vertex 3.039919066586053 -3.971270167632931 3
    vertex 2.483931385330773 -3.878361082554846 3
    vertex 2.643179967933487 -4.419096034945291 3
  endloop
endfacet
facet normal -0 0 1
  outer loop
    vertex 3.599329149680849 -6.240886092622568 3
    vertex 3.953759371618669 -6.678109401702718 3
    vertex 4.193256108803173 -6.168770303356768 3
  endloop
endfacet
facet normal -0 0 1
  outer loop
    vertex 4.193256108803173 -6.168770303356768 3
    vertex 4.70987851030004 -6.390624100053207 3
    vertex 4.685638435213878 -5.828903322800992 3
  endloop
endfacet
facet normal 0 0 1
  outer loop
    vertex 3.599329149680843 -3.759113907377433 3
    vertex 3.148724545145726 -3.401224350102662 3
    vertex 3.039919066586053 -3.971270167632931 3
  endloop
endfacet
facet normal 0 -0 1
  outer loop
    vertex 5.48841360316031 -5.078072244940438 3
    vertex 5.522481929482133 -4.611957597070652 3
    vertex 4.963677271782564 -4.700855419640549 3
  endloop
endfacet
facet normal 0 0 1
  outer loop
    vertex 5.296785235170692 -4.218109250968322 3
    vertex 5.121515078843314 -3.7915490472263 3
    vertex 4.685638435213873 -4.171096677199002 3
  endloop
endfacet
facet normal 0 0 1
  outer loop
    vertex 2.054958688555202 -5.364080083769404 3
    vertex 2.133437065794856 -5.821415695678104 3
    vertex 2.643179967933488 -5.580903965054711 3
  endloop
endfacet
facet normal 0 0 1
  outer loop
    vertex 3.039919066586056 -6.028729832367071 3
    vertex 2.713957494935996 -6.566248448494612 3
    vertex 3.210444084259803 -6.618733443783018 3
  endloop
endfacet
facet normal 0 0 1
  outer loop
    vertex 2.643179967933488 -5.580903965054711 3
    vertex 2.133437065794856 -5.821415695678104 3
    vertex 2.452132760403096 -6.14866807022067 3
  endloop
endfacet
facet normal 0 0 1
  outer loop
    vertex 4.685638435213873 -4.171096677199002 3
    vertex 5.121515078843314 -3.7915490472263 3
    vertex 4.722963971471203 -3.590418336599259 3
  endloop
endfacet
facet normal 0 0 1
  outer loop
    vertex 4.963677271782564 -4.700855419640549 3
    vertex 5.522481929482133 -4.611957597070652 3
    vertex 5.296785235170692 -4.218109250968322 3
  endloop
endfacet
facet normal 0 0 1
  outer loop
    vertex 2.5 -5 3
    vertex 1.930778976523942 -4.92556054763707 3
    vertex 2.054958688555202 -5.364080083769404 3
  endloop
endfacet
facet normal -0 0 1
  outer loop
    vertex 4.963677271782566 -5.299144580359443 3
    vertex 5.481754812016269 -5.52143288804154 3
    vertex 5.48841360316031 -5.078072244940438 3
  endloop
endfacet
facet normal 0 -0 1
  outer loop
    vertex 1.888258246891807 -6.263494220300842 3
    vertex 2.133437065794856 -5.821415695678104 3
    vertex 1.628655665190691 -5.749932139044893 3
  endloop
endfacet
facet normal 0 0 1
  outer loop
    vertex 2.773761586985496 -7.027179952780444 3
    vertex 2.713957494935996 -6.566248448494612 3
    vertex 2.26963786663565 -6.69441079850812 3
  endloop
endfacet
facet normal 0 0 1
  outer loop
    vertex 5.871344334809309 -4.250067860955105 3
    vertex 5.522481929482133 -4.611957597070652 3
    vertex 5.992189202487791 -4.812683208848847 3
  endloop
endfacet
facet normal 0 0 1
  outer loop
    vertex 1.507810797512209 -5.187316791151149 3
    vertex 1.930778976523942 -4.92556054763707 3
    vertex 1.533628139753273 -4.612449000638029 3
  endloop
endfacet
facet normal 0 0 1
  outer loop
    vertex 5.966371860246729 -5.387550999361964 3
    vertex 5.481754812016269 -5.52143288804154 3
    vertex 5.795581027514045 -5.937068972848096 3
  endloop
endfacet
facet normal 0 0 1
  outer loop
    vertex 5.23036213336435 -3.30558920149188 3
    vertex 5.121515078843314 -3.7915490472263 3
    vertex 5.611741753108191 -3.736505779699156 3
  endloop
endfacet
facet normal 0 0 1
  outer loop
    vertex 2.26963786663565 -6.69441079850812 3
    vertex 2.713957494935996 -6.566248448494612 3
    vertex 2.452132760403096 -6.14866807022067 3
  endloop
endfacet
facet normal 0 0 1
  outer loop
    vertex 2.452132760403096 -6.14866807022067 3
    vertex 2.133437065794856 -5.821415695678104 3
    vertex 1.888258246891807 -6.263494220300842 3
  endloop
endfacet
facet normal 0 0 1
  outer loop
    vertex 5.296785235170692 -4.218109250968322 3
    vertex 5.522481929482133 -4.611957597070652 3
    vertex 5.871344334809309 -4.250067860955105 3
  endloop
endfacet
facet normal -0 0 1
  outer loop
    vertex 1.628655665190691 -5.749932139044893 3
    vertex 2.133437065794856 -5.821415695678104 3
    vertex 2.054958688555202 -5.364080083769404 3
  endloop
endfacet
facet normal 0 0 1
  outer loop
    vertex 2.054958688555202 -5.364080083769404 3
    vertex 1.930778976523942 -4.92556054763707 3
    vertex 1.507810797512209 -5.187316791151149 3
  endloop
endfacet
facet normal 0 0 1
  outer loop
    vertex 5.611741753108191 -3.736505779699156 3
    vertex 5.121515078843314 -3.7915490472263 3
    vertex 5.296785235170692 -4.218109250968322 3
  endloop
endfacet
facet normal -0 0 1
  outer loop
    vertex 4.722963971471203 -3.590418336599259 3
    vertex 5.121515078843314 -3.7915490472263 3
    vertex 5.23036213336435 -3.30558920149188 3
  endloop
endfacet
facet normal 0 0 1
  outer loop
    vertex 5.992189202487791 -4.812683208848847 3
    vertex 5.522481929482133 -4.611957597070652 3
    vertex 5.48841360316031 -5.078072244940438 3
  endloop
endfacet
facet normal 0 0 1
  outer loop
    vertex 5.48841360316031 -5.078072244940438 3
    vertex 5.481754812016269 -5.52143288804154 3
    vertex 5.966371860246729 -5.387550999361964 3
  endloop
endfacet
facet normal -0 0 1
  outer loop
    vertex 1.533628139753273 -4.612449000638029 3
    vertex 1.930778976523942 -4.92556054763707 3
    vertex 2.126874780065684 -4.481596326806233 3
  endloop
endfacet
facet normal 0 0 1
  outer loop
    vertex 5.795581027514045 -5.937068972848096 3
    vertex 5.481754812016269 -5.52143288804154 3
    vertex 5.194730297377696 -5.905327642697759 3
  endloop
endfacet
facet normal 0 0 1
  outer loop
    vertex 3.210444084259803 -6.618733443783018 3
    vertex 2.713957494935996 -6.566248448494612 3
    vertex 2.773761586985496 -7.027179952780444 3
  endloop
endfacet
facet normal 0.192845 0.306022 0.932288
  outer loop
    vertex 5.23036213336435 -3.30558920149188 3
    vertex 5.537654966455426 -2.858035921872239 2.789527554588953
    vertex 5.118670954517442 -2.506557620819185 2.760822753050585
  endloop
endfacet
facet normal -0.168616 0.326047 0.930195
  outer loop
    vertex 2.098639235316519 -2.74896564089486 2.789407946707002
    vertex 2.42748318234194 -3.17971176265637 3
    vertex 2.610795791309525 -2.433969406342019 2.771835555271915
  endloop
endfacet
facet normal 0.202443 0.306688 0.930032
  outer loop
    vertex 4.726238413014507 -2.972820047219558 3
    vertex 5.23036213336435 -3.30558920149188 3
    vertex 5.118670954517442 -2.506557620819185 2.760822753050585
  endloop
endfacet
facet normal -0.176145 0.327332 0.928346
  outer loop
    vertex 2.42748318234194 -3.17971176265637 3
    vertex 2.95940664581698 -2.893471541060591 3
    vertex 2.610795791309525 -2.433969406342019 2.771835555271915
  endloop
endfacet
facet normal -0.169906 0.356099 0.918872
  outer loop
    vertex 1.77339490307815 -2.322934582686699 2.564164408820315
    vertex 2.098639235316519 -2.74896564089486 2.789407946707002
    vertex 2.267368543904587 -2.009260490722894 2.533942462409224
  endloop
endfacet
facet normal 0.201528 0.362331 0.910001
  outer loop
    vertex 5.841599745198807 -2.41535887932127 2.564411101575657
    vertex 5.515927176297829 -1.929963589850072 2.443266745124602
    vertex 5.118670954517442 -2.506557620819185 2.760822753050585
  endloop
endfacet
facet normal 0 0.979506 0.201414
  outer loop
    vertex 7.5 0 0
    vertex 6.874999999999996 0 0
    vertex 7.420956730446118 -0.1151217038316485 0.5598548160331279
  endloop
endfacet
facet normal -0 0.981039 0.193811
  outer loop
    vertex 0 0 0
    vertex 0.08433513685779051 -0.1104689122555489 0.559174575652618
    vertex 0.6249999999999987 0 0
  endloop
endfacet
facet normal -0.189345 0.358847 0.91399
  outer loop
    vertex 2.098639235316519 -2.74896564089486 2.789407946707002
    vertex 2.610795791309525 -2.433969406342019 2.771835555271915
    vertex 2.267368543904587 -2.009260490722894 2.533942462409224
  endloop
endfacet
facet normal 0.148116 0.396847 0.905855
  outer loop
    vertex 5.118670954517442 -2.506557620819185 2.760822753050585
    vertex 5.515927176297829 -1.929963589850072 2.443266745124602
    vertex 4.885230382414786 -1.894043687347321 2.530655511252136
  endloop
endfacet
facet normal -0.00237688 0.979044 0.203636
  outer loop
    vertex 7.420956730446118 -0.1151217038316485 0.5598548160331279
    vertex 6.874999999999996 0 0
    vertex 6.912762523422407 -0.1394165112022666 0.670727712954617
  endloop
endfacet
facet normal 0.00515103 0.980067 0.1986
  outer loop
    vertex 0.6249999999999987 0 0
    vertex 0.08433513685779051 -0.1104689122555489 0.559174575652618
    vertex 0.5396127603243532 -0.1338463976577554 0.6627313832415508
  endloop
endfacet
facet normal -0.0512521 0.501031 0.86391
  outer loop
    vertex 2.862810380906128 -1.745599322643926 2.483232020660476
    vertex 3.58149620711512 -1.765599916357508 2.53746810380299
    vertex 3.260399468241923 -1.276382290921469 2.234693292156509
  endloop
endfacet
facet normal -0.0188719 0.934133 0.356425
  outer loop
    vertex 2.187500000003605 -0.04766638049342897 0.5391629310046624
    vertex 1.590565963478294 -0.05732078457190817 0.5328593301301411
    vertex 1.971467172283813 -0.2786405664284363 1.133071417583091
  endloop
endfacet
facet normal 0.209534 0.325091 0.922177
  outer loop
    vertex 5.537654966455426 -2.858035921872239 2.789527554588953
    vertex 5.841599745198807 -2.41535887932127 2.564411101575657
    vertex 5.118670954517442 -2.506557620819185 2.760822753050585
  endloop
endfacet
facet normal 0.134305 0.360459 0.923056
  outer loop
    vertex 4.599407645074431 -2.32332270438894 2.764821205189045
    vertex 4.726238413014507 -2.972820047219558 3
    vertex 5.118670954517442 -2.506557620819185 2.760822753050585
  endloop
endfacet
facet normal -0.0992995 0.381086 0.919191
  outer loop
    vertex 2.95940664581698 -2.893471541060591 3
    vertex 3.242112050907579 -2.261660977144804 2.768599020337728
    vertex 2.610795791309525 -2.433969406342019 2.771835555271915
  endloop
endfacet
facet normal -0.0546011 0.452159 0.890265
  outer loop
    vertex 3.242112050907579 -2.261660977144804 2.768599020337728
    vertex 3.58149620711512 -1.765599916357508 2.53746810380299
    vertex 2.862810380906128 -1.745599322643926 2.483232020660476
  endloop
endfacet
facet normal 0.116373 0.358161 0.926379
  outer loop
    vertex 4.151753013296932 -2.786158425653083 3
    vertex 4.726238413014507 -2.972820047219558 3
    vertex 4.599407645074431 -2.32332270438894 2.764821205189045
  endloop
endfacet
facet normal -0.085888 0.3763 0.922508
  outer loop
    vertex 2.95940664581698 -2.893471541060591 3
    vertex 3.548311554967274 -2.759057838510712 3
    vertex 3.242112050907579 -2.261660977144804 2.768599020337728
  endloop
endfacet
facet normal 0.157205 0.538445 0.827867
  outer loop
    vertex 5.543679957369253 -0.9560478600287706 1.865868738519405
    vertex 5.229040071800036 -1.400773263039247 2.214865722417094
    vertex 5.862522554174854 -1.500375474580413 2.159353690303676
  endloop
endfacet
facet normal -0.0892356 0.657928 0.747775
  outer loop
    vertex 2.394865388814065 -0.5753543958066307 1.58186946889526
    vertex 2.677338281144482 -1.046130387353775 2.029789179185191
    vertex 3.060652550301217 -0.7447246774119851 1.810340977033826
  endloop
endfacet
facet normal -0.0388932 0.745166 0.665744
  outer loop
    vertex 2.925515442333929 -0.4098582750345231 1.427631010153192
    vertex 2.394865388814065 -0.5753543958066307 1.58186946889526
    vertex 3.060652550301217 -0.7447246774119851 1.810340977033826
  endloop
endfacet
facet normal -0.0528306 0.925589 0.374825
  outer loop
    vertex 1.590565963478294 -0.05732078457190817 0.5328593301301411
    vertex 1.386861138380332 -0.28484948884341 1.066004920520348
    vertex 1.971467172283813 -0.2786405664284363 1.133071417583091
  endloop
endfacet
facet normal -0.0962602 0.89377 0.438075
  outer loop
    vertex 1.386861138380332 -0.28484948884341 1.066004920520348
    vertex 1.046093563852784 -0.08529500597168255 0.5839915830727208
    vertex 0.8046997312297719 -0.3599296509906296 1.091264030682403
  endloop
endfacet
facet normal 0.0816669 0.479825 0.873555
  outer loop
    vertex 4.575973448975852 -1.357456506567265 2.264831830249685
    vertex 4.221331198463152 -1.929526116557971 2.612211820736388
    vertex 4.885230382414786 -1.894043687347321 2.530655511252136
  endloop
endfacet
facet normal -0.0495021 0.499938 0.864645
  outer loop
    vertex 2.862810380906128 -1.745599322643926 2.483232020660476
    vertex 3.260399468241923 -1.276382290921469 2.234693292156509
    vertex 2.833045161520413 -1.365919379273633 2.261997015536966
  endloop
endfacet
facet normal -0.0107969 0.921174 0.389001
  outer loop
    vertex 1.046093563852784 -0.08529500597168255 0.5839915830727208
    vertex 1.386861138380332 -0.28484948884341 1.066004920520348
    vertex 1.590565963478294 -0.05732078457190817 0.5328593301301411
  endloop
endfacet
facet normal 0.147544 0.458279 0.876477
  outer loop
    vertex 5.515927176297829 -1.929963589850072 2.443266745124602
    vertex 5.229040071800036 -1.400773263039247 2.214865722417094
    vertex 4.885230382414786 -1.894043687347321 2.530655511252136
  endloop
endfacet
facet normal 0.098694 0.486836 0.8679
  outer loop
    vertex 5.229040071800036 -1.400773263039247 2.214865722417094
    vertex 4.575973448975852 -1.357456506567265 2.264831830249685
    vertex 4.885230382414786 -1.894043687347321 2.530655511252136
  endloop
endfacet
facet normal 0.146897 0.396512 0.9062
  outer loop
    vertex 4.599407645074431 -2.32332270438894 2.764821205189045
    vertex 5.118670954517442 -2.506557620819185 2.760822753050585
    vertex 4.885230382414786 -1.894043687347321 2.530655511252136
  endloop
endfacet
facet normal 0.0872197 0.431668 0.897806
  outer loop
    vertex 4.221331198463152 -1.929526116557971 2.612211820736388
    vertex 4.599407645074431 -2.32332270438894 2.764821205189045
    vertex 4.885230382414786 -1.894043687347321 2.530655511252136
  endloop
endfacet
facet normal -0.0114576 0.597191 0.802017
  outer loop
    vertex 3.916807446846176 -1.297221484097698 2.25958783947882
    vertex 3.648892321476091 -0.8246553596024252 1.903882114093581
    vertex 3.260399468241923 -1.276382290921469 2.234693292156509
  endloop
endfacet
facet normal 0.00604856 0.958214 0.285987
  outer loop
    vertex 4.660847698284321 -0.04191815427133199 0.5500609917725483
    vertex 4.029351362624621 -0.03741048666011698 0.5483138313456997
    vertex 4.32161221293922 -0.1979435625582323 1.080006686961554
  endloop
endfacet
facet normal -0.109506 0.418155 0.901751
  outer loop
    vertex 2.610795791309525 -2.433969406342019 2.771835555271915
    vertex 3.242112050907579 -2.261660977144804 2.768599020337728
    vertex 2.862810380906128 -1.745599322643926 2.483232020660476
  endloop
endfacet
facet normal 0.10518 0.566809 0.817108
  outer loop
    vertex 4.921033424662713 -0.9218725580024538 1.922310433923333
    vertex 5.229040071800036 -1.400773263039247 2.214865722417094
    vertex 5.543679957369253 -0.9560478600287706 1.865868738519405
  endloop
endfacet
facet normal 0.136583 0.530931 0.836336
  outer loop
    vertex 6.157559137534003 -1.072826870308252 1.839750022650882
    vertex 5.543679957369253 -0.9560478600287706 1.865868738519405
    vertex 5.862522554174854 -1.500375474580413 2.159353690303676
  endloop
endfacet
facet normal -0.0122399 0.728663 0.684763
  outer loop
    vertex 3.648892321476091 -0.8246553596024252 1.903882114093581
    vertex 3.972871036700195 -0.466366677901905 1.528414719230923
    vertex 3.378983052138501 -0.4356840280941143 1.485149508314812
  endloop
endfacet
facet normal -0.107028 0.551633 0.827192
  outer loop
    vertex 2.677338281144482 -1.046130387353775 2.029789179185191
    vertex 2.049452569303922 -0.9994929569420967 1.917447319226156
    vertex 2.355619540058038 -1.457413635387069 2.262436996531869
  endloop
endfacet
facet normal 0.100134 0.564799 0.819131
  outer loop
    vertex 4.921033424662713 -0.9218725580024538 1.922310433923333
    vertex 4.575973448975852 -1.357456506567265 2.264831830249685
    vertex 5.229040071800036 -1.400773263039247 2.214865722417094
  endloop
endfacet
facet normal 0.021581 0.713929 0.699886
  outer loop
    vertex 3.648892321476091 -0.8246553596024252 1.903882114093581
    vertex 4.275040847359478 -0.8689859757426175 1.929794904246559
    vertex 3.972871036700195 -0.466366677901905 1.528414719230923
  endloop
endfacet
facet normal -0.0846049 0.659718 0.746736
  outer loop
    vertex 2.394865388814065 -0.5753543958066307 1.58186946889526
    vertex 2.049452569303922 -0.9994929569420967 1.917447319226156
    vertex 2.677338281144482 -1.046130387353775 2.029789179185191
  endloop
endfacet
facet normal 0.153599 0.638822 0.753866
  outer loop
    vertex 5.543679957369253 -0.9560478600287706 1.865868738519405
    vertex 6.157559137534003 -1.072826870308252 1.839750022650882
    vertex 5.85742411535864 -0.6029609574239598 1.502740209239001
  endloop
endfacet
facet normal 0.0098768 0.604924 0.796222
  outer loop
    vertex 3.916807446846176 -1.297221484097698 2.25958783947882
    vertex 4.275040847359478 -0.8689859757426175 1.929794904246559
    vertex 3.648892321476091 -0.8246553596024252 1.903882114093581
  endloop
endfacet
facet normal 0.0575269 0.58855 0.806411
  outer loop
    vertex 4.275040847359478 -0.8689859757426175 1.929794904246559
    vertex 4.575973448975852 -1.357456506567265 2.264831830249685
    vertex 4.921033424662713 -0.9218725580024538 1.922310433923333
  endloop
endfacet
facet normal 0.0652448 0.695775 0.71529
  outer loop
    vertex 4.596064876444927 -0.5049768017320591 1.546430337938155
    vertex 4.921033424662713 -0.9218725580024538 1.922310433923333
    vertex 5.244329327435149 -0.5329720725004632 1.514530725623697
  endloop
endfacet
facet normal -0.03349 0.615756 0.787225
  outer loop
    vertex 2.677338281144482 -1.046130387353775 2.029789179185191
    vertex 3.260399468241923 -1.276382290921469 2.234693292156509
    vertex 3.060652550301217 -0.7447246774119851 1.810340977033826
  endloop
endfacet
facet normal 0.0631461 0.828919 0.555793
  outer loop
    vertex 4.596064876444927 -0.5049768017320591 1.546430337938155
    vertex 5.244329327435149 -0.5329720725004632 1.514530725623697
    vertex 4.949207756708956 -0.2193774510368347 1.080360514645407
  endloop
endfacet
facet normal -0.0920539 0.662871 0.743054
  outer loop
    vertex 1.71394326005882 -0.6082870109988711 1.52689162940008
    vertex 2.049452569303922 -0.9994929569420967 1.917447319226156
    vertex 2.394865388814065 -0.5753543958066307 1.58186946889526
  endloop
endfacet
facet normal 0.0469697 0.58452 0.810019
  outer loop
    vertex 3.916807446846176 -1.297221484097698 2.25958783947882
    vertex 4.575973448975852 -1.357456506567265 2.264831830249685
    vertex 4.275040847359478 -0.8689859757426175 1.929794904246559
  endloop
endfacet
facet normal 0.0518666 0.825967 0.561328
  outer loop
    vertex 5.244329327435149 -0.5329720725004632 1.514530725623697
    vertex 5.569787971655651 -0.2434300888070197 1.058411253880085
    vertex 4.949207756708956 -0.2193774510368347 1.080360514645407
  endloop
endfacet
facet normal 0.0323767 0.95298 0.301299
  outer loop
    vertex 4.949207756708956 -0.2193774510368347 1.080360514645407
    vertex 4.660847698284321 -0.04191815427133199 0.5500609917725483
    vertex 4.32161221293922 -0.1979435625582323 1.080006686961554
  endloop
endfacet
facet normal -0.112056 0.774255 0.622875
  outer loop
    vertex 1.115211156593522 -0.6440870186714733 1.463679620289096
    vertex 1.71394326005882 -0.6082870109988711 1.52689162940008
    vertex 1.386861138380332 -0.28484948884341 1.066004920520348
  endloop
endfacet
facet normal -0.129676 0.642643 0.755112
  outer loop
    vertex 1.71394326005882 -0.6082870109988711 1.52689162940008
    vertex 1.409404176499058 -1.021730343406397 1.82645627872534
    vertex 2.049452569303922 -0.9994929569420967 1.917447319226156
  endloop
endfacet
facet normal 0 0.99583 0.0912268
  outer loop
    vertex 5.624999999999988 0 0
    vertex 4.999999999999985 0 0
    vertex 5.291911384942548 -0.0503168488688973 0.5492575592746902
  endloop
endfacet
facet normal 0.101091 0.894539 0.435408
  outer loop
    vertex 6.736672254237357 -0.3593536120467539 1.071144651664952
    vertex 6.437310079113213 -0.08539800191209121 0.5778122863998462
    vertex 6.125792802120763 -0.2716326919979999 1.032754973281178
  endloop
endfacet
facet normal -0.015957 0.518601 0.854868
  outer loop
    vertex 3.58149620711512 -1.765599916357508 2.53746810380299
    vertex 3.916807446846176 -1.297221484097698 2.25958783947882
    vertex 3.260399468241923 -1.276382290921469 2.234693292156509
  endloop
endfacet
facet normal 0.0388955 0.500915 0.864622
  outer loop
    vertex 3.916807446846176 -1.297221484097698 2.25958783947882
    vertex 4.221331198463152 -1.929526116557971 2.612211820736388
    vertex 4.575973448975852 -1.357456506567265 2.264831830249685
  endloop
endfacet
facet normal 0.103117 0.80483 0.584479
  outer loop
    vertex 5.244329327435149 -0.5329720725004632 1.514530725623697
    vertex 5.85742411535864 -0.6029609574239598 1.502740209239001
    vertex 5.569787971655651 -0.2434300888070197 1.058411253880085
  endloop
endfacet
facet normal -0.133138 0.538049 0.832333
  outer loop
    vertex 2.049452569303922 -0.9994929569420967 1.917447319226156
    vertex 1.698865487524094 -1.4178410533988 2.131802942391249
    vertex 2.355619540058038 -1.457413635387069 2.262436996531869
  endloop
endfacet
facet normal 0 0.997681 0.06807
  outer loop
    vertex 4.374999999999987 0 0
    vertex 3.749999999999989 0 0
    vertex 4.029351362624621 -0.03741048666011698 0.5483138313456997
  endloop
endfacet
facet normal -0.0644479 0.97975 0.189568
  outer loop
    vertex 1.046093563852784 -0.08529500597168255 0.5839915830727208
    vertex 0.6249999999999987 0 0
    vertex 0.5396127603243532 -0.1338463976577554 0.6627313832415508
  endloop
endfacet
facet normal 0 0.989502 0.144522
  outer loop
    vertex 1.249999999999997 0 0
    vertex 0.6249999999999987 0 0
    vertex 1.046093563852784 -0.08529500597168255 0.5839915830727208
  endloop
endfacet
facet normal 0 0.997321 0.0731471
  outer loop
    vertex 3.124999999999991 0 0
    vertex 2.499999999999993 0 0
    vertex 2.800682263199983 -0.03923956417910402 0.5350099346102476
  endloop
endfacet
facet normal 0 0.997109 0.0759861
  outer loop
    vertex 4.999999999999985 0 0
    vertex 4.374999999999987 0 0
    vertex 4.660847698284321 -0.04191815427133199 0.5500609917725483
  endloop
endfacet
facet normal 0 0.993697 0.112101
  outer loop
    vertex 6.249999999999992 0 0
    vertex 5.624999999999988 0 0
    vertex 5.937499999999208 -0.06067650288579847 0.5378541735428327
  endloop
endfacet
facet normal 0 0.997799 0.0663144
  outer loop
    vertex 3.749999999999989 0 0
    vertex 3.124999999999991 0 0
    vertex 3.422005820171196 -0.03571503937735335 0.5373861448946334
  endloop
endfacet
facet normal 0 0.996115 0.0880646
  outer loop
    vertex 2.499999999999993 0 0
    vertex 1.874999999999995 0 0
    vertex 2.187500000003605 -0.04766638049342897 0.5391629310046624
  endloop
endfacet
facet normal 0.0177605 0.994637 0.101888
  outer loop
    vertex 5.937499999999208 -0.06067650288579847 0.5378541735428327
    vertex 5.624999999999988 0 0
    vertex 5.291911384942548 -0.0503168488688973 0.5492575592746902
  endloop
endfacet
facet normal -0.0420142 0.613581 0.788513
  outer loop
    vertex 3.260399468241923 -1.276382290921469 2.234693292156509
    vertex 3.648892321476091 -0.8246553596024252 1.903882114093581
    vertex 3.060652550301217 -0.7447246774119851 1.810340977033826
  endloop
endfacet
facet normal 0.0652497 0.695777 0.715288
  outer loop
    vertex 4.275040847359478 -0.8689859757426175 1.929794904246559
    vertex 4.921033424662713 -0.9218725580024538 1.922310433923333
    vertex 4.596064876444927 -0.5049768017320591 1.546430337938155
  endloop
endfacet
facet normal 0 0.989254 0.146207
  outer loop
    vertex 6.874999999999996 0 0
    vertex 6.249999999999992 0 0
    vertex 6.437310079113213 -0.08539800191209121 0.5778122863998462
  endloop
endfacet
facet normal 0.048235 0.942363 0.331097
  outer loop
    vertex 5.569787971655651 -0.2434300888070197 1.058411253880085
    vertex 5.291911384942548 -0.0503168488688973 0.5492575592746902
    vertex 4.949207756708956 -0.2193774510368347 1.080360514645407
  endloop
endfacet
facet normal 0.0146258 0.92181 0.387366
  outer loop
    vertex 6.437310079113213 -0.08539800191209121 0.5778122863998462
    vertex 5.937499999999208 -0.06067650288579847 0.5378541735428327
    vertex 6.125792802120763 -0.2716326919979999 1.032754973281178
  endloop
endfacet
facet normal -0.0332494 0.440706 0.897036
  outer loop
    vertex 3.242112050907579 -2.261660977144804 2.768599020337728
    vertex 3.781388119022375 -2.196305117493303 2.75647900144916
    vertex 3.58149620711512 -1.765599916357508 2.53746810380299
  endloop
endfacet
facet normal 0.00691883 0.997351 0.072409
  outer loop
    vertex 4.660847698284321 -0.04191815427133199 0.5500609917725483
    vertex 4.374999999999987 0 0
    vertex 4.029351362624621 -0.03741048666011698 0.5483138313456997
  endloop
endfacet
facet normal -0.0251042 0.822855 0.567697
  outer loop
    vertex 2.394865388814065 -0.5753543958066307 1.58186946889526
    vertex 2.519105747374383 -0.2036024953758509 1.048523939026784
    vertex 1.971467172283813 -0.2786405664284363 1.133071417583091
  endloop
endfacet
facet normal 0.0284717 0.842546 0.537871
  outer loop
    vertex 4.596064876444927 -0.5049768017320591 1.546430337938155
    vertex 4.949207756708956 -0.2193774510368347 1.080360514645407
    vertex 4.32161221293922 -0.1979435625582323 1.080006686961554
  endloop
endfacet
facet normal 0.103196 0.677658 0.7281
  outer loop
    vertex 5.244329327435149 -0.5329720725004632 1.514530725623697
    vertex 4.921033424662713 -0.9218725580024538 1.922310433923333
    vertex 5.543679957369253 -0.9560478600287706 1.865868738519405
  endloop
endfacet
facet normal 0.0909954 0.673537 0.733531
  outer loop
    vertex 5.244329327435149 -0.5329720725004632 1.514530725623697
    vertex 5.543679957369253 -0.9560478600287706 1.865868738519405
    vertex 5.85742411535864 -0.6029609574239598 1.502740209239001
  endloop
endfacet
facet normal 0.0175575 0.390948 0.920245
  outer loop
    vertex 3.548311554967274 -2.759057838510712 3
    vertex 4.151753013296932 -2.786158425653083 3
    vertex 3.781388119022375 -2.196305117493303 2.75647900144916
  endloop
endfacet
facet normal -0.0131518 0.996669 0.0804908
  outer loop
    vertex 2.499999999999993 0 0
    vertex 2.187500000003605 -0.04766638049342897 0.5391629310046624
    vertex 2.800682263199983 -0.03923956417910402 0.5350099346102476
  endloop
endfacet
facet normal -0.00592484 0.997559 0.069573
  outer loop
    vertex 3.422005820171196 -0.03571503937735335 0.5373861448946334
    vertex 3.124999999999991 0 0
    vertex 2.800682263199983 -0.03923956417910402 0.5350099346102476
  endloop
endfacet
facet normal -0.131437 0.600639 0.788643
  outer loop
    vertex 0.5473382474325752 -0.71694744423895 1.424528158952696
    vertex 0.8353703024274065 -1.09423488332455 1.75987837902795
    vertex 1.115211156593522 -0.6440870186714733 1.463679620289096
  endloop
endfacet
facet normal 0.00157486 0.997733 0.0672712
  outer loop
    vertex 3.749999999999989 0 0
    vertex 3.422005820171196 -0.03571503937735335 0.5373861448946334
    vertex 4.029351362624621 -0.03741048666011698 0.5483138313456997
  endloop
endfacet
facet normal 0.0382708 0.990249 0.133948
  outer loop
    vertex 6.249999999999992 0 0
    vertex 5.937499999999208 -0.06067650288579847 0.5378541735428327
    vertex 6.437310079113213 -0.08539800191209121 0.5778122863998462
  endloop
endfacet
facet normal 0.133324 0.77257 0.620774
  outer loop
    vertex 5.85742411535864 -0.6029609574239598 1.502740209239001
    vertex 6.448592713166784 -0.6865634467678876 1.479820022045605
    vertex 6.125792802120763 -0.2716326919979999 1.032754973281178
  endloop
endfacet
facet normal -0.0288068 0.407003 0.912972
  outer loop
    vertex 3.548311554967274 -2.759057838510712 3
    vertex 3.781388119022375 -2.196305117493303 2.75647900144916
    vertex 3.242112050907579 -2.261660977144804 2.768599020337728
  endloop
endfacet
facet normal 0.148898 0.458797 0.875976
  outer loop
    vertex 5.229040071800036 -1.400773263039247 2.214865722417094
    vertex 5.515927176297829 -1.929963589850072 2.443266745124602
    vertex 5.862522554174854 -1.500375474580413 2.159353690303676
  endloop
endfacet
facet normal -0.087139 0.791212 0.605301
  outer loop
    vertex 1.71394326005882 -0.6082870109988711 1.52689162940008
    vertex 2.394865388814065 -0.5753543958066307 1.58186946889526
    vertex 1.971467172283813 -0.2786405664284363 1.133071417583091
  endloop
endfacet
facet normal 0.0133675 0.996362 0.0841712
  outer loop
    vertex 4.999999999999985 0 0
    vertex 4.660847698284321 -0.04191815427133199 0.5500609917725483
    vertex 5.291911384942548 -0.0503168488688973 0.5492575592746902
  endloop
endfacet
facet normal 0.013576 0.458218 0.888736
  outer loop
    vertex 3.781388119022375 -2.196305117493303 2.75647900144916
    vertex 4.221331198463152 -1.929526116557971 2.612211820736388
    vertex 3.58149620711512 -1.765599916357508 2.53746810380299
  endloop
endfacet
facet normal -0.118468 0.638347 0.760578
  outer loop
    vertex 1.115211156593522 -0.6440870186714733 1.463679620289096
    vertex 1.409404176499058 -1.021730343406397 1.82645627872534
    vertex 1.71394326005882 -0.6082870109988711 1.52689162940008
  endloop
endfacet
facet normal 0.0130438 0.950343 0.31093
  outer loop
    vertex 5.291911384942548 -0.0503168488688973 0.5492575592746902
    vertex 4.660847698284321 -0.04191815427133199 0.5500609917725483
    vertex 4.949207756708956 -0.2193774510368347 1.080360514645407
  endloop
endfacet
facet normal 0.0240827 0.714819 0.698895
  outer loop
    vertex 3.972871036700195 -0.466366677901905 1.528414719230923
    vertex 4.275040847359478 -0.8689859757426175 1.929794904246559
    vertex 4.596064876444927 -0.5049768017320591 1.546430337938155
  endloop
endfacet
facet normal 0.0257973 0.496347 0.867741
  outer loop
    vertex 3.58149620711512 -1.765599916357508 2.53746810380299
    vertex 4.221331198463152 -1.929526116557971 2.612211820736388
    vertex 3.916807446846176 -1.297221484097698 2.25958783947882
  endloop
endfacet
facet normal 0.0674494 0.755104 0.652127
  outer loop
    vertex 6.448592713166784 -0.6865634467678876 1.479820022045605
    vertex 6.736672254237357 -0.3593536120467539 1.071144651664952
    vertex 6.125792802120763 -0.2716326919979999 1.032754973281178
  endloop
endfacet
facet normal 0.205815 0.364728 0.908082
  outer loop
    vertex 5.841599745198807 -2.41535887932127 2.564411101575657
    vertex 6.14107543431753 -1.979190793384454 2.321350103418927
    vertex 5.515927176297829 -1.929963589850072 2.443266745124602
  endloop
endfacet
facet normal 0.177758 0.487733 0.854704
  outer loop
    vertex 6.434320047453262 -1.552097889786564 2.055684060286425
    vertex 6.718357567052674 -1.138414556683681 1.760544611268349
    vertex 6.157559137534003 -1.072826870308252 1.839750022650882
  endloop
endfacet
facet normal 0.145272 0.583252 0.799195
  outer loop
    vertex 6.718357567052674 -1.138414556683681 1.760544611268349
    vertex 6.98768042177327 -0.7461622360088218 1.425323503741728
    vertex 6.448592713166784 -0.6865634467678876 1.479820022045605
  endloop
endfacet
facet normal 0.1006 0.706611 0.700414
  outer loop
    vertex 6.98768042177327 -0.7461622360088218 1.425323503741728
    vertex 7.230826252845702 -0.3920351545937547 1.033140342958839
    vertex 6.736672254237357 -0.3593536120467539 1.071144651664952
  endloop
endfacet
facet normal -0.184168 0.383703 0.904906
  outer loop
    vertex 1.452955268248235 -1.903197101701561 2.320968583031035
    vertex 1.77339490307815 -2.322934582686699 2.564164408820315
    vertex 1.897553777239418 -1.775989254741568 2.357514927616985
  endloop
endfacet
facet normal -0.162118 0.505139 0.847675
  outer loop
    vertex 0.8353703024274065 -1.09423488332455 1.75987837902795
    vertex 1.139214561206514 -1.492234412500873 2.055161253757881
    vertex 1.409404176499058 -1.021730343406397 1.82645627872534
  endloop
endfacet
facet normal -0.00219963 0.962415 0.271573
  outer loop
    vertex 4.029351362624621 -0.03741048666011698 0.5483138313456997
    vertex 3.422005820171196 -0.03571503937735335 0.5373861448946334
    vertex 3.707026681906758 -0.1820206946436906 1.058181569830119
  endloop
endfacet
facet normal 0.0148604 0.959442 0.281514
  outer loop
    vertex 4.32161221293922 -0.1979435625582323 1.080006686961554
    vertex 4.029351362624621 -0.03741048666011698 0.5483138313456997
    vertex 3.707026681906758 -0.1820206946436906 1.058181569830119
  endloop
endfacet
facet normal -0.0658536 0.565097 0.822392
  outer loop
    vertex 3.260399468241923 -1.276382290921469 2.234693292156509
    vertex 2.677338281144482 -1.046130387353775 2.029789179185191
    vertex 2.833045161520413 -1.365919379273633 2.261997015536966
  endloop
endfacet
facet normal 0.00680665 0.857396 0.514612
  outer loop
    vertex 3.378983052138501 -0.4356840280941143 1.485149508314812
    vertex 3.972871036700195 -0.466366677901905 1.528414719230923
    vertex 3.707026681906758 -0.1820206946436906 1.058181569830119
  endloop
endfacet
facet normal 0.0211451 0.938569 0.344443
  outer loop
    vertex 5.569787971655651 -0.2434300888070197 1.058411253880085
    vertex 5.937499999999208 -0.06067650288579847 0.5378541735428327
    vertex 5.291911384942548 -0.0503168488688973 0.5492575592746902
  endloop
endfacet
facet normal -0.0385732 0.990603 0.131215
  outer loop
    vertex 1.249999999999997 0 0
    vertex 1.046093563852784 -0.08529500597168255 0.5839915830727208
    vertex 1.590565963478294 -0.05732078457190817 0.5328593301301411
  endloop
endfacet
facet normal -0.017127 0.995049 0.0978973
  outer loop
    vertex 2.187500000003605 -0.04766638049342897 0.5391629310046624
    vertex 1.874999999999995 0 0
    vertex 1.590565963478294 -0.05732078457190817 0.5328593301301411
  endloop
endfacet
facet normal -0.166968 0.612299 0.772794
  outer loop
    vertex 0.8353703024274065 -1.09423488332455 1.75987837902795
    vertex 1.409404176499058 -1.021730343406397 1.82645627872534
    vertex 1.115211156593522 -0.6440870186714733 1.463679620289096
  endloop
endfacet
facet normal 0 0.994264 0.106955
  outer loop
    vertex 1.874999999999995 0 0
    vertex 1.249999999999997 0 0
    vertex 1.590565963478294 -0.05732078457190817 0.5328593301301411
  endloop
endfacet
facet normal 0.198524 0.41577 0.887538
  outer loop
    vertex 6.14107543431753 -1.979190793384454 2.321350103418927
    vertex 6.434320047453262 -1.552097889786564 2.055684060286425
    vertex 5.862522554174854 -1.500375474580413 2.159353690303676
  endloop
endfacet
facet normal 0.11859 0.627624 0.769432
  outer loop
    vertex 5.85742411535864 -0.6029609574239598 1.502740209239001
    vertex 6.157559137534003 -1.072826870308252 1.839750022650882
    vertex 6.448592713166784 -0.6865634467678876 1.479820022045605
  endloop
endfacet
facet normal -0.0765323 0.938356 0.337093
  outer loop
    vertex 2.519105747374383 -0.2036024953758509 1.048523939026784
    vertex 2.187500000003605 -0.04766638049342897 0.5391629310046624
    vertex 1.971467172283813 -0.2786405664284363 1.133071417583091
  endloop
endfacet
facet normal -0.0110847 0.954094 0.299303
  outer loop
    vertex 2.800682263199983 -0.03923956417910402 0.5350099346102476
    vertex 2.187500000003605 -0.04766638049342897 0.5391629310046624
    vertex 2.519105747374383 -0.2036024953758509 1.048523939026784
  endloop
endfacet
facet normal -0.125953 0.454086 0.88201
  outer loop
    vertex 2.862810380906128 -1.745599322643926 2.483232020660476
    vertex 2.355619540058038 -1.457413635387069 2.262436996531869
    vertex 2.267368543904587 -2.009260490722894 2.533942462409224
  endloop
endfacet
facet normal -0.178654 0.434563 0.882745
  outer loop
    vertex 1.139214561206514 -1.492234412500873 2.055161253757881
    vertex 1.452955268248235 -1.903197101701561 2.320968583031035
    vertex 1.698865487524094 -1.4178410533988 2.131802942391249
  endloop
endfacet
facet normal -0.136816 0.540132 0.830384
  outer loop
    vertex 2.049452569303922 -0.9994929569420967 1.917447319226156
    vertex 1.409404176499058 -1.021730343406397 1.82645627872534
    vertex 1.698865487524094 -1.4178410533988 2.131802942391249
  endloop
endfacet
facet normal 0.198152 0.495464 0.845725
  outer loop
    vertex 6.434320047453262 -1.552097889786564 2.055684060286425
    vertex 6.157559137534003 -1.072826870308252 1.839750022650882
    vertex 5.862522554174854 -1.500375474580413 2.159353690303676
  endloop
endfacet
facet normal -0.0706571 0.763735 0.641651
  outer loop
    vertex 1.115211156593522 -0.6440870186714733 1.463679620289096
    vertex 1.386861138380332 -0.28484948884341 1.066004920520348
    vertex 0.8046997312297719 -0.3599296509906296 1.091264030682403
  endloop
endfacet
facet normal 0.0368794 0.844533 0.534231
  outer loop
    vertex 3.972871036700195 -0.466366677901905 1.528414719230923
    vertex 4.596064876444927 -0.5049768017320591 1.546430337938155
    vertex 4.32161221293922 -0.1979435625582323 1.080006686961554
  endloop
endfacet
facet normal 0.0721326 0.977324 0.199084
  outer loop
    vertex 6.874999999999996 0 0
    vertex 6.437310079113213 -0.08539800191209121 0.5778122863998462
    vertex 6.912762523422407 -0.1394165112022666 0.670727712954617
  endloop
endfacet
facet normal 0.0681222 0.796685 0.600543
  outer loop
    vertex 5.569787971655651 -0.2434300888070197 1.058411253880085
    vertex 5.85742411535864 -0.6029609574239598 1.502740209239001
    vertex 6.125792802120763 -0.2716326919979999 1.032754973281178
  endloop
endfacet
facet normal 0.0741643 0.84747 0.525638
  outer loop
    vertex 7.230826252845702 -0.3920351545937547 1.033140342958839
    vertex 7.420956730446118 -0.1151217038316485 0.5598548160331279
    vertex 6.912762523422407 -0.1394165112022666 0.670727712954617
  endloop
endfacet
facet normal -0.108179 0.417805 0.902073
  outer loop
    vertex 2.610795791309525 -2.433969406342019 2.771835555271915
    vertex 2.862810380906128 -1.745599322643926 2.483232020660476
    vertex 2.267368543904587 -2.009260490722894 2.533942462409224
  endloop
endfacet
facet normal -0.00649323 0.962985 0.269476
  outer loop
    vertex 3.422005820171196 -0.03571503937735335 0.5373861448946334
    vertex 2.800682263199983 -0.03923956417910402 0.5350099346102476
    vertex 3.10888081150499 -0.173584323853965 1.02252384744282
  endloop
endfacet
facet normal -0.145085 0.468671 0.871377
  outer loop
    vertex 1.698865487524094 -1.4178410533988 2.131802942391249
    vertex 1.897553777239418 -1.775989254741568 2.357514927616985
    vertex 2.355619540058038 -1.457413635387069 2.262436996531869
  endloop
endfacet
facet normal 0.180208 0.594464 0.78367
  outer loop
    vertex 6.157559137534003 -1.072826870308252 1.839750022650882
    vertex 6.718357567052674 -1.138414556683681 1.760544611268349
    vertex 6.448592713166784 -0.6865634467678876 1.479820022045605
  endloop
endfacet
facet normal -0.036091 0.957359 0.286637
  outer loop
    vertex 2.800682263199983 -0.03923956417910402 0.5350099346102476
    vertex 2.519105747374383 -0.2036024953758509 1.048523939026784
    vertex 3.10888081150499 -0.173584323853965 1.02252384744282
  endloop
endfacet
facet normal 0.0640998 0.926587 0.370579
  outer loop
    vertex 5.937499999999208 -0.06067650288579847 0.5378541735428327
    vertex 5.569787971655651 -0.2434300888070197 1.058411253880085
    vertex 6.125792802120763 -0.2716326919979999 1.032754973281178
  endloop
endfacet
facet normal 0.148131 0.718433 0.67964
  outer loop
    vertex 6.98768042177327 -0.7461622360088218 1.425323503741728
    vertex 6.736672254237357 -0.3593536120467539 1.071144651664952
    vertex 6.448592713166784 -0.6865634467678876 1.479820022045605
  endloop
endfacet
facet normal -0.101575 0.716985 0.689648
  outer loop
    vertex 0.2874166256393867 -0.3764813004582247 1.032283731386933
    vertex 0.5473382474325752 -0.71694744423895 1.424528158952696
    vertex 0.8046997312297719 -0.3599296509906296 1.091264030682403
  endloop
endfacet
facet normal -0.198256 0.441507 0.875081
  outer loop
    vertex 1.452955268248235 -1.903197101701561 2.320968583031035
    vertex 1.897553777239418 -1.775989254741568 2.357514927616985
    vertex 1.698865487524094 -1.4178410533988 2.131802942391249
  endloop
endfacet
facet normal 0.00387681 0.856679 0.515835
  outer loop
    vertex 3.972871036700195 -0.466366677901905 1.528414719230923
    vertex 4.32161221293922 -0.1979435625582323 1.080006686961554
    vertex 3.707026681906758 -0.1820206946436906 1.058181569830119
  endloop
endfacet
facet normal -0.183032 0.512816 0.83876
  outer loop
    vertex 1.409404176499058 -1.021730343406397 1.82645627872534
    vertex 1.139214561206514 -1.492234412500873 2.055161253757881
    vertex 1.698865487524094 -1.4178410533988 2.131802942391249
  endloop
endfacet
facet normal -0.00262921 0.962353 0.27179
  outer loop
    vertex 3.707026681906758 -0.1820206946436906 1.058181569830119
    vertex 3.422005820171196 -0.03571503937735335 0.5373861448946334
    vertex 3.10888081150499 -0.173584323853965 1.02252384744282
  endloop
endfacet
facet normal -0.0176377 0.86548 0.500634
  outer loop
    vertex 3.378983052138501 -0.4356840280941143 1.485149508314812
    vertex 3.707026681906758 -0.1820206946436906 1.058181569830119
    vertex 3.10888081150499 -0.173584323853965 1.02252384744282
  endloop
endfacet
facet normal -0.0941994 0.495693 0.863374
  outer loop
    vertex 2.355619540058038 -1.457413635387069 2.262436996531869
    vertex 2.862810380906128 -1.745599322643926 2.483232020660476
    vertex 2.833045161520413 -1.365919379273633 2.261997015536966
  endloop
endfacet
facet normal 0.205479 0.418798 0.884526
  outer loop
    vertex 5.515927176297829 -1.929963589850072 2.443266745124602
    vertex 6.14107543431753 -1.979190793384454 2.321350103418927
    vertex 5.862522554174854 -1.500375474580413 2.159353690303676
  endloop
endfacet
facet normal 0.0958046 0.854076 0.51125
  outer loop
    vertex 6.736672254237357 -0.3593536120467539 1.071144651664952
    vertex 7.230826252845702 -0.3920351545937547 1.033140342958839
    vertex 6.912762523422407 -0.1394165112022666 0.670727712954617
  endloop
endfacet
facet normal -0.0782797 0.789067 0.609299
  outer loop
    vertex 1.386861138380332 -0.28484948884341 1.066004920520348
    vertex 1.71394326005882 -0.6082870109988711 1.52689162940008
    vertex 1.971467172283813 -0.2786405664284363 1.133071417583091
  endloop
endfacet
facet normal -0.0969334 0.826967 0.553831
  outer loop
    vertex 2.519105747374383 -0.2036024953758509 1.048523939026784
    vertex 2.394865388814065 -0.5753543958066307 1.58186946889526
    vertex 2.925515442333929 -0.4098582750345231 1.427631010153192
  endloop
endfacet
facet normal -0.104724 0.550445 0.828277
  outer loop
    vertex 2.677338281144482 -1.046130387353775 2.029789179185191
    vertex 2.355619540058038 -1.457413635387069 2.262436996531869
    vertex 2.833045161520413 -1.365919379273633 2.261997015536966
  endloop
endfacet
facet normal 0.00505811 0.875534 0.483129
  outer loop
    vertex 6.437310079113213 -0.08539800191209121 0.5778122863998462
    vertex 6.736672254237357 -0.3593536120467539 1.071144651664952
    vertex 6.912762523422407 -0.1394165112022666 0.670727712954617
  endloop
endfacet
facet normal -0.011131 0.881546 0.471967
  outer loop
    vertex 0.8046997312297719 -0.3599296509906296 1.091264030682403
    vertex 1.046093563852784 -0.08529500597168255 0.5839915830727208
    vertex 0.5396127603243532 -0.1338463976577554 0.6627313832415508
  endloop
endfacet
facet normal -0.00962039 0.729531 0.683881
  outer loop
    vertex 3.648892321476091 -0.8246553596024252 1.903882114093581
    vertex 3.378983052138501 -0.4356840280941143 1.485149508314812
    vertex 3.060652550301217 -0.7447246774119851 1.810340977033826
  endloop
endfacet
facet normal -0.13966 0.727612 0.671622
  outer loop
    vertex 0.5473382474325752 -0.71694744423895 1.424528158952696
    vertex 1.115211156593522 -0.6440870186714733 1.463679620289096
    vertex 0.8046997312297719 -0.3599296509906296 1.091264030682403
  endloop
endfacet
facet normal -0.0421136 0.744497 0.666296
  outer loop
    vertex 3.378983052138501 -0.4356840280941143 1.485149508314812
    vertex 2.925515442333929 -0.4098582750345231 1.427631010153192
    vertex 3.060652550301217 -0.7447246774119851 1.810340977033826
  endloop
endfacet
facet normal -0.188734 0.384289 0.903715
  outer loop
    vertex 1.897553777239418 -1.775989254741568 2.357514927616985
    vertex 1.77339490307815 -2.322934582686699 2.564164408820315
    vertex 2.267368543904587 -2.009260490722894 2.533942462409224
  endloop
endfacet
facet normal -0.0223053 0.867961 0.496132
  outer loop
    vertex 3.10888081150499 -0.173584323853965 1.02252384744282
    vertex 2.519105747374383 -0.2036024953758509 1.048523939026784
    vertex 2.925515442333929 -0.4098582750345231 1.427631010153192
  endloop
endfacet
facet normal -0.0725884 0.85573 0.512305
  outer loop
    vertex 0.08433513685779051 -0.1104689122555489 0.559174575652618
    vertex 0.2874166256393867 -0.3764813004582247 1.032283731386933
    vertex 0.5396127603243532 -0.1338463976577554 0.6627313832415508
  endloop
endfacet
facet normal -0.0139523 0.866466 0.499041
  outer loop
    vertex 3.378983052138501 -0.4356840280941143 1.485149508314812
    vertex 3.10888081150499 -0.173584323853965 1.02252384744282
    vertex 2.925515442333929 -0.4098582750345231 1.427631010153192
  endloop
endfacet
facet normal -0.0851204 0.858555 0.505607
  outer loop
    vertex 0.2874166256393867 -0.3764813004582247 1.032283731386933
    vertex 0.8046997312297719 -0.3599296509906296 1.091264030682403
    vertex 0.5396127603243532 -0.1338463976577554 0.6627313832415508
  endloop
endfacet
facet normal -0.133377 0.454605 0.88065
  outer loop
    vertex 2.355619540058038 -1.457413635387069 2.262436996531869
    vertex 1.897553777239418 -1.775989254741568 2.357514927616985
    vertex 2.267368543904587 -2.009260490722894 2.533942462409224
  endloop
endfacet
facet normal 0.0570182 0.407883 0.911252
  outer loop
    vertex 4.151753013296932 -2.786158425653083 3
    vertex 4.599407645074431 -2.32332270438894 2.764821205189045
    vertex 4.221331198463152 -1.929526116557971 2.612211820736388
  endloop
endfacet
facet normal 0.0512016 0.408406 0.911363
  outer loop
    vertex 3.781388119022375 -2.196305117493303 2.75647900144916
    vertex 4.151753013296932 -2.786158425653083 3
    vertex 4.221331198463152 -1.929526116557971 2.612211820736388
  endloop
endfacet
facet normal 0.999817 -0.0101406 0.0162517
  outer loop
    vertex 7.516607066257055 -6.461862507310179 0.4854987117444156
    vertex 7.505999547872273 -6.514373576715005 1.105314187818958
    vertex 7.509914739321555 -7.023654415408528 0.5466746016385734
  endloop
endfacet
facet normal 0.992147 -0.0888912 0.0879906
  outer loop
    vertex 7.505999547872273 -6.514373576715005 1.105314187818958
    vertex 7.440436052123177 -7.125023784880742 1.227682054545023
    vertex 7.509914739321555 -7.023654415408528 0.5466746016385734
  endloop
endfacet
facet normal 0.984778 0.0583526 0.163729
  outer loop
    vertex 7.490248563553103 -2.099069229845955 0.59510638615234
    vertex 7.488791080075865 -1.618556035823307 0.4326192926236703
    vertex 7.392146490802165 -1.433643328552646 0.948002739916316
  endloop
endfacet
facet normal 0.972694 0.0208136 0.231154
  outer loop
    vertex 7.326287026275095 -1.879000255584431 1.26523955248046
    vertex 7.490248563553103 -2.099069229845955 0.59510638615234
    vertex 7.392146490802165 -1.433643328552646 0.948002739916316
  endloop
endfacet
facet normal 0.257345 -0.27264 0.92706
  outer loop
    vertex 5.49098817944214 -6.425293008136482 3
    vertex 5.07251681765806 -6.82028823734363 3
    vertex 5.748817227691697 -6.904604150129659 2.787467555822145
  endloop
endfacet
facet normal 0.988817 0 0.149134
  outer loop
    vertex 7.5 -9.375000000000002 0
    vertex 7.41566486314221 -9.889531087744452 0.5591745756526176
    vertex 7.5 -10 0
  endloop
endfacet
facet normal 0.99018 0 0.139799
  outer loop
    vertex 7.5 0 0
    vertex 7.420956730446118 -0.1151217038316485 0.5598548160331279
    vertex 7.5 -0.6250000000000013 0
  endloop
endfacet
facet normal 0.287704 0.254631 0.923249
  outer loop
    vertex 5.23036213336435 -3.30558920149188 3
    vertex 5.611741753108191 -3.736505779699156 3
    vertex 5.936864818896499 -3.256501133171855 2.766300090469963
  endloop
endfacet
facet normal 0.290254 0.236748 0.927202
  outer loop
    vertex 5.537654966455426 -2.858035921872239 2.789527554588953
    vertex 5.23036213336435 -3.30558920149188 3
    vertex 5.936864818896499 -3.256501133171855 2.766300090469963
  endloop
endfacet
facet normal 0.260591 -0.25615 0.930849
  outer loop
    vertex 5.07251681765806 -6.82028823734363 3
    vertex 5.40136076468348 -7.251034359105139 2.789407946707001
    vertex 5.748817227691697 -6.904604150129659 2.787467555822145
  endloop
endfacet
facet normal 0.983822 0.0292732 0.176741
  outer loop
    vertex 7.460461277723772 -4.804725504338884 1.604504405291066
    vertex 7.544103966186324 -4.3649085108135 1.06606505707572
    vertex 7.44230126042863 -4.124821888306173 1.592980633774496
  endloop
endfacet
facet normal 0.971848 0.134043 0.193763
  outer loop
    vertex 7.326287026275095 -1.879000255584431 1.26523955248046
    vertex 7.431816269768701 -2.506196947499648 1.169829698162823
    vertex 7.490248563553103 -2.099069229845955 0.59510638615234
  endloop
endfacet
facet normal 0.42404 0.225017 0.877244
  outer loop
    vertex 6.29174567134257 -3.630963792255163 2.690809781071399
    vertex 6.531419479885544 -3.143027017627319 2.44979900715254
    vertex 5.936864818896499 -3.256501133171855 2.766300090469963
  endloop
endfacet
facet normal 0.608561 -0.0898497 0.788404
  outer loop
    vertex 6.492758464291442 -5.627016984213178 2.684359547225557
    vertex 6.975685039299819 -5.661030032761363 2.307717024331502
    vertex 6.826101063290209 -5.240078718867686 2.471152739681542
  endloop
endfacet
facet normal 0.881873 0.031528 0.470431
  outer loop
    vertex 7.190461211929638 -4.425234688411402 2.085214717872958
    vertex 7.460461277723772 -4.804725504338884 1.604504405291066
    vertex 7.44230126042863 -4.124821888306173 1.592980633774496
  endloop
endfacet
facet normal 0.582134 -0.0544859 0.811265
  outer loop
    vertex 6.473929624612706 -5.174095931121017 2.728289362331737
    vertex 6.492758464291442 -5.627016984213178 2.684359547225557
    vertex 6.826101063290209 -5.240078718867686 2.471152739681542
  endloop
endfacet
facet normal 0.520209 0.158947 0.839118
  outer loop
    vertex 6.531419479885544 -3.143027017627319 2.44979900715254
    vertex 6.29174567134257 -3.630963792255163 2.690809781071399
    vertex 6.745060658182794 -3.57652234686773 2.399466140219388
  endloop
endfacet
facet normal 0.992819 -0.0403381 0.11262
  outer loop
    vertex 7.41566486314221 -9.889531087744452 0.5591745756526176
    vertex 7.5 -9.375000000000002 0
    vertex 7.43602410666392 -9.35640326280777 0.5706496628691219
  endloop
endfacet
facet normal 0.565877 -0.204433 0.798743
  outer loop
    vertex 6.614052457991498 -6.241083653307506 2.514698304267948
    vertex 6.370299195314431 -6.97774741719804 2.498843456909156
    vertex 6.941669220064961 -6.746757108696274 2.153171472456642
  endloop
endfacet
facet normal 0.607762 -0.097693 0.788087
  outer loop
    vertex 6.492758464291442 -5.627016984213178 2.684359547225557
    vertex 6.614052457991498 -6.241083653307506 2.514698304267948
    vertex 6.975685039299819 -5.661030032761363 2.307717024331502
  endloop
endfacet
facet normal 0.98773 0.00330579 0.156137
  outer loop
    vertex 7.544103966186324 -4.3649085108135 1.06606505707572
    vertex 7.460461277723772 -4.804725504338884 1.604504405291066
    vertex 7.550064005256521 -4.925208966542966 1.040224459986845
  endloop
endfacet
facet normal 0.993803 0.0403269 0.103583
  outer loop
    vertex 7.5 -0.6250000000000013 0
    vertex 7.420956730446118 -0.1151217038316485 0.5598548160331279
    vertex 7.441817127853723 -0.65049177576274 0.5681447509995657
  endloop
endfacet
facet normal 0.999007 -0.0409468 0.0175606
  outer loop
    vertex 7.482413364745199 -7.593890346855281 0.7815595908777868
    vertex 7.5 -7.500000000000009 0
    vertex 7.509914739321555 -7.023654415408528 0.5466746016385734
  endloop
endfacet
facet normal 0.999619 0.0134519 0.0241094
  outer loop
    vertex 7.5 -7.500000000000009 0
    vertex 7.482413364745199 -7.593890346855281 0.7815595908777868
    vertex 7.497508314405824 -7.93246984935897 0.3446077294037814
  endloop
endfacet
facet normal 0.87272 0.00248918 0.488215
  outer loop
    vertex 7.460461277723772 -4.804725504338884 1.604504405291066
    vertex 7.190461211929638 -4.425234688411402 2.085214717872958
    vertex 7.156896407996806 -5.059527534851695 2.148448261075314
  endloop
endfacet
facet normal 0.999868 0.016132 0.00173461
  outer loop
    vertex 7.53070421060035 -5.462533078989285 1.252959841308205
    vertex 7.538517576253929 -5.901753471466771 0.8339525650655688
    vertex 7.529834554948785 -5.333646202486741 0.5555861291682562
  endloop
endfacet
facet normal 0.347066 -0.216527 0.912503
  outer loop
    vertex 5.795581027514045 -5.937068972848096 3
    vertex 5.49098817944214 -6.425293008136482 3
    vertex 6.076792587510335 -6.506626370434728 2.757892338969015
  endloop
endfacet
facet normal 0.381212 0.192701 0.904181
  outer loop
    vertex 5.611741753108191 -3.736505779699156 3
    vertex 5.871344334809309 -4.250067860955105 3
    vertex 6.29174567134257 -3.630963792255163 2.690809781071399
  endloop
endfacet
facet normal 0.993381 0.0176558 0.113505
  outer loop
    vertex 7.431816269768701 -2.506196947499648 1.169829698162823
    vertex 7.509089299102954 -2.812500000000328 0.5411895551861119
    vertex 7.490248563553103 -2.099069229845955 0.59510638615234
  endloop
endfacet
facet normal 0.346769 -0.217979 0.91227
  outer loop
    vertex 6.076792587510335 -6.506626370434728 2.757892338969015
    vertex 5.49098817944214 -6.425293008136482 3
    vertex 5.748817227691697 -6.904604150129659 2.787467555822145
  endloop
endfacet
facet normal 0.476927 -0.176342 0.861072
  outer loop
    vertex 6.614052457991498 -6.241083653307506 2.514698304267948
    vertex 6.076792587510335 -6.506626370434728 2.757892338969015
    vertex 6.370299195314431 -6.97774741719804 2.498843456909156
  endloop
endfacet
facet normal 0.499184 -0.218485 0.838498
  outer loop
    vertex 6.759465025574835 -7.381927430002508 2.14465083138774
    vertex 6.273840660466014 -7.57097871041208 2.384497746933493
    vertex 6.549903165521207 -7.990256151792333 2.110899145783785
  endloop
endfacet
facet normal 0.503725 -0.241762 0.829345
  outer loop
    vertex 6.370299195314431 -6.97774741719804 2.498843456909156
    vertex 6.273840660466014 -7.57097871041208 2.384497746933493
    vertex 6.759465025574835 -7.381927430002508 2.14465083138774
  endloop
endfacet
facet normal 0.687182 0.0905769 0.720817
  outer loop
    vertex 6.679471819875936 -4.068807177999824 2.527572208178636
    vertex 6.821042291251277 -4.736405935254776 2.476497298799163
    vertex 7.190461211929638 -4.425234688411402 2.085214717872958
  endloop
endfacet
facet normal 0.383651 0.181031 0.905561
  outer loop
    vertex 5.611741753108191 -3.736505779699156 3
    vertex 6.29174567134257 -3.630963792255163 2.690809781071399
    vertex 5.936864818896499 -3.256501133171855 2.766300090469963
  endloop
endfacet
facet normal 0.713951 0.0319507 0.699467
  outer loop
    vertex 7.190461211929638 -4.425234688411402 2.085214717872958
    vertex 6.821042291251277 -4.736405935254776 2.476497298799163
    vertex 7.156896407996806 -5.059527534851695 2.148448261075314
  endloop
endfacet
facet normal 0.663992 -0.0996344 0.741072
  outer loop
    vertex 6.614052457991498 -6.241083653307506 2.514698304267948
    vertex 6.941669220064961 -6.746757108696274 2.153171472456642
    vertex 7.164634193559087 -6.147902705135159 2.033911117991345
  endloop
endfacet
facet normal 0.574871 0.0594721 0.81608
  outer loop
    vertex 6.679471819875936 -4.068807177999824 2.527572208178636
    vertex 6.396323971416717 -4.437476740693063 2.75389686137077
    vertex 6.821042291251277 -4.736405935254776 2.476497298799163
  endloop
endfacet
facet normal 0.998799 -0.0472168 0.0130932
  outer loop
    vertex 7.516607066257055 -6.461862507310179 0.4854987117444156
    vertex 7.538517576253929 -5.901753471466771 0.8339525650655688
    vertex 7.505999547872273 -6.514373576715005 1.105314187818958
  endloop
endfacet
facet normal 0.993037 0.0865937 0.0798725
  outer loop
    vertex 7.509089299102954 -2.812500000000328 0.5411895551861119
    vertex 7.431816269768701 -2.506196947499648 1.169829698162823
    vertex 7.492216460138101 -3.147922211425034 1.114613742550484
  endloop
endfacet
facet normal 0.664569 -0.153366 0.731319
  outer loop
    vertex 6.614052457991498 -6.241083653307506 2.514698304267948
    vertex 7.164634193559087 -6.147902705135159 2.033911117991345
    vertex 6.975685039299819 -5.661030032761363 2.307717024331502
  endloop
endfacet
facet normal 0.786981 -0.175196 0.59158
  outer loop
    vertex 7.164634193559087 -6.147902705135159 2.033911117991345
    vertex 6.941669220064961 -6.746757108696274 2.153171472456642
    vertex 7.338266530459496 -6.655493714412714 1.652604623220365
  endloop
endfacet
facet normal 0.802527 0.229686 0.550631
  outer loop
    vertex 6.94042420653442 -1.670453660969583 1.740630419536375
    vertex 7.13608085838378 -2.264599796116554 1.703305087018984
    vertex 7.326287026275095 -1.879000255584431 1.26523955248046
  endloop
endfacet
facet normal 0.945725 0.135229 0.295495
  outer loop
    vertex 7.284487208041892 -2.886591054888411 1.659852758987279
    vertex 7.396079094922067 -3.527076579847675 1.595813699636438
    vertex 7.492216460138101 -3.147922211425034 1.114613742550484
  endloop
endfacet
facet normal 0.994913 -0.00657537 0.100526
  outer loop
    vertex 7.440436052123177 -7.125023784880742 1.227682054545023
    vertex 7.482413364745199 -7.593890346855281 0.7815595908777868
    vertex 7.509914739321555 -7.023654415408528 0.5466746016385734
  endloop
endfacet
facet normal 0.88566 -0.0442639 0.462219
  outer loop
    vertex 7.164634193559087 -6.147902705135159 2.033911117991345
    vertex 7.338266530459496 -6.655493714412714 1.652604623220365
    vertex 7.466204934524045 -6.027169182977115 1.467632188357209
  endloop
endfacet
facet normal 0.788696 -0.103703 0.605974
  outer loop
    vertex 7.338266530459496 -6.655493714412714 1.652604623220365
    vertex 6.941669220064961 -6.746757108696274 2.153171472456642
    vertex 7.166090732120107 -7.253991383344362 1.774273840335852
  endloop
endfacet
facet normal 0.594345 -0.247204 0.765274
  outer loop
    vertex 6.961994218491442 -7.83114721698166 1.842248015817065
    vertex 6.759465025574835 -7.381927430002508 2.14465083138774
    vertex 6.549903165521207 -7.990256151792333 2.110899145783785
  endloop
endfacet
facet normal 0.886586 -0.122745 0.44598
  outer loop
    vertex 7.164634193559087 -6.147902705135159 2.033911117991345
    vertex 7.466204934524045 -6.027169182977115 1.467632188357209
    vertex 7.340342529418887 -5.537186233067732 1.852696831301566
  endloop
endfacet
facet normal 0.895905 -0.174699 0.408453
  outer loop
    vertex 7.338266530459496 -6.655493714412714 1.652604623220365
    vertex 7.166090732120107 -7.253991383344362 1.774273840335852
    vertex 7.440436052123177 -7.125023784880742 1.227682054545023
  endloop
endfacet
facet normal 0.952887 0.00644731 0.303257
  outer loop
    vertex 7.340342529418887 -5.537186233067732 1.852696831301566
    vertex 7.466204934524045 -6.027169182977115 1.467632188357209
    vertex 7.53070421060035 -5.462533078989285 1.252959841308205
  endloop
endfacet
facet normal 0.898395 -0.0845693 0.430969
  outer loop
    vertex 7.440436052123177 -7.125023784880742 1.227682054545023
    vertex 7.166090732120107 -7.253991383344362 1.774273840335852
    vertex 7.305035458074562 -7.808115365001589 1.375893994032301
  endloop
endfacet
facet normal 0.953628 -0.0561933 0.295695
  outer loop
    vertex 7.340342529418887 -5.537186233067732 1.852696831301566
    vertex 7.53070421060035 -5.462533078989285 1.252959841308205
    vertex 7.460461277723772 -4.804725504338884 1.604504405291066
  endloop
endfacet
facet normal 0.99226 -0.0760171 0.0981872
  outer loop
    vertex 7.53070421060035 -5.462533078989285 1.252959841308205
    vertex 7.466204934524045 -6.027169182977115 1.467632188357209
    vertex 7.538517576253929 -5.901753471466771 0.8339525650655688
  endloop
endfacet
facet normal 0.961535 -0.139216 0.236788
  outer loop
    vertex 7.440436052123177 -7.125023784880742 1.227682054545023
    vertex 7.305035458074562 -7.808115365001589 1.375893994032301
    vertex 7.482413364745199 -7.593890346855281 0.7815595908777868
  endloop
endfacet
facet normal 0.79209 -0.212719 0.572141
  outer loop
    vertex 7.305035458074562 -7.808115365001589 1.375893994032301
    vertex 7.166090732120107 -7.253991383344362 1.774273840335852
    vertex 6.961994218491442 -7.83114721698166 1.842248015817065
  endloop
endfacet
facet normal 0.82583 0.0881946 0.556981
  outer loop
    vertex 7.284487208041892 -2.886591054888411 1.659852758987279
    vertex 7.040939068251893 -3.327143368368465 2.090718081581177
    vertex 7.396079094922067 -3.527076579847675 1.595813699636438
  endloop
endfacet
facet normal 0.605739 0.153797 0.780658
  outer loop
    vertex 7.040939068251893 -3.327143368368465 2.090718081581177
    vertex 6.8629122730368 -2.702345242232312 2.105763756669207
    vertex 6.531419479885544 -3.143027017627319 2.44979900715254
  endloop
endfacet
facet normal 0.886713 0.0799245 0.455359
  outer loop
    vertex 7.13608085838378 -2.264599796116554 1.703305087018984
    vertex 7.431816269768701 -2.506196947499648 1.169829698162823
    vertex 7.326287026275095 -1.879000255584431 1.26523955248046
  endloop
endfacet
facet normal 0.751851 0.199093 0.628555
  outer loop
    vertex 7.284487208041892 -2.886591054888411 1.659852758987279
    vertex 6.8629122730368 -2.702345242232312 2.105763756669207
    vertex 7.040939068251893 -3.327143368368465 2.090718081581177
  endloop
endfacet
facet normal 0.892639 0.184242 0.411401
  outer loop
    vertex 7.13608085838378 -2.264599796116554 1.703305087018984
    vertex 7.284487208041892 -2.886591054888411 1.659852758987279
    vertex 7.431816269768701 -2.506196947499648 1.169829698162823
  endloop
endfacet
facet normal 0.999188 -0.0393753 -0.00852327
  outer loop
    vertex 7.53070421060035 -5.462533078989285 1.252959841308205
    vertex 7.529834554948785 -5.333646202486741 0.5555861291682562
    vertex 7.550064005256521 -4.925208966542966 1.040224459986845
  endloop
endfacet
facet normal 0.747024 0.132731 0.651411
  outer loop
    vertex 7.13608085838378 -2.264599796116554 1.703305087018984
    vertex 6.8629122730368 -2.702345242232312 2.105763756669207
    vertex 7.284487208041892 -2.886591054888411 1.659852758987279
  endloop
endfacet
facet normal 0.66124 0.240622 0.710536
  outer loop
    vertex 7.13608085838378 -2.264599796116554 1.703305087018984
    vertex 6.665690556758777 -2.080497322395826 2.07871435466509
    vertex 6.8629122730368 -2.702345242232312 2.105763756669207
  endloop
endfacet
facet normal 0.491715 -0.063788 0.868417
  outer loop
    vertex 5.966371860246729 -5.387550999361964 3
    vertex 6.492758464291442 -5.627016984213178 2.684359547225557
    vertex 6.473929624612706 -5.174095931121017 2.728289362331737
  endloop
endfacet
facet normal 0.785253 -0.0426361 0.617705
  outer loop
    vertex 7.164634193559087 -6.147902705135159 2.033911117991345
    vertex 7.340342529418887 -5.537186233067732 1.852696831301566
    vertex 6.975685039299819 -5.661030032761363 2.307717024331502
  endloop
endfacet
facet normal 0.999859 0 -0.0167927
  outer loop
    vertex 7.5 -3.12500000000001 0
    vertex 7.5 -2.500000000000007 0
    vertex 7.509089299102954 -2.812500000000328 0.5411895551861119
  endloop
endfacet
facet normal 0.998569 0 -0.0534696
  outer loop
    vertex 7.5 -5.000000000000017 0
    vertex 7.5 -4.375000000000014 0
    vertex 7.528642640783445 -4.676730074930469 0.5349142795546749
  endloop
endfacet
facet normal 0.999866 -0 0.0163838
  outer loop
    vertex 7.5 -2.500000000000007 0
    vertex 7.5 -1.875000000000005 0
    vertex 7.490248563553103 -2.099069229845955 0.59510638615234
  endloop
endfacet
facet normal 0.999368 0 -0.0355532
  outer loop
    vertex 7.5 -3.750000000000012 0
    vertex 7.5 -3.12500000000001 0
    vertex 7.519243758895476 -3.43750000000003 0.5409236801468195
  endloop
endfacet
facet normal 0.998861 0 -0.0477079
  outer loop
    vertex 7.5 -4.375000000000014 0
    vertex 7.5 -3.750000000000012 0
    vertex 7.525769965530758 -4.054211087463399 0.5395460435209263
  endloop
endfacet
facet normal 0.998561 0 -0.053622
  outer loop
    vertex 7.5 -5.625000000000016 0
    vertex 7.5 -5.000000000000017 0
    vertex 7.529834554948785 -5.333646202486741 0.5555861291682562
  endloop
endfacet
facet normal 0.999415 0 -0.0341862
  outer loop
    vertex 7.5 -6.875000000000012 0
    vertex 7.5 -6.250000000000014 0
    vertex 7.516607066257055 -6.461862507310179 0.4854987117444156
  endloop
endfacet
facet normal 0.999665 -0 0.0259007
  outer loop
    vertex 7.5 -1.875000000000005 0
    vertex 7.5 -1.250000000000003 0
    vertex 7.488791080075865 -1.618556035823307 0.4326192926236703
  endloop
endfacet
facet normal 0.999373 -0 0.0354149
  outer loop
    vertex 7.5 -8.750000000000005 0
    vertex 7.5 -8.125000000000007 0
    vertex 7.48433282084825 -8.449812664900042 0.4421124869113772
  endloop
endfacet
facet normal 0.942048 0.060271 0.330021
  outer loop
    vertex 7.431816269768701 -2.506196947499648 1.169829698162823
    vertex 7.284487208041892 -2.886591054888411 1.659852758987279
    vertex 7.492216460138101 -3.147922211425034 1.114613742550484
  endloop
endfacet
facet normal 0.53467 0.232153 0.812547
  outer loop
    vertex 6.531419479885544 -3.143027017627319 2.44979900715254
    vertex 6.8629122730368 -2.702345242232312 2.105763756669207
    vertex 6.374303905885284 -2.496512792343546 2.368468259375099
  endloop
endfacet
facet normal 0.998616 -0.0066047 -0.0521757
  outer loop
    vertex 7.538517576253929 -5.901753471466771 0.8339525650655688
    vertex 7.516607066257055 -6.461862507310179 0.4854987117444156
    vertex 7.513499063064548 -5.937500000000014 0.3596363828686445
  endloop
endfacet
facet normal 0.999478 0.00484984 -0.0319411
  outer loop
    vertex 7.528642640783445 -4.676730074930469 0.5349142795546749
    vertex 7.525769965530758 -4.054211087463399 0.5395460435209263
    vertex 7.544103966186324 -4.3649085108135 1.06606505707572
  endloop
endfacet
facet normal 0.551064 0.199681 0.810219
  outer loop
    vertex 6.718357567052674 -1.138414556683681 1.760544611268349
    vertex 6.434320047453262 -1.552097889786564 2.055684060286425
    vertex 6.94042420653442 -1.670453660969583 1.740630419536375
  endloop
endfacet
facet normal 0.99975 0.00982267 0.0200804
  outer loop
    vertex 7.5 -1.875000000000005 0
    vertex 7.488791080075865 -1.618556035823307 0.4326192926236703
    vertex 7.490248563553103 -2.099069229845955 0.59510638615234
  endloop
endfacet
facet normal 0.999647 0.0265112 -0.00148069
  outer loop
    vertex 7.509089299102954 -2.812500000000328 0.5411895551861119
    vertex 7.5 -2.500000000000007 0
    vertex 7.490248563553103 -2.099069229845955 0.59510638615234
  endloop
endfacet
facet normal 0.999525 0.0162506 -0.0261707
  outer loop
    vertex 7.519243758895476 -3.43750000000003 0.5409236801468195
    vertex 7.5 -3.12500000000001 0
    vertex 7.509089299102954 -2.812500000000328 0.5411895551861119
  endloop
endfacet
facet normal 0.999073 0.0106656 -0.0417045
  outer loop
    vertex 7.5 -3.750000000000012 0
    vertex 7.519243758895476 -3.43750000000003 0.5409236801468195
    vertex 7.525769965530758 -4.054211087463399 0.5395460435209263
  endloop
endfacet
facet normal 0.998703 0.00498558 -0.0506646
  outer loop
    vertex 7.528642640783445 -4.676730074930469 0.5349142795546749
    vertex 7.5 -4.375000000000014 0
    vertex 7.525769965530758 -4.054211087463399 0.5395460435209263
  endloop
endfacet
facet normal 0.998565 0.000126817 -0.053546
  outer loop
    vertex 7.5 -5.000000000000017 0
    vertex 7.528642640783445 -4.676730074930469 0.5349142795546749
    vertex 7.529834554948785 -5.333646202486741 0.5555861291682562
  endloop
endfacet
facet normal 0.99941 0.0296653 -0.0172952
  outer loop
    vertex 7.544103966186324 -4.3649085108135 1.06606505707572
    vertex 7.525769965530758 -4.054211087463399 0.5395460435209263
    vertex 7.526736808100427 -3.771361026445608 1.080569313524505
  endloop
endfacet
facet normal 0.908918 -0.0436358 0.414686
  outer loop
    vertex 7.212583374360612 -9.623518699541776 1.032283731386932
    vertex 7.41566486314221 -9.889531087744452 0.5591745756526176
    vertex 7.43602410666392 -9.35640326280777 0.5706496628691219
  endloop
endfacet
facet normal 0.383482 -0.249958 0.88908
  outer loop
    vertex 6.076792587510335 -6.506626370434728 2.757892338969015
    vertex 5.748817227691697 -6.904604150129659 2.787467555822145
    vertex 6.370299195314431 -6.97774741719804 2.498843456909156
  endloop
endfacet
facet normal 0.559783 -0.171454 0.810708
  outer loop
    vertex 6.941669220064961 -6.746757108696274 2.153171472456642
    vertex 6.370299195314431 -6.97774741719804 2.498843456909156
    vertex 6.759465025574835 -7.381927430002508 2.14465083138774
  endloop
endfacet
facet normal 0.999112 0.0162162 0.0388842
  outer loop
    vertex 7.519243758895476 -3.43750000000003 0.5409236801468195
    vertex 7.509089299102954 -2.812500000000328 0.5411895551861119
    vertex 7.492216460138101 -3.147922211425034 1.114613742550484
  endloop
endfacet
facet normal 0.654392 0.169198 0.736982
  outer loop
    vertex 6.94042420653442 -1.670453660969583 1.740630419536375
    vertex 6.665690556758777 -2.080497322395826 2.07871435466509
    vertex 7.13608085838378 -2.264599796116554 1.703305087018984
  endloop
endfacet
facet normal 0.993609 -0.00275813 0.11284
  outer loop
    vertex 7.538517576253929 -5.901753471466771 0.8339525650655688
    vertex 7.466204934524045 -6.027169182977115 1.467632188357209
    vertex 7.505999547872273 -6.514373576715005 1.105314187818958
  endloop
endfacet
facet normal 0.998336 0.0542045 0.0196725
  outer loop
    vertex 7.519243758895476 -3.43750000000003 0.5409236801468195
    vertex 7.492216460138101 -3.147922211425034 1.114613742550484
    vertex 7.526736808100427 -3.771361026445608 1.080569313524505
  endloop
endfacet
facet normal 0.958365 -0.0464378 0.281745
  outer loop
    vertex 7.338266530459496 -6.655493714412714 1.652604623220365
    vertex 7.440436052123177 -7.125023784880742 1.227682054545023
    vertex 7.505999547872273 -6.514373576715005 1.105314187818958
  endloop
endfacet
facet normal 0.66631 0.164136 0.727386
  outer loop
    vertex 6.98768042177327 -0.7461622360088218 1.425323503741728
    vertex 6.718357567052674 -1.138414556683681 1.760544611268349
    vertex 7.131286726830718 -1.286340182131215 1.415667733299953
  endloop
endfacet
facet normal 0.918395 0.041877 0.393443
  outer loop
    vertex 7.420956730446118 -0.1151217038316485 0.5598548160331279
    vertex 7.230826252845702 -0.3920351545937547 1.033140342958839
    vertex 7.441817127853723 -0.65049177576274 0.5681447509995657
  endloop
endfacet
facet normal 0.313558 0.250493 0.915934
  outer loop
    vertex 5.841599745198807 -2.41535887932127 2.564411101575657
    vertex 5.537654966455426 -2.858035921872239 2.789527554588953
    vertex 6.08527313000832 -2.847369862124019 2.599140473743655
  endloop
endfacet
facet normal 0.444903 0.232505 0.864871
  outer loop
    vertex 6.434320047453262 -1.552097889786564 2.055684060286425
    vertex 6.14107543431753 -1.979190793384454 2.321350103418927
    vertex 6.665690556758777 -2.080497322395826 2.07871435466509
  endloop
endfacet
facet normal 0.803726 0.0980836 0.58686
  outer loop
    vertex 7.230826252845702 -0.3920351545937547 1.033140342958839
    vertex 6.98768042177327 -0.7461622360088218 1.425323503741728
    vertex 7.322309270623768 -0.9652108363340337 1.003647596196159
  endloop
endfacet
facet normal 0.999917 0.0105978 -0.00732749
  outer loop
    vertex 7.525769965530758 -4.054211087463399 0.5395460435209263
    vertex 7.519243758895476 -3.43750000000003 0.5409236801468195
    vertex 7.526736808100427 -3.771361026445608 1.080569313524505
  endloop
endfacet
facet normal 0.346184 -0.258282 0.901913
  outer loop
    vertex 5.726605096921848 -7.677065417313301 2.564164408820314
    vertex 6.047044731751764 -8.096802898298442 2.320968583031034
    vertex 6.273840660466014 -7.57097871041208 2.384497746933493
  endloop
endfacet
facet normal 0.507412 -0.228959 0.830729
  outer loop
    vertex 6.360785438793483 -8.507765587499128 2.05516125375788
    vertex 6.664629697572591 -8.90576511667545 1.759878379027949
    vertex 6.788913425667642 -8.385363373141256 1.827394581297606
  endloop
endfacet
facet normal 0.788052 -0.0984753 0.607681
  outer loop
    vertex 6.952661752567424 -9.283052555761051 1.424528158952695
    vertex 7.212583374360612 -9.623518699541776 1.032283731386932
    vertex 7.288191820474507 -9.209946606473416 1.001253007085956
  endloop
endfacet
facet normal 0.999836 0 -0.0181335
  outer loop
    vertex 7.5 -7.500000000000009 0
    vertex 7.5 -6.875000000000012 0
    vertex 7.509914739321555 -7.023654415408528 0.5466746016385734
  endloop
endfacet
facet normal 0.666835 0.103209 0.738024
  outer loop
    vertex 6.679471819875936 -4.068807177999824 2.527572208178636
    vertex 7.129653341060012 -3.824200654187657 2.086607856634465
    vertex 6.745060658182794 -3.57652234686773 2.399466140219388
  endloop
endfacet
facet normal 0.460297 -0.143061 0.876162
  outer loop
    vertex 5.966371860246729 -5.387550999361964 3
    vertex 5.795581027514045 -5.937068972848096 3
    vertex 6.492758464291442 -5.627016984213178 2.684359547225557
  endloop
endfacet
facet normal 0.450584 0.0967815 0.887472
  outer loop
    vertex 5.871344334809309 -4.250067860955105 3
    vertex 5.992189202487791 -4.812683208848847 3
    vertex 6.396323971416717 -4.437476740693063 2.75389686137077
  endloop
endfacet
facet normal 0.478863 -0.0215058 0.877626
  outer loop
    vertex 5.992189202487791 -4.812683208848847 3
    vertex 5.966371860246729 -5.387550999361964 3
    vertex 6.473929624612706 -5.174095931121017 2.728289362331737
  endloop
endfacet
facet normal 0.998137 -0 0.061012
  outer loop
    vertex 7.5 -9.375000000000002 0
    vertex 7.5 -8.750000000000005 0
    vertex 7.471847828352906 -8.902554088191906 0.46056053194213
  endloop
endfacet
facet normal 0.553648 0.27666 0.785451
  outer loop
    vertex 6.434320047453262 -1.552097889786564 2.055684060286425
    vertex 6.665690556758777 -2.080497322395826 2.07871435466509
    vertex 6.94042420653442 -1.670453660969583 1.740630419536375
  endloop
endfacet
facet normal 0.972994 0.0414757 0.227072
  outer loop
    vertex 7.492216460138101 -3.147922211425034 1.114613742550484
    vertex 7.396079094922067 -3.527076579847675 1.595813699636438
    vertex 7.526736808100427 -3.771361026445608 1.080569313524505
  endloop
endfacet
facet normal 0.815883 0.207254 0.539797
  outer loop
    vertex 7.322309270623768 -0.9652108363340337 1.003647596196159
    vertex 6.98768042177327 -0.7461622360088218 1.425323503741728
    vertex 7.131286726830718 -1.286340182131215 1.415667733299953
  endloop
endfacet
facet normal 0.417602 -0.246792 0.874472
  outer loop
    vertex 6.047044731751764 -8.096802898298442 2.320968583031034
    vertex 6.360785438793483 -8.507765587499128 2.05516125375788
    vertex 6.549903165521207 -7.990256151792333 2.110899145783785
  endloop
endfacet
facet normal 0.9985 -0 0.0547575
  outer loop
    vertex 7.5 -1.250000000000003 0
    vertex 7.5 -0.6250000000000013 0
    vertex 7.474401948664178 -1.112385001182332 0.4667792979589132
  endloop
endfacet
facet normal 0.988126 0.0244523 0.151685
  outer loop
    vertex 7.460461277723772 -4.804725504338884 1.604504405291066
    vertex 7.53070421060035 -5.462533078989285 1.252959841308205
    vertex 7.550064005256521 -4.925208966542966 1.040224459986845
  endloop
endfacet
facet normal 0.679355 0.067038 0.730741
  outer loop
    vertex 6.679471819875936 -4.068807177999824 2.527572208178636
    vertex 7.190461211929638 -4.425234688411402 2.085214717872958
    vertex 7.129653341060012 -3.824200654187657 2.086607856634465
  endloop
endfacet
facet normal 0.367454 0.247321 0.896554
  outer loop
    vertex 6.14107543431753 -1.979190793384454 2.321350103418927
    vertex 5.841599745198807 -2.41535887932127 2.564411101575657
    vertex 6.374303905885284 -2.496512792343546 2.368468259375099
  endloop
endfacet
facet normal 0.521896 0.149028 0.83989
  outer loop
    vertex 6.29174567134257 -3.630963792255163 2.690809781071399
    vertex 6.679471819875936 -4.068807177999824 2.527572208178636
    vertex 6.745060658182794 -3.57652234686773 2.399466140219388
  endloop
endfacet
facet normal 0.528774 0.203545 0.823995
  outer loop
    vertex 6.8629122730368 -2.702345242232312 2.105763756669207
    vertex 6.665690556758777 -2.080497322395826 2.07871435466509
    vertex 6.374303905885284 -2.496512792343546 2.368468259375099
  endloop
endfacet
facet normal 0.9986 -0.0101707 -0.0519061
  outer loop
    vertex 7.529834554948785 -5.333646202486741 0.5555861291682562
    vertex 7.538517576253929 -5.901753471466771 0.8339525650655688
    vertex 7.513499063064548 -5.937500000000014 0.3596363828686445
  endloop
endfacet
facet normal 0.938785 -0.118901 0.323336
  outer loop
    vertex 7.305035458074562 -7.808115365001589 1.375893994032301
    vertex 7.270434946213496 -8.388372605505699 1.262975167162018
    vertex 7.436168092753556 -8.103013700180481 0.8867149759733179
  endloop
endfacet
facet normal 0.788042 -0.0756366 0.610958
  outer loop
    vertex 6.975685039299819 -5.661030032761363 2.307717024331502
    vertex 7.340342529418887 -5.537186233067732 1.852696831301566
    vertex 7.156896407996806 -5.059527534851695 2.148448261075314
  endloop
endfacet
facet normal 0.691852 -0.16178 0.703681
  outer loop
    vertex 6.961994218491442 -7.83114721698166 1.842248015817065
    vertex 7.166090732120107 -7.253991383344362 1.774273840335852
    vertex 6.759465025574835 -7.381927430002508 2.14465083138774
  endloop
endfacet
facet normal 0.999113 0.000487518 -0.0421152
  outer loop
    vertex 7.529834554948785 -5.333646202486741 0.5555861291682562
    vertex 7.528642640783445 -4.676730074930469 0.5349142795546749
    vertex 7.550064005256521 -4.925208966542966 1.040224459986845
  endloop
endfacet
facet normal 0.401537 -0.235864 0.88495
  outer loop
    vertex 6.273840660466014 -7.57097871041208 2.384497746933493
    vertex 6.370299195314431 -6.97774741719804 2.498843456909156
    vertex 5.968779334150922 -7.301408090311346 2.594764355353707
  endloop
endfacet
facet normal 0.998801 -0.0115869 -0.0475586
  outer loop
    vertex 7.5 -5.625000000000016 0
    vertex 7.529834554948785 -5.333646202486741 0.5555861291682562
    vertex 7.513499063064548 -5.937500000000014 0.3596363828686445
  endloop
endfacet
facet normal 0.999374 -0.00254883 -0.035297
  outer loop
    vertex 7.516607066257055 -6.461862507310179 0.4854987117444156
    vertex 7.5 -6.250000000000014 0
    vertex 7.513499063064548 -5.937500000000014 0.3596363828686445
  endloop
endfacet
facet normal 0.51164 -0.274657 0.814118
  outer loop
    vertex 6.360785438793483 -8.507765587499128 2.05516125375788
    vertex 6.788913425667642 -8.385363373141256 1.827394581297606
    vertex 6.549903165521207 -7.990256151792333 2.110899145783785
  endloop
endfacet
facet normal 0.957566 -0.117502 0.263176
  outer loop
    vertex 7.466204934524045 -6.027169182977115 1.467632188357209
    vertex 7.338266530459496 -6.655493714412714 1.652604623220365
    vertex 7.505999547872273 -6.514373576715005 1.105314187818958
  endloop
endfacet
facet normal 0.992299 -0.0509376 0.112907
  outer loop
    vertex 7.43602410666392 -9.35640326280777 0.5706496628691219
    vertex 7.5 -9.375000000000002 0
    vertex 7.471847828352906 -8.902554088191906 0.46056053194213
  endloop
endfacet
facet normal 0.435532 0.215782 0.873928
  outer loop
    vertex 6.08527313000832 -2.847369862124019 2.599140473743655
    vertex 6.531419479885544 -3.143027017627319 2.44979900715254
    vertex 6.374303905885284 -2.496512792343546 2.368468259375099
  endloop
endfacet
facet normal 0.794781 0.110013 0.596842
  outer loop
    vertex 6.94042420653442 -1.670453660969583 1.740630419536375
    vertex 7.326287026275095 -1.879000255584431 1.26523955248046
    vertex 7.131286726830718 -1.286340182131215 1.415667733299953
  endloop
endfacet
facet normal 0.920653 -0.140998 0.36403
  outer loop
    vertex 7.288191820474507 -9.209946606473416 1.001253007085956
    vertex 7.212583374360612 -9.623518699541776 1.032283731386932
    vertex 7.43602410666392 -9.35640326280777 0.5706496628691219
  endloop
endfacet
facet normal 0.368665 0.27922 0.886635
  outer loop
    vertex 5.841599745198807 -2.41535887932127 2.564411101575657
    vertex 6.08527313000832 -2.847369862124019 2.599140473743655
    vertex 6.374303905885284 -2.496512792343546 2.368468259375099
  endloop
endfacet
facet normal 0.446968 0.278925 0.849954
  outer loop
    vertex 6.665690556758777 -2.080497322395826 2.07871435466509
    vertex 6.14107543431753 -1.979190793384454 2.321350103418927
    vertex 6.374303905885284 -2.496512792343546 2.368468259375099
  endloop
endfacet
facet normal 0.974468 0.0743491 0.21186
  outer loop
    vertex 7.526736808100427 -3.771361026445608 1.080569313524505
    vertex 7.396079094922067 -3.527076579847675 1.595813699636438
    vertex 7.44230126042863 -4.124821888306173 1.592980633774496
  endloop
endfacet
facet normal 0.292049 -0.263173 0.919482
  outer loop
    vertex 5.40136076468348 -7.251034359105139 2.789407946707001
    vertex 5.726605096921848 -7.677065417313301 2.564164408820314
    vertex 5.968779334150922 -7.301408090311346 2.594764355353707
  endloop
endfacet
facet normal 0.669938 0.113503 0.73369
  outer loop
    vertex 7.129653341060012 -3.824200654187657 2.086607856634465
    vertex 7.040939068251893 -3.327143368368465 2.090718081581177
    vertex 6.745060658182794 -3.57652234686773 2.399466140219388
  endloop
endfacet
facet normal 0.928122 0.130189 0.348771
  outer loop
    vertex 7.230826252845702 -0.3920351545937547 1.033140342958839
    vertex 7.322309270623768 -0.9652108363340337 1.003647596196159
    vertex 7.441817127853723 -0.65049177576274 0.5681447509995657
  endloop
endfacet
facet normal 0.860259 0.0641244 0.505809
  outer loop
    vertex 7.44230126042863 -4.124821888306173 1.592980633774496
    vertex 7.396079094922067 -3.527076579847675 1.595813699636438
    vertex 7.129653341060012 -3.824200654187657 2.086607856634465
  endloop
endfacet
facet normal 0.867714 0.0259002 0.496388
  outer loop
    vertex 7.340342529418887 -5.537186233067732 1.852696831301566
    vertex 7.460461277723772 -4.804725504338884 1.604504405291066
    vertex 7.156896407996806 -5.059527534851695 2.148448261075314
  endloop
endfacet
facet normal 0.420291 -0.285345 0.861355
  outer loop
    vertex 6.273840660466014 -7.57097871041208 2.384497746933493
    vertex 6.047044731751764 -8.096802898298442 2.320968583031034
    vertex 6.549903165521207 -7.990256151792333 2.110899145783785
  endloop
endfacet
facet normal 0.999655 -0.0143063 -0.0220204
  outer loop
    vertex 7.5 -6.875000000000012 0
    vertex 7.516607066257055 -6.461862507310179 0.4854987117444156
    vertex 7.509914739321555 -7.023654415408528 0.5466746016385734
  endloop
endfacet
facet normal 0.931475 -0.0703499 0.356938
  outer loop
    vertex 7.436168092753556 -8.103013700180481 0.8867149759733179
    vertex 7.270434946213496 -8.388372605505699 1.262975167162018
    vertex 7.380031038779613 -8.683669575539138 0.9187688173703786
  endloop
endfacet
facet normal 0.993467 0.0472923 0.103861
  outer loop
    vertex 7.5 -0.6250000000000013 0
    vertex 7.441817127853723 -0.65049177576274 0.5681447509995657
    vertex 7.474401948664178 -1.112385001182332 0.4667792979589132
  endloop
endfacet
facet normal 0.960735 -0.0303007 0.275808
  outer loop
    vertex 7.482413364745199 -7.593890346855281 0.7815595908777868
    vertex 7.305035458074562 -7.808115365001589 1.375893994032301
    vertex 7.436168092753556 -8.103013700180481 0.8867149759733179
  endloop
endfacet
facet normal 0.963576 0.114974 0.241459
  outer loop
    vertex 7.322309270623768 -0.9652108363340337 1.003647596196159
    vertex 7.392146490802165 -1.433643328552646 0.948002739916316
    vertex 7.474401948664178 -1.112385001182332 0.4667792979589132
  endloop
endfacet
facet normal 0.830619 0.1438 0.537954
  outer loop
    vertex 7.396079094922067 -3.527076579847675 1.595813699636438
    vertex 7.040939068251893 -3.327143368368465 2.090718081581177
    vertex 7.129653341060012 -3.824200654187657 2.086607856634465
  endloop
endfacet
facet normal 0.999265 0.012304 -0.036311
  outer loop
    vertex 7.528642640783445 -4.676730074930469 0.5349142795546749
    vertex 7.544103966186324 -4.3649085108135 1.06606505707572
    vertex 7.550064005256521 -4.925208966542966 1.040224459986845
  endloop
endfacet
facet normal 0.981245 -0.0853234 0.172854
  outer loop
    vertex 7.48433282084825 -8.449812664900042 0.4421124869113772
    vertex 7.436168092753556 -8.103013700180481 0.8867149759733179
    vertex 7.380031038779613 -8.683669575539138 0.9187688173703786
  endloop
endfacet
facet normal 0.823106 -0.155376 0.546219
  outer loop
    vertex 7.270434946213496 -8.388372605505699 1.262975167162018
    vertex 7.305035458074562 -7.808115365001589 1.375893994032301
    vertex 7.081351738131296 -8.235426877241931 1.591414233238057
  endloop
endfacet
facet normal 0.983563 0.0244071 0.178908
  outer loop
    vertex 7.544103966186324 -4.3649085108135 1.06606505707572
    vertex 7.526736808100427 -3.771361026445608 1.080569313524505
    vertex 7.44230126042863 -4.124821888306173 1.592980633774496
  endloop
endfacet
facet normal 0.864579 0.0863239 0.495026
  outer loop
    vertex 7.190461211929638 -4.425234688411402 2.085214717872958
    vertex 7.44230126042863 -4.124821888306173 1.592980633774496
    vertex 7.129653341060012 -3.824200654187657 2.086607856634465
  endloop
endfacet
facet normal 0.589362 -0.00265297 0.807865
  outer loop
    vertex 6.821042291251277 -4.736405935254776 2.476497298799163
    vertex 6.473929624612706 -5.174095931121017 2.728289362331737
    vertex 6.826101063290209 -5.240078718867686 2.471152739681542
  endloop
endfacet
facet normal 0.854727 -0.226941 0.466841
  outer loop
    vertex 7.270434946213496 -8.388372605505699 1.262975167162018
    vertex 7.072211547737583 -8.756385339558918 1.44699876713961
    vertex 7.380031038779613 -8.683669575539138 0.9187688173703786
  endloop
endfacet
facet normal 0.645447 -0.247879 0.722464
  outer loop
    vertex 6.788913425667642 -8.385363373141256 1.827394581297606
    vertex 6.664629697572591 -8.90576511667545 1.759878379027949
    vertex 7.072211547737583 -8.756385339558918 1.44699876713961
  endloop
endfacet
facet normal 0.693625 -0.208223 0.689585
  outer loop
    vertex 7.166090732120107 -7.253991383344362 1.774273840335852
    vertex 6.941669220064961 -6.746757108696274 2.153171472456642
    vertex 6.759465025574835 -7.381927430002508 2.14465083138774
  endloop
endfacet
facet normal 0.802126 -0.125422 0.583835
  outer loop
    vertex 7.305035458074562 -7.808115365001589 1.375893994032301
    vertex 6.961994218491442 -7.83114721698166 1.842248015817065
    vertex 7.081351738131296 -8.235426877241931 1.591414233238057
  endloop
endfacet
facet normal 0.312579 0.259904 0.913643
  outer loop
    vertex 6.08527313000832 -2.847369862124019 2.599140473743655
    vertex 5.537654966455426 -2.858035921872239 2.789527554588953
    vertex 5.936864818896499 -3.256501133171855 2.766300090469963
  endloop
endfacet
facet normal 0.429479 0.203676 0.879809
  outer loop
    vertex 6.531419479885544 -3.143027017627319 2.44979900715254
    vertex 6.08527313000832 -2.847369862124019 2.599140473743655
    vertex 5.936864818896499 -3.256501133171855 2.766300090469963
  endloop
endfacet
facet normal 0.7841 -0.203008 0.586493
  outer loop
    vertex 6.952661752567424 -9.283052555761051 1.424528158952695
    vertex 7.288191820474507 -9.209946606473416 1.001253007085956
    vertex 7.072211547737583 -8.756385339558918 1.44699876713961
  endloop
endfacet
facet normal 0.639311 -0.177045 0.748289
  outer loop
    vertex 6.664629697572591 -8.90576511667545 1.759878379027949
    vertex 6.952661752567424 -9.283052555761051 1.424528158952695
    vertex 7.072211547737583 -8.756385339558918 1.44699876713961
  endloop
endfacet
facet normal 0.389776 -0.218403 0.894636
  outer loop
    vertex 6.370299195314431 -6.97774741719804 2.498843456909156
    vertex 5.748817227691697 -6.904604150129659 2.787467555822145
    vertex 5.968779334150922 -7.301408090311346 2.594764355353707
  endloop
endfacet
facet normal 0.866034 -0.0736199 0.494536
  outer loop
    vertex 7.072211547737583 -8.756385339558918 1.44699876713961
    vertex 7.288191820474507 -9.209946606473416 1.001253007085956
    vertex 7.380031038779613 -8.683669575539138 0.9187688173703786
  endloop
endfacet
facet normal 0.613196 0.213913 0.760416
  outer loop
    vertex 7.040939068251893 -3.327143368368465 2.090718081581177
    vertex 6.531419479885544 -3.143027017627319 2.44979900715254
    vertex 6.745060658182794 -3.57652234686773 2.399466140219388
  endloop
endfacet
facet normal 0.983762 0.0159012 0.17877
  outer loop
    vertex 7.392146490802165 -1.433643328552646 0.948002739916316
    vertex 7.488791080075865 -1.618556035823307 0.4326192926236703
    vertex 7.474401948664178 -1.112385001182332 0.4667792979589132
  endloop
endfacet
facet normal 0.999974 -0 0.00723031
  outer loop
    vertex 7.5 -8.125000000000007 0
    vertex 7.5 -7.500000000000009 0
    vertex 7.497508314405824 -7.93246984935897 0.3446077294037814
  endloop
endfacet
facet normal 0.672001 0.254454 0.695462
  outer loop
    vertex 6.718357567052674 -1.138414556683681 1.760544611268349
    vertex 6.94042420653442 -1.670453660969583 1.740630419536375
    vertex 7.131286726830718 -1.286340182131215 1.415667733299953
  endloop
endfacet
facet normal 0.999296 0 -0.0375089
  outer loop
    vertex 7.5 -6.250000000000014 0
    vertex 7.5 -5.625000000000016 0
    vertex 7.513499063064548 -5.937500000000014 0.3596363828686445
  endloop
endfacet
facet normal 0.946202 0.00379691 0.323553
  outer loop
    vertex 7.288191820474507 -9.209946606473416 1.001253007085956
    vertex 7.43602410666392 -9.35640326280777 0.5706496628691219
    vertex 7.471847828352906 -8.902554088191906 0.46056053194213
  endloop
endfacet
facet normal 0.28843 -0.284163 0.914363
  outer loop
    vertex 5.748817227691697 -6.904604150129659 2.787467555822145
    vertex 5.40136076468348 -7.251034359105139 2.789407946707001
    vertex 5.968779334150922 -7.301408090311346 2.594764355353707
  endloop
endfacet
facet normal 0.819005 -0.166579 0.549075
  outer loop
    vertex 7.072211547737583 -8.756385339558918 1.44699876713961
    vertex 7.270434946213496 -8.388372605505699 1.262975167162018
    vertex 7.081351738131296 -8.235426877241931 1.591414233238057
  endloop
endfacet
facet normal 0.999574 -0.0217992 0.0194065
  outer loop
    vertex 7.48433282084825 -8.449812664900042 0.4421124869113772
    vertex 7.5 -8.125000000000007 0
    vertex 7.497508314405824 -7.93246984935897 0.3446077294037814
  endloop
endfacet
facet normal 0.676576 -0.207712 0.706471
  outer loop
    vertex 6.788913425667642 -8.385363373141256 1.827394581297606
    vertex 7.072211547737583 -8.756385339558918 1.44699876713961
    vertex 7.081351738131296 -8.235426877241931 1.591414233238057
  endloop
endfacet
facet normal 0.88078 0.0757883 0.467421
  outer loop
    vertex 7.322309270623768 -0.9652108363340337 1.003647596196159
    vertex 7.131286726830718 -1.286340182131215 1.415667733299953
    vertex 7.392146490802165 -1.433643328552646 0.948002739916316
  endloop
endfacet
facet normal 0.998561 0.0251921 0.0473338
  outer loop
    vertex 7.488791080075865 -1.618556035823307 0.4326192926236703
    vertex 7.5 -1.250000000000003 0
    vertex 7.474401948664178 -1.112385001182332 0.4667792979589132
  endloop
endfacet
facet normal 0.998292 -0.0253855 0.0526129
  outer loop
    vertex 7.5 -8.750000000000005 0
    vertex 7.48433282084825 -8.449812664900042 0.4421124869113772
    vertex 7.471847828352906 -8.902554088191906 0.46056053194213
  endloop
endfacet
facet normal 0.704959 -0.0246951 0.708818
  outer loop
    vertex 6.975685039299819 -5.661030032761363 2.307717024331502
    vertex 7.156896407996806 -5.059527534851695 2.148448261075314
    vertex 6.826101063290209 -5.240078718867686 2.471152739681542
  endloop
endfacet
facet normal 0.958966 -0.127671 0.253148
  outer loop
    vertex 7.288191820474507 -9.209946606473416 1.001253007085956
    vertex 7.471847828352906 -8.902554088191906 0.46056053194213
    vertex 7.380031038779613 -8.683669575539138 0.9187688173703786
  endloop
endfacet
facet normal 0.882104 0.179716 0.435424
  outer loop
    vertex 7.131286726830718 -1.286340182131215 1.415667733299953
    vertex 7.326287026275095 -1.879000255584431 1.26523955248046
    vertex 7.392146490802165 -1.433643328552646 0.948002739916316
  endloop
endfacet
facet normal 0.993803 -0.00437548 0.111074
  outer loop
    vertex 7.436168092753556 -8.103013700180481 0.8867149759733179
    vertex 7.48433282084825 -8.449812664900042 0.4421124869113772
    vertex 7.497508314405824 -7.93246984935897 0.3446077294037814
  endloop
endfacet
facet normal 0.962715 0.00857892 0.270382
  outer loop
    vertex 7.441817127853723 -0.65049177576274 0.5681447509995657
    vertex 7.322309270623768 -0.9652108363340337 1.003647596196159
    vertex 7.474401948664178 -1.112385001182332 0.4667792979589132
  endloop
endfacet
facet normal 0.993373 -0.0716726 0.0898538
  outer loop
    vertex 7.482413364745199 -7.593890346855281 0.7815595908777868
    vertex 7.436168092753556 -8.103013700180481 0.8867149759733179
    vertex 7.497508314405824 -7.93246984935897 0.3446077294037814
  endloop
endfacet
facet normal 0.34939 -0.297611 0.888456
  outer loop
    vertex 5.726605096921848 -7.677065417313301 2.564164408820314
    vertex 6.273840660466014 -7.57097871041208 2.384497746933493
    vertex 5.968779334150922 -7.301408090311346 2.594764355353707
  endloop
endfacet
facet normal 0.588815 -0.204841 0.781881
  outer loop
    vertex 6.788913425667642 -8.385363373141256 1.827394581297606
    vertex 6.961994218491442 -7.83114721698166 1.842248015817065
    vertex 6.549903165521207 -7.990256151792333 2.110899145783785
  endloop
endfacet
facet normal 0.69846 -0.000578696 0.715648
  outer loop
    vertex 7.156896407996806 -5.059527534851695 2.148448261075314
    vertex 6.821042291251277 -4.736405935254776 2.476497298799163
    vertex 6.826101063290209 -5.240078718867686 2.471152739681542
  endloop
endfacet
facet normal 0.978586 -0.018633 0.204992
  outer loop
    vertex 7.471847828352906 -8.902554088191906 0.46056053194213
    vertex 7.48433282084825 -8.449812664900042 0.4421124869113772
    vertex 7.380031038779613 -8.683669575539138 0.9187688173703786
  endloop
endfacet
facet normal 0.679981 -0.231007 0.695889
  outer loop
    vertex 6.961994218491442 -7.83114721698166 1.842248015817065
    vertex 6.788913425667642 -8.385363373141256 1.827394581297606
    vertex 7.081351738131296 -8.235426877241931 1.591414233238057
  endloop
endfacet
facet normal 0.46795 0.172678 0.866721
  outer loop
    vertex 5.871344334809309 -4.250067860955105 3
    vertex 6.396323971416717 -4.437476740693063 2.75389686137077
    vertex 6.679471819875936 -4.068807177999824 2.527572208178636
  endloop
endfacet
facet normal 0.484242 0.104976 0.868614
  outer loop
    vertex 6.29174567134257 -3.630963792255163 2.690809781071399
    vertex 5.871344334809309 -4.250067860955105 3
    vertex 6.679471819875936 -4.068807177999824 2.527572208178636
  endloop
endfacet
facet normal 0.535368 -0.0228502 0.84431
  outer loop
    vertex 6.396323971416717 -4.437476740693063 2.75389686137077
    vertex 5.992189202487791 -4.812683208848847 3
    vertex 6.821042291251277 -4.736405935254776 2.476497298799163
  endloop
endfacet
facet normal 0.528298 0.0679082 0.846339
  outer loop
    vertex 5.992189202487791 -4.812683208848847 3
    vertex 6.473929624612706 -5.174095931121017 2.728289362331737
    vertex 6.821042291251277 -4.736405935254776 2.476497298799163
  endloop
endfacet
facet normal 0.462396 -0.150109 0.873875
  outer loop
    vertex 6.492758464291442 -5.627016984213178 2.684359547225557
    vertex 5.795581027514045 -5.937068972848096 3
    vertex 6.614052457991498 -6.241083653307506 2.514698304267948
  endloop
endfacet
facet normal 0.465449 -0.141574 0.873678
  outer loop
    vertex 5.795581027514045 -5.937068972848096 3
    vertex 6.076792587510335 -6.506626370434728 2.757892338969015
    vertex 6.614052457991498 -6.241083653307506 2.514698304267948
  endloop
endfacet
facet normal -0.192831 -0.306031 0.932288
  outer loop
    vertex 2.26963786663565 -6.69441079850812 3
    vertex 1.962345033544573 -7.141964078127761 2.789527554588953
    vertex 2.381327657314797 -7.493435907360489 2.760814918609055
  endloop
endfacet
facet normal 0.168606 -0.326054 0.930194
  outer loop
    vertex 5.40136076468348 -7.251034359105139 2.789407946707001
    vertex 5.07251681765806 -6.82028823734363 3
    vertex 4.889209539090152 -7.566018461249931 2.771830601609499
  endloop
endfacet
facet normal -0.20245 -0.306699 0.930027
  outer loop
    vertex 2.773761586985496 -7.027179952780444 3
    vertex 2.26963786663565 -6.69441079850812 3
    vertex 2.381327657314797 -7.493435907360489 2.760814918609055
  endloop
endfacet
facet normal 0.17615 -0.327342 0.928342
  outer loop
    vertex 5.07251681765806 -6.82028823734363 3
    vertex 4.540593354183018 -7.10652845893941 3
    vertex 4.889209539090152 -7.566018461249931 2.771830601609499
  endloop
endfacet
facet normal 0.169897 -0.356105 0.918871
  outer loop
    vertex 5.726605096921848 -7.677065417313301 2.564164408820314
    vertex 5.40136076468348 -7.251034359105139 2.789407946707001
    vertex 5.232635538798466 -7.990733362361235 2.533937091782944
  endloop
endfacet
facet normal -0.201515 -0.362338 0.910002
  outer loop
    vertex 1.658400254801192 -7.58464112067873 2.564411101575659
    vertex 1.984070977535495 -8.070034626246747 2.443258770650607
    vertex 2.381327657314797 -7.493435907360489 2.760814918609055
  endloop
endfacet
facet normal 0 -0.979506 0.201414
  outer loop
    vertex 0.6250000000000044 -10 0
    vertex 0.07904326955388188 -9.884878296168353 0.5598548160331283
    vertex 0 -10 0
  endloop
endfacet
facet normal 0 -0.981039 0.193811
  outer loop
    vertex 7.5 -10 0
    vertex 7.41566486314221 -9.889531087744452 0.5591745756526176
    vertex 6.875000000000002 -10 0
  endloop
endfacet
facet normal 0.189334 -0.358853 0.91399
  outer loop
    vertex 5.40136076468348 -7.251034359105139 2.789407946707001
    vertex 4.889209539090152 -7.566018461249931 2.771830601609499
    vertex 5.232635538798466 -7.990733362361235 2.533937091782944
  endloop
endfacet
facet normal -0.148089 -0.396862 0.905853
  outer loop
    vertex 2.381327657314797 -7.493435907360489 2.760814918609055
    vertex 1.984070977535495 -8.070034626246747 2.443258770650607
    vertex 2.614773891064883 -8.105942814276748 2.530634142764681
  endloop
endfacet
facet normal 0.00237809 -0.979043 0.203638
  outer loop
    vertex 0.07904326955388188 -9.884878296168353 0.5598548160331283
    vertex 0.6250000000000044 -10 0
    vertex 0.5872368813449211 -9.860582714447983 0.6707277569932437
  endloop
endfacet
facet normal -0.00515164 -0.980067 0.1986
  outer loop
    vertex 6.875000000000002 -10 0
    vertex 7.41566486314221 -9.889531087744452 0.5591745756526176
    vertex 6.960387573179672 -9.866153341816348 0.6627309613825392
  endloop
endfacet
facet normal 0.0512292 -0.50104 0.863907
  outer loop
    vertex 4.637190804680558 -8.254386686047429 2.483211881035903
    vertex 3.918505806682696 -8.234378359246106 2.537433722298969
    vertex 4.23960183711613 -8.723601611609023 2.234658296513368
  endloop
endfacet
facet normal 0.0188693 -0.934129 0.356435
  outer loop
    vertex 5.312499999996397 -9.952328964299493 0.5391625194263082
    vertex 5.909433722776323 -9.942676981606878 0.5328570127739835
    vertex 5.528534407185193 -9.72135145049895 1.133061075755327
  endloop
endfacet
facet normal -0.209521 -0.325101 0.922177
  outer loop
    vertex 1.962345033544573 -7.141964078127761 2.789527554588953
    vertex 1.658400254801192 -7.58464112067873 2.564411101575659
    vertex 2.381327657314797 -7.493435907360489 2.760814918609055
  endloop
endfacet
facet normal -0.134282 -0.360493 0.923046
  outer loop
    vertex 2.90060330482087 -7.676634428919553 2.764810023774744
    vertex 2.773761586985496 -7.027179952780444 3
    vertex 2.381327657314797 -7.493435907360489 2.760814918609055
  endloop
endfacet
facet normal 0.0992778 -0.381116 0.919181
  outer loop
    vertex 4.540593354183018 -7.10652845893941 3
    vertex 4.25788844120811 -7.738318610348745 2.768577431048707
    vertex 4.889209539090152 -7.566018461249931 2.771830601609499
  endloop
endfacet
facet normal 0.0545783 -0.452166 0.890262
  outer loop
    vertex 4.25788844120811 -7.738318610348745 2.768577431048707
    vertex 3.918505806682696 -8.234378359246106 2.537433722298969
    vertex 4.637190804680558 -8.254386686047429 2.483211881035903
  endloop
endfacet
facet normal -0.116386 -0.358199 0.926363
  outer loop
    vertex 3.348246986703068 -7.213841574346917 3
    vertex 2.773761586985496 -7.027179952780444 3
    vertex 2.90060330482087 -7.676634428919553 2.764810023774744
  endloop
endfacet
facet normal 0.0858975 -0.376341 0.922491
  outer loop
    vertex 4.540593354183018 -7.10652845893941 3
    vertex 3.951688445032724 -7.240942161489288 3
    vertex 4.25788844120811 -7.738318610348745 2.768577431048707
  endloop
endfacet
facet normal -0.157181 -0.538454 0.827866
  outer loop
    vertex 1.956321768028432 -9.043949388289583 1.865848428365632
    vertex 2.270963456745185 -8.599217517130214 2.214846211592697
    vertex 1.637477467001409 -8.499620389442736 2.159349581980129
  endloop
endfacet
facet normal 0.089215 -0.657932 0.747774
  outer loop
    vertex 5.105131261498307 -9.424634852640704 1.58184897932789
    vertex 4.822660939584511 -8.953856503614745 2.029765590680663
    vertex 4.439347130061782 -9.255259439056314 1.810307391792791
  endloop
endfacet
facet normal 0.0388756 -0.745165 0.665746
  outer loop
    vertex 4.574481709454572 -9.590128054660527 1.427600442464355
    vertex 5.105131261498307 -9.424634852640704 1.58184897932789
    vertex 4.439347130061782 -9.255259439056314 1.810307391792791
  endloop
endfacet
facet normal 0.0528206 -0.925587 0.374831
  outer loop
    vertex 5.909433722776323 -9.942676981606878 0.5328570127739835
    vertex 6.113138808283368 -9.715147338066679 1.065999717867127
    vertex 5.528534407185193 -9.72135145049895 1.133061075755327
  endloop
endfacet
facet normal 0.0962533 -0.893769 0.438078
  outer loop
    vertex 6.113138808283368 -9.715147338066679 1.065999717867127
    vertex 6.453906379107946 -9.914703880216186 0.5839903295615492
    vertex 6.695301081081526 -9.640069454496436 1.091262982270968
  endloop
endfacet
facet normal -0.0816405 -0.479833 0.873553
  outer loop
    vertex 2.924031439820856 -8.642519795459927 2.264800751075065
    vertex 3.278675196864982 -8.070426882219296 2.612189544850609
    vertex 2.614773891064883 -8.105942814276748 2.530634142764681
  endloop
endfacet
facet normal 0.0494795 -0.499946 0.864642
  outer loop
    vertex 4.637190804680558 -8.254386686047429 2.483211881035903
    vertex 4.23960183711613 -8.723601611609023 2.234658296513368
    vertex 4.666954830113649 -8.63406643839644 2.261973158351401
  endloop
endfacet
facet normal 0.0107938 -0.921172 0.389005
  outer loop
    vertex 6.453906379107946 -9.914703880216186 0.5839903295615492
    vertex 6.113138808283368 -9.715147338066679 1.065999717867127
    vertex 5.909433722776323 -9.942676981606878 0.5328570127739835
  endloop
endfacet
facet normal -0.147516 -0.45829 0.876476
  outer loop
    vertex 1.984070977535495 -8.070034626246747 2.443258770650607
    vertex 2.270963456745185 -8.599217517130214 2.214846211592697
    vertex 2.614773891064883 -8.105942814276748 2.530634142764681
  endloop
endfacet
facet normal -0.098668 -0.486845 0.867898
  outer loop
    vertex 2.270963456745185 -8.599217517130214 2.214846211592697
    vertex 2.924031439820856 -8.642519795459927 2.264800751075065
    vertex 2.614773891064883 -8.105942814276748 2.530634142764681
  endloop
endfacet
facet normal -0.146865 -0.396526 0.9062
  outer loop
    vertex 2.90060330482087 -7.676634428919553 2.764810023774744
    vertex 2.381327657314797 -7.493435907360489 2.760814918609055
    vertex 2.614773891064883 -8.105942814276748 2.530634142764681
  endloop
endfacet
facet normal -0.0871961 -0.431674 0.897805
  outer loop
    vertex 3.278675196864982 -8.070426882219296 2.612189544850609
    vertex 2.90060330482087 -7.676634428919553 2.764810023774744
    vertex 2.614773891064883 -8.105942814276748 2.530634142764681
  endloop
endfacet
facet normal 0.0114456 -0.597195 0.802015
  outer loop
    vertex 3.583193968706237 -8.702759096780019 2.259545637705958
    vertex 3.851109297317156 -9.175323829459053 1.903841801362423
    vertex 4.23960183711613 -8.723601611609023 2.234658296513368
  endloop
endfacet
facet normal -0.00604733 -0.958207 0.286013
  outer loop
    vertex 2.83914727085185 -9.958075100735366 0.5500536122985586
    vertex 3.470644125407132 -9.962581901852655 0.5483069188973607
    vertex 3.178389170866159 -9.802039015967152 1.079981968710455
  endloop
endfacet
facet normal 0.109479 -0.418166 0.901749
  outer loop
    vertex 4.889209539090152 -7.566018461249931 2.771830601609499
    vertex 4.25788844120811 -7.738318610348745 2.768577431048707
    vertex 4.637190804680558 -8.254386686047429 2.483211881035903
  endloop
endfacet
facet normal -0.105154 -0.566818 0.817105
  outer loop
    vertex 2.578968049458516 -9.078116190506599 1.922276540459224
    vertex 2.270963456745185 -8.599217517130214 2.214846211592697
    vertex 1.956321768028432 -9.043949388289583 1.865848428365632
  endloop
endfacet
facet normal -0.136562 -0.530941 0.836333
  outer loop
    vertex 1.342440108696698 -8.927172179370741 1.839745007885719
    vertex 1.956321768028432 -9.043949388289583 1.865848428365632
    vertex 1.637477467001409 -8.499620389442736 2.159349581980129
  endloop
endfacet
facet normal 0.0122335 -0.728659 0.684768
  outer loop
    vertex 3.851109297317156 -9.175323829459053 1.903841801362423
    vertex 3.527128330873659 -9.533613933595296 1.528374568234587
    vertex 4.121014988003745 -9.564298451608455 1.485113398277239
  endloop
endfacet
facet normal 0.107006 -0.551642 0.827189
  outer loop
    vertex 4.822660939584511 -8.953856503614745 2.029765590680663
    vertex 5.450545527548211 -9.000499326951587 1.917436432553878
    vertex 5.144379368050464 -8.542577127994949 2.262424811571019
  endloop
endfacet
facet normal -0.100107 -0.564807 0.819128
  outer loop
    vertex 2.578968049458516 -9.078116190506599 1.922276540459224
    vertex 2.924031439820856 -8.642519795459927 2.264800751075065
    vertex 2.270963456745185 -8.599217517130214 2.214846211592697
  endloop
endfacet
facet normal -0.0215814 -0.713927 0.699888
  outer loop
    vertex 3.851109297317156 -9.175323829459053 1.903841801362423
    vertex 3.224961939092065 -9.13099224416575 1.929755064512051
    vertex 3.527128330873659 -9.533613933595296 1.528374568234587
  endloop
endfacet
facet normal 0.0845838 -0.659722 0.746735
  outer loop
    vertex 5.105131261498307 -9.424634852640704 1.58184897932789
    vertex 5.450545527548211 -9.000499326951587 1.917436432553878
    vertex 4.822660939584511 -8.953856503614745 2.029765590680663
  endloop
endfacet
facet normal -0.153578 -0.638828 0.753865
  outer loop
    vertex 1.956321768028432 -9.043949388289583 1.865848428365632
    vertex 1.342440108696698 -8.927172179370741 1.839745007885719
    vertex 1.642575835765782 -9.397035910500751 1.502725265683334
  endloop
endfacet
facet normal -0.00987707 -0.604924 0.796222
  outer loop
    vertex 3.583193968706237 -8.702759096780019 2.259545637705958
    vertex 3.224961939092065 -9.13099224416575 1.929755064512051
    vertex 3.851109297317156 -9.175323829459053 1.903841801362423
  endloop
endfacet
facet normal -0.0575099 -0.588552 0.806412
  outer loop
    vertex 3.224961939092065 -9.13099224416575 1.929755064512051
    vertex 2.924031439820856 -8.642519795459927 2.264800751075065
    vertex 2.578968049458516 -9.078116190506599 1.922276540459224
  endloop
endfacet
facet normal -0.0652258 -0.695777 0.715291
  outer loop
    vertex 2.903933064779763 -9.495009914805522 1.546389030738639
    vertex 2.578968049458516 -9.078116190506599 1.922276540459224
    vertex 2.255667482833188 -9.467019064300352 1.514502322289193
  endloop
endfacet
facet normal 0.0334693 -0.61576 0.787223
  outer loop
    vertex 4.822660939584511 -8.953856503614745 2.029765590680663
    vertex 4.23960183711613 -8.723601611609023 2.234658296513368
    vertex 4.439347130061782 -9.255259439056314 1.810307391792791
  endloop
endfacet
facet normal -0.0631295 -0.828915 0.555801
  outer loop
    vertex 2.903933064779763 -9.495009914805522 1.546389030738639
    vertex 2.255667482833188 -9.467019064300352 1.514502322289193
    vertex 2.550785469511855 -9.78061068071926 1.080335397433579
  endloop
endfacet
facet normal 0.0920356 -0.662876 0.743051
  outer loop
    vertex 5.786055394848619 -9.391708335772085 1.526882325486829
    vertex 5.450545527548211 -9.000499326951587 1.917436432553878
    vertex 5.105131261498307 -9.424634852640704 1.58184897932789
  endloop
endfacet
facet normal -0.0469605 -0.584525 0.810016
  outer loop
    vertex 3.583193968706237 -8.702759096780019 2.259545637705958
    vertex 2.924031439820856 -8.642519795459927 2.264800751075065
    vertex 3.224961939092065 -9.13099224416575 1.929755064512051
  endloop
endfacet
facet normal -0.0518529 -0.825964 0.561334
  outer loop
    vertex 2.255667482833188 -9.467019064300352 1.514502322289193
    vertex 1.930210671049876 -9.756563499756489 1.058393893706779
    vertex 2.550785469511855 -9.78061068071926 1.080335397433579
  endloop
endfacet
facet normal -0.0323678 -0.952973 0.301321
  outer loop
    vertex 2.550785469511855 -9.78061068071926 1.080335397433579
    vertex 2.83914727085185 -9.958075100735366 0.5500536122985586
    vertex 3.178389170866159 -9.802039015967152 1.079981968710455
  endloop
endfacet
facet normal 0.112044 -0.774256 0.622875
  outer loop
    vertex 6.384788811524674 -9.355911526253529 1.463677439072546
    vertex 5.786055394848619 -9.391708335772085 1.526882325486829
    vertex 6.113138808283368 -9.715147338066679 1.065999717867127
  endloop
endfacet
facet normal 0.12966 -0.642647 0.755111
  outer loop
    vertex 5.786055394848619 -9.391708335772085 1.526882325486829
    vertex 6.090596905916616 -8.978268835820511 1.826452467002797
    vertex 5.450545527548211 -9.000499326951587 1.917436432553878
  endloop
endfacet
facet normal 0 -0.995829 0.0912364
  outer loop
    vertex 1.875000000000012 -10 0
    vertex 2.500000000000015 -10 0
    vertex 2.208086618508336 -9.949678489521158 0.5492504835811939
  endloop
endfacet
facet normal -0.101083 -0.894538 0.435412
  outer loop
    vertex 0.7633251719589738 -9.640645715742174 1.071142475999762
    vertex 1.062689060067119 -9.91460039188067 0.5778109260682952
    vertex 1.37420108167774 -9.728363448900581 1.032746960915655
  endloop
endfacet
facet normal 0.0159449 -0.518603 0.854866
  outer loop
    vertex 3.918505806682696 -8.234378359246106 2.537433722298969
    vertex 3.583193968706237 -8.702759096780019 2.259545637705958
    vertex 4.23960183711613 -8.723601611609023 2.234658296513368
  endloop
endfacet
facet normal -0.0388843 -0.500915 0.864622
  outer loop
    vertex 3.583193968706237 -8.702759096780019 2.259545637705958
    vertex 3.278675196864982 -8.070426882219296 2.612189544850609
    vertex 2.924031439820856 -8.642519795459927 2.264800751075065
  endloop
endfacet
facet normal -0.103097 -0.80483 0.584483
  outer loop
    vertex 2.255667482833188 -9.467019064300352 1.514502322289193
    vertex 1.642575835765782 -9.397035910500751 1.502725265683334
    vertex 1.930210671049876 -9.756563499756489 1.058393893706779
  endloop
endfacet
facet normal 0.13312 -0.538056 0.832331
  outer loop
    vertex 5.450545527548211 -9.000499326951587 1.917436432553878
    vertex 5.801136669564052 -8.582158299870207 2.131798403203737
    vertex 5.144379368050464 -8.542577127994949 2.262424811571019
  endloop
endfacet
facet normal 0 -0.99768 0.0680846
  outer loop
    vertex 3.125000000000013 -10 0
    vertex 3.750000000000011 -10 0
    vertex 3.470644125407132 -9.962581901852655 0.5483069188973607
  endloop
endfacet
facet normal 0.0644458 -0.97975 0.189569
  outer loop
    vertex 6.453906379107946 -9.914703880216186 0.5839903295615492
    vertex 6.875000000000002 -10 0
    vertex 6.960387573179672 -9.866153341816348 0.6627309613825392
  endloop
endfacet
facet normal 0 -0.989501 0.144524
  outer loop
    vertex 6.250000000000004 -10 0
    vertex 6.875000000000002 -10 0
    vertex 6.453906379107946 -9.914703880216186 0.5839903295615492
  endloop
endfacet
facet normal 0 -0.99732 0.0731584
  outer loop
    vertex 4.375000000000009 -10 0
    vertex 5.000000000000007 -10 0
    vertex 4.699315802292479 -9.96075462150224 0.5350060702941414
  endloop
endfacet
facet normal 0 -0.997108 0.0759992
  outer loop
    vertex 2.500000000000015 -10 0
    vertex 3.125000000000013 -10 0
    vertex 2.83914727085185 -9.958075100735366 0.5500536122985586
  endloop
endfacet
facet normal 0 -0.993696 0.112107
  outer loop
    vertex 1.250000000000008 -10 0
    vertex 1.875000000000012 -10 0
    vertex 1.562500000000791 -9.939320097840755 0.5378537900525
  endloop
endfacet
facet normal 0 -0.997798 0.0663282
  outer loop
    vertex 3.750000000000011 -10 0
    vertex 4.375000000000009 -10 0
    vertex 4.077993600818862 -9.964277746156904 0.537381773826006
  endloop
endfacet
facet normal 0 -0.996114 0.0880732
  outer loop
    vertex 5.000000000000007 -10 0
    vertex 5.625000000000005 -10 0
    vertex 5.312499999996397 -9.952328964299493 0.5391625194263082
  endloop
endfacet
facet normal -0.0177577 -0.994637 0.101896
  outer loop
    vertex 1.562500000000791 -9.939320097840755 0.5378537900525
    vertex 1.875000000000012 -10 0
    vertex 2.208086618508336 -9.949678489521158 0.5492504835811939
  endloop
endfacet
facet normal 0.0419997 -0.613584 0.788512
  outer loop
    vertex 4.23960183711613 -8.723601611609023 2.234658296513368
    vertex 3.851109297317156 -9.175323829459053 1.903841801362423
    vertex 4.439347130061782 -9.255259439056314 1.810307391792791
  endloop
endfacet
facet normal -0.0652318 -0.695779 0.715288
  outer loop
    vertex 3.224961939092065 -9.13099224416575 1.929755064512051
    vertex 2.578968049458516 -9.078116190506599 1.922276540459224
    vertex 2.903933064779763 -9.495009914805522 1.546389030738639
  endloop
endfacet
facet normal 0 -0.989254 0.14621
  outer loop
    vertex 0.6250000000000044 -10 0
    vertex 1.250000000000008 -10 0
    vertex 1.062689060067119 -9.91460039188067 0.5778109260682952
  endloop
endfacet
facet normal -0.0482233 -0.942358 0.331112
  outer loop
    vertex 1.930210671049876 -9.756563499756489 1.058393893706779
    vertex 2.208086618508336 -9.949678489521158 0.5492504835811939
    vertex 2.550785469511855 -9.78061068071926 1.080335397433579
  endloop
endfacet
facet normal -0.0146226 -0.921807 0.387372
  outer loop
    vertex 1.062689060067119 -9.91460039188067 0.5778109260682952
    vertex 1.562500000000791 -9.939320097840755 0.5378537900525
    vertex 1.37420108167774 -9.728363448900581 1.032746960915655
  endloop
endfacet
facet normal 0.0332271 -0.440713 0.897033
  outer loop
    vertex 4.25788844120811 -7.738318610348745 2.768577431048707
    vertex 3.718612020308426 -7.803635186011448 2.7564626893336
    vertex 3.918505806682696 -8.234378359246106 2.537433722298969
  endloop
endfacet
facet normal -0.00691747 -0.99735 0.0724228
  outer loop
    vertex 2.83914727085185 -9.958075100735366 0.5500536122985586
    vertex 3.125000000000013 -10 0
    vertex 3.470644125407132 -9.962581901852655 0.5483069188973607
  endloop
endfacet
facet normal 0.0250936 -0.822851 0.567703
  outer loop
    vertex 5.105131261498307 -9.424634852640704 1.58184897932789
    vertex 4.980892486085338 -9.796385016445932 1.048511390470054
    vertex 5.528534407185193 -9.72135145049895 1.133061075755327
  endloop
endfacet
facet normal -0.028464 -0.842539 0.537882
  outer loop
    vertex 2.903933064779763 -9.495009914805522 1.546389030738639
    vertex 2.550785469511855 -9.78061068071926 1.080335397433579
    vertex 3.178389170866159 -9.802039015967152 1.079981968710455
  endloop
endfacet
facet normal -0.103171 -0.677663 0.728099
  outer loop
    vertex 2.255667482833188 -9.467019064300352 1.514502322289193
    vertex 2.578968049458516 -9.078116190506599 1.922276540459224
    vertex 1.956321768028432 -9.043949388289583 1.865848428365632
  endloop
endfacet
facet normal -0.090974 -0.673542 0.733529
  outer loop
    vertex 2.255667482833188 -9.467019064300352 1.514502322289193
    vertex 1.956321768028432 -9.043949388289583 1.865848428365632
    vertex 1.642575835765782 -9.397035910500751 1.502725265683334
  endloop
endfacet
facet normal -0.01756 -0.391004 0.920221
  outer loop
    vertex 3.951688445032724 -7.240942161489288 3
    vertex 3.348246986703068 -7.213841574346917 3
    vertex 3.718612020308426 -7.803635186011448 2.7564626893336
  endloop
endfacet
facet normal 0.0131494 -0.996668 0.0805008
  outer loop
    vertex 5.000000000000007 -10 0
    vertex 5.312499999996397 -9.952328964299493 0.5391625194263082
    vertex 4.699315802292479 -9.96075462150224 0.5350060702941414
  endloop
endfacet
facet normal 0.00592259 -0.997558 0.0695857
  outer loop
    vertex 4.077993600818862 -9.964277746156904 0.537381773826006
    vertex 4.375000000000009 -10 0
    vertex 4.699315802292479 -9.96075462150224 0.5350060702941414
  endloop
endfacet
facet normal 0.131432 -0.600641 0.788642
  outer loop
    vertex 6.952661752567424 -9.283052555761051 1.424528158952695
    vertex 6.664629697572591 -8.90576511667545 1.759878379027949
    vertex 6.384788811524674 -9.355911526253529 1.463677439072546
  endloop
endfacet
facet normal -0.00157553 -0.997733 0.0672855
  outer loop
    vertex 3.750000000000011 -10 0
    vertex 4.077993600818862 -9.964277746156904 0.537381773826006
    vertex 3.470644125407132 -9.962581901852655 0.5483069188973607
  endloop
endfacet
facet normal -0.0382671 -0.990249 0.133952
  outer loop
    vertex 1.250000000000008 -10 0
    vertex 1.562500000000791 -9.939320097840755 0.5378537900525
    vertex 1.062689060067119 -9.91460039188067 0.5778109260682952
  endloop
endfacet
facet normal -0.133309 -0.772571 0.620775
  outer loop
    vertex 1.642575835765782 -9.397035910500751 1.502725265683334
    vertex 1.051405554462969 -9.313436261125393 1.479815676651222
    vertex 1.37420108167774 -9.728363448900581 1.032746960915655
  endloop
endfacet
facet normal 0.0287931 -0.407057 0.912949
  outer loop
    vertex 3.951688445032724 -7.240942161489288 3
    vertex 3.718612020308426 -7.803635186011448 2.7564626893336
    vertex 4.25788844120811 -7.738318610348745 2.768577431048707
  endloop
endfacet
facet normal -0.148874 -0.45881 0.875974
  outer loop
    vertex 2.270963456745185 -8.599217517130214 2.214846211592697
    vertex 1.984070977535495 -8.070034626246747 2.443258770650607
    vertex 1.637477467001409 -8.499620389442736 2.159349581980129
  endloop
endfacet
facet normal 0.0871219 -0.791212 0.605305
  outer loop
    vertex 5.786055394848619 -9.391708335772085 1.526882325486829
    vertex 5.105131261498307 -9.424634852640704 1.58184897932789
    vertex 5.528534407185193 -9.72135145049895 1.133061075755327
  endloop
endfacet
facet normal -0.0133643 -0.996361 0.0841823
  outer loop
    vertex 2.500000000000015 -10 0
    vertex 2.83914727085185 -9.958075100735366 0.5500536122985586
    vertex 2.208086618508336 -9.949678489521158 0.5492504835811939
  endloop
endfacet
facet normal -0.0135767 -0.458215 0.888737
  outer loop
    vertex 3.718612020308426 -7.803635186011448 2.7564626893336
    vertex 3.278675196864982 -8.070426882219296 2.612189544850609
    vertex 3.918505806682696 -8.234378359246106 2.537433722298969
  endloop
endfacet
facet normal 0.118455 -0.638352 0.760575
  outer loop
    vertex 6.384788811524674 -9.355911526253529 1.463677439072546
    vertex 6.090596905916616 -8.978268835820511 1.826452467002797
    vertex 5.786055394848619 -9.391708335772085 1.526882325486829
  endloop
endfacet
facet normal -0.0130405 -0.950337 0.310949
  outer loop
    vertex 2.208086618508336 -9.949678489521158 0.5492504835811939
    vertex 2.83914727085185 -9.958075100735366 0.5500536122985586
    vertex 2.550785469511855 -9.78061068071926 1.080335397433579
  endloop
endfacet
facet normal -0.0240766 -0.714814 0.6989
  outer loop
    vertex 3.527128330873659 -9.533613933595296 1.528374568234587
    vertex 3.224961939092065 -9.13099224416575 1.929755064512051
    vertex 2.903933064779763 -9.495009914805522 1.546389030738639
  endloop
endfacet
facet normal -0.0258026 -0.496353 0.867737
  outer loop
    vertex 3.918505806682696 -8.234378359246106 2.537433722298969
    vertex 3.278675196864982 -8.070426882219296 2.612189544850609
    vertex 3.583193968706237 -8.702759096780019 2.259545637705958
  endloop
endfacet
facet normal -0.0674401 -0.755106 0.652125
  outer loop
    vertex 1.051405554462969 -9.313436261125393 1.479815676651222
    vertex 0.7633251719589738 -9.640645715742174 1.071142475999762
    vertex 1.37420108167774 -9.728363448900581 1.032746960915655
  endloop
endfacet
facet normal -0.205804 -0.364736 0.908082
  outer loop
    vertex 1.658400254801192 -7.58464112067873 2.564411101575659
    vertex 1.35892456568247 -8.020809206615544 2.321350103418928
    vertex 1.984070977535495 -8.070034626246747 2.443258770650607
  endloop
endfacet
facet normal -0.17775 -0.487737 0.854703
  outer loop
    vertex 1.065679952546737 -8.447902110213436 2.055684060286425
    vertex 0.7816424329473255 -8.861585443316317 1.76054461126835
    vertex 1.342440108696698 -8.927172179370741 1.839745007885719
  endloop
endfacet
facet normal -0.145266 -0.583255 0.799194
  outer loop
    vertex 0.7816424329473255 -8.861585443316317 1.76054461126835
    vertex 0.5123195782267289 -9.253837763991175 1.425323503741728
    vertex 1.051405554462969 -9.313436261125393 1.479815676651222
  endloop
endfacet
facet normal -0.100597 -0.706613 0.700413
  outer loop
    vertex 0.5123195782267289 -9.253837763991175 1.425323503741728
    vertex 0.269173747154296 -9.607964845406245 1.033140342958839
    vertex 0.7633251719589738 -9.640645715742174 1.071142475999762
  endloop
endfacet
facet normal 0.184162 -0.383707 0.904905
  outer loop
    vertex 6.047044731751764 -8.096802898298442 2.320968583031034
    vertex 5.726605096921848 -7.677065417313301 2.564164408820314
    vertex 5.60244866580746 -8.224008951881093 2.357511497846933
  endloop
endfacet
facet normal 0.162112 -0.505143 0.847674
  outer loop
    vertex 6.664629697572591 -8.90576511667545 1.759878379027949
    vertex 6.360785438793483 -8.507765587499128 2.05516125375788
    vertex 6.090596905916616 -8.978268835820511 1.826452467002797
  endloop
endfacet
facet normal -0.0148597 -0.959435 0.28154
  outer loop
    vertex 3.178389170866159 -9.802039015967152 1.079981968710455
    vertex 3.470644125407132 -9.962581901852655 0.5483069188973607
    vertex 3.792969172903267 -9.817961803677077 1.058157619922338
  endloop
endfacet
facet normal 0.00219835 -0.962408 0.271599
  outer loop
    vertex 3.470644125407132 -9.962581901852655 0.5483069188973607
    vertex 4.077993600818862 -9.964277746156904 0.537381773826006
    vertex 3.792969172903267 -9.817961803677077 1.058157619922338
  endloop
endfacet
facet normal 0.0658314 -0.565104 0.822389
  outer loop
    vertex 4.23960183711613 -8.723601611609023 2.234658296513368
    vertex 4.822660939584511 -8.953856503614745 2.029765590680663
    vertex 4.666954830113649 -8.63406643839644 2.261973158351401
  endloop
endfacet
facet normal -0.00681145 -0.857388 0.514626
  outer loop
    vertex 4.121014988003745 -9.564298451608455 1.485113398277239
    vertex 3.527128330873659 -9.533613933595296 1.528374568234587
    vertex 3.792969172903267 -9.817961803677077 1.058157619922338
  endloop
endfacet
facet normal -0.0211399 -0.938565 0.344454
  outer loop
    vertex 1.930210671049876 -9.756563499756489 1.058393893706779
    vertex 1.562500000000791 -9.939320097840755 0.5378537900525
    vertex 2.208086618508336 -9.949678489521158 0.5492504835811939
  endloop
endfacet
facet normal 0.0385706 -0.990603 0.131218
  outer loop
    vertex 6.250000000000004 -10 0
    vertex 6.453906379107946 -9.914703880216186 0.5839903295615492
    vertex 5.909433722776323 -9.942676981606878 0.5328570127739835
  endloop
endfacet
facet normal 0.0171234 -0.995049 0.0979038
  outer loop
    vertex 5.312499999996397 -9.952328964299493 0.5391625194263082
    vertex 5.625000000000005 -10 0
    vertex 5.909433722776323 -9.942676981606878 0.5328570127739835
  endloop
endfacet
facet normal 0.166963 -0.612301 0.772794
  outer loop
    vertex 6.664629697572591 -8.90576511667545 1.759878379027949
    vertex 6.090596905916616 -8.978268835820511 1.826452467002797
    vertex 6.384788811524674 -9.355911526253529 1.463677439072546
  endloop
endfacet
facet normal 0 -0.994263 0.10696
  outer loop
    vertex 5.625000000000005 -10 0
    vertex 6.250000000000004 -10 0
    vertex 5.909433722776323 -9.942676981606878 0.5328570127739835
  endloop
endfacet
facet normal -0.198515 -0.415776 0.887537
  outer loop
    vertex 1.35892456568247 -8.020809206615544 2.321350103418928
    vertex 1.065679952546737 -8.447902110213436 2.055684060286425
    vertex 1.637477467001409 -8.499620389442736 2.159349581980129
  endloop
endfacet
facet normal -0.118573 -0.62763 0.769429
  outer loop
    vertex 1.642575835765782 -9.397035910500751 1.502725265683334
    vertex 1.342440108696698 -8.927172179370741 1.839745007885719
    vertex 1.051405554462969 -9.313436261125393 1.479815676651222
  endloop
endfacet
facet normal 0.0765201 -0.938352 0.337107
  outer loop
    vertex 4.980892486085338 -9.796385016445932 1.048511390470054
    vertex 5.312499999996397 -9.952328964299493 0.5391625194263082
    vertex 5.528534407185193 -9.72135145049895 1.133061075755327
  endloop
endfacet
facet normal 0.011081 -0.954088 0.299321
  outer loop
    vertex 4.699315802292479 -9.96075462150224 0.5350060702941414
    vertex 5.312499999996397 -9.952328964299493 0.5391625194263082
    vertex 4.980892486085338 -9.796385016445932 1.048511390470054
  endloop
endfacet
facet normal 0.125929 -0.454096 0.882008
  outer loop
    vertex 4.637190804680558 -8.254386686047429 2.483211881035903
    vertex 5.144379368050464 -8.542577127994949 2.262424811571019
    vertex 5.232635538798466 -7.990733362361235 2.533937091782944
  endloop
endfacet
facet normal 0.178647 -0.434567 0.882744
  outer loop
    vertex 6.360785438793483 -8.507765587499128 2.05516125375788
    vertex 6.047044731751764 -8.096802898298442 2.320968583031034
    vertex 5.801136669564052 -8.582158299870207 2.131798403203737
  endloop
endfacet
facet normal 0.1368 -0.540141 0.830382
  outer loop
    vertex 5.450545527548211 -9.000499326951587 1.917436432553878
    vertex 6.090596905916616 -8.978268835820511 1.826452467002797
    vertex 5.801136669564052 -8.582158299870207 2.131798403203737
  endloop
endfacet
facet normal -0.198142 -0.495468 0.845725
  outer loop
    vertex 1.065679952546737 -8.447902110213436 2.055684060286425
    vertex 1.342440108696698 -8.927172179370741 1.839745007885719
    vertex 1.637477467001409 -8.499620389442736 2.159349581980129
  endloop
endfacet
facet normal 0.0706497 -0.763737 0.64165
  outer loop
    vertex 6.384788811524674 -9.355911526253529 1.463677439072546
    vertex 6.113138808283368 -9.715147338066679 1.065999717867127
    vertex 6.695301081081526 -9.640069454496436 1.091262982270968
  endloop
endfacet
facet normal -0.0368713 -0.844527 0.534243
  outer loop
    vertex 3.527128330873659 -9.533613933595296 1.528374568234587
    vertex 2.903933064779763 -9.495009914805522 1.546389030738639
    vertex 3.178389170866159 -9.802039015967152 1.079981968710455
  endloop
endfacet
facet normal -0.0721301 -0.977324 0.199085
  outer loop
    vertex 0.6250000000000044 -10 0
    vertex 1.062689060067119 -9.91460039188067 0.5778109260682952
    vertex 0.5872368813449211 -9.860582714447983 0.6707277569932437
  endloop
endfacet
facet normal -0.068108 -0.796686 0.600544
  outer loop
    vertex 1.930210671049876 -9.756563499756489 1.058393893706779
    vertex 1.642575835765782 -9.397035910500751 1.502725265683334
    vertex 1.37420108167774 -9.728363448900581 1.032746960915655
  endloop
endfacet
facet normal -0.074163 -0.84747 0.525637
  outer loop
    vertex 0.269173747154296 -9.607964845406245 1.033140342958839
    vertex 0.07904326955388188 -9.884878296168353 0.5598548160331283
    vertex 0.5872368813449211 -9.860582714447983 0.6707277569932437
  endloop
endfacet
facet normal 0.108156 -0.417817 0.902071
  outer loop
    vertex 4.889209539090152 -7.566018461249931 2.771830601609499
    vertex 4.637190804680558 -8.254386686047429 2.483211881035903
    vertex 5.232635538798466 -7.990733362361235 2.533937091782944
  endloop
endfacet
facet normal 0.0064909 -0.962979 0.269497
  outer loop
    vertex 4.077993600818862 -9.964277746156904 0.537381773826006
    vertex 4.699315802292479 -9.96075462150224 0.5350060702941414
    vertex 4.391111753366076 -9.826403253246886 1.02249902129066
  endloop
endfacet
facet normal 0.145067 -0.468681 0.871375
  outer loop
    vertex 5.801136669564052 -8.582158299870207 2.131798403203737
    vertex 5.60244866580746 -8.224008951881093 2.357511497846933
    vertex 5.144379368050464 -8.542577127994949 2.262424811571019
  endloop
endfacet
facet normal -0.180201 -0.594466 0.783669
  outer loop
    vertex 1.342440108696698 -8.927172179370741 1.839745007885719
    vertex 0.7816424329473255 -8.861585443316317 1.76054461126835
    vertex 1.051405554462969 -9.313436261125393 1.479815676651222
  endloop
endfacet
facet normal 0.0360837 -0.957354 0.286656
  outer loop
    vertex 4.699315802292479 -9.96075462150224 0.5350060702941414
    vertex 4.980892486085338 -9.796385016445932 1.048511390470054
    vertex 4.391111753366076 -9.826403253246886 1.02249902129066
  endloop
endfacet
facet normal -0.0640891 -0.926584 0.370587
  outer loop
    vertex 1.562500000000791 -9.939320097840755 0.5378537900525
    vertex 1.930210671049876 -9.756563499756489 1.058393893706779
    vertex 1.37420108167774 -9.728363448900581 1.032746960915655
  endloop
endfacet
facet normal -0.148126 -0.718434 0.67964
  outer loop
    vertex 0.5123195782267289 -9.253837763991175 1.425323503741728
    vertex 0.7633251719589738 -9.640645715742174 1.071142475999762
    vertex 1.051405554462969 -9.313436261125393 1.479815676651222
  endloop
endfacet
facet normal 0.101572 -0.716986 0.689648
  outer loop
    vertex 7.212583374360612 -9.623518699541776 1.032283731386932
    vertex 6.952661752567424 -9.283052555761051 1.424528158952695
    vertex 6.695301081081526 -9.640069454496436 1.091262982270968
  endloop
endfacet
facet normal 0.198249 -0.441512 0.87508
  outer loop
    vertex 6.047044731751764 -8.096802898298442 2.320968583031034
    vertex 5.60244866580746 -8.224008951881093 2.357511497846933
    vertex 5.801136669564052 -8.582158299870207 2.131798403203737
  endloop
endfacet
facet normal -0.00387658 -0.85667 0.515851
  outer loop
    vertex 3.527128330873659 -9.533613933595296 1.528374568234587
    vertex 3.178389170866159 -9.802039015967152 1.079981968710455
    vertex 3.792969172903267 -9.817961803677077 1.058157619922338
  endloop
endfacet
facet normal 0.183026 -0.512819 0.83876
  outer loop
    vertex 6.090596905916616 -8.978268835820511 1.826452467002797
    vertex 6.360785438793483 -8.507765587499128 2.05516125375788
    vertex 5.801136669564052 -8.582158299870207 2.131798403203737
  endloop
endfacet
facet normal 0.00262297 -0.962346 0.271814
  outer loop
    vertex 3.792969172903267 -9.817961803677077 1.058157619922338
    vertex 4.077993600818862 -9.964277746156904 0.537381773826006
    vertex 4.391111753366076 -9.826403253246886 1.02249902129066
  endloop
endfacet
facet normal 0.0176322 -0.865472 0.500647
  outer loop
    vertex 4.121014988003745 -9.564298451608455 1.485113398277239
    vertex 3.792969172903267 -9.817961803677077 1.058157619922338
    vertex 4.391111753366076 -9.826403253246886 1.02249902129066
  endloop
endfacet
facet normal 0.0941751 -0.495702 0.863371
  outer loop
    vertex 5.144379368050464 -8.542577127994949 2.262424811571019
    vertex 4.637190804680558 -8.254386686047429 2.483211881035903
    vertex 4.666954830113649 -8.63406643839644 2.261973158351401
  endloop
endfacet
facet normal -0.205467 -0.418803 0.884527
  outer loop
    vertex 1.984070977535495 -8.070034626246747 2.443258770650607
    vertex 1.35892456568247 -8.020809206615544 2.321350103418928
    vertex 1.637477467001409 -8.499620389442736 2.159349581980129
  endloop
endfacet
facet normal -0.0958017 -0.854075 0.511251
  outer loop
    vertex 0.7633251719589738 -9.640645715742174 1.071142475999762
    vertex 0.269173747154296 -9.607964845406245 1.033140342958839
    vertex 0.5872368813449211 -9.860582714447983 0.6707277569932437
  endloop
endfacet
facet normal 0.0782682 -0.789068 0.6093
  outer loop
    vertex 6.113138808283368 -9.715147338066679 1.065999717867127
    vertex 5.786055394848619 -9.391708335772085 1.526882325486829
    vertex 5.528534407185193 -9.72135145049895 1.133061075755327
  endloop
endfacet
facet normal 0.0969152 -0.826964 0.553839
  outer loop
    vertex 4.980892486085338 -9.796385016445932 1.048511390470054
    vertex 5.105131261498307 -9.424634852640704 1.58184897932789
    vertex 4.574481709454572 -9.590128054660527 1.427600442464355
  endloop
endfacet
facet normal 0.1047 -0.550453 0.828275
  outer loop
    vertex 4.822660939584511 -8.953856503614745 2.029765590680663
    vertex 5.144379368050464 -8.542577127994949 2.262424811571019
    vertex 4.666954830113649 -8.63406643839644 2.261973158351401
  endloop
endfacet
facet normal -0.00505495 -0.875534 0.48313
  outer loop
    vertex 1.062689060067119 -9.91460039188067 0.5778109260682952
    vertex 0.7633251719589738 -9.640645715742174 1.071142475999762
    vertex 0.5872368813449211 -9.860582714447983 0.6707277569932437
  endloop
endfacet
facet normal 0.0111287 -0.881546 0.471968
  outer loop
    vertex 6.695301081081526 -9.640069454496436 1.091262982270968
    vertex 6.453906379107946 -9.914703880216186 0.5839903295615492
    vertex 6.960387573179672 -9.866153341816348 0.6627309613825392
  endloop
endfacet
facet normal 0.00960709 -0.729529 0.683883
  outer loop
    vertex 3.851109297317156 -9.175323829459053 1.903841801362423
    vertex 4.121014988003745 -9.564298451608455 1.485113398277239
    vertex 4.439347130061782 -9.255259439056314 1.810307391792791
  endloop
endfacet
facet normal 0.139656 -0.727613 0.671622
  outer loop
    vertex 6.952661752567424 -9.283052555761051 1.424528158952695
    vertex 6.384788811524674 -9.355911526253529 1.463677439072546
    vertex 6.695301081081526 -9.640069454496436 1.091262982270968
  endloop
endfacet
facet normal 0.0420997 -0.744495 0.666299
  outer loop
    vertex 4.121014988003745 -9.564298451608455 1.485113398277239
    vertex 4.574481709454572 -9.590128054660527 1.427600442464355
    vertex 4.439347130061782 -9.255259439056314 1.810307391792791
  endloop
endfacet
facet normal 0.188723 -0.384293 0.903716
  outer loop
    vertex 5.60244866580746 -8.224008951881093 2.357511497846933
    vertex 5.726605096921848 -7.677065417313301 2.564164408820314
    vertex 5.232635538798466 -7.990733362361235 2.533937091782944
  endloop
endfacet
facet normal 0.0222941 -0.867955 0.496143
  outer loop
    vertex 4.391111753366076 -9.826403253246886 1.02249902129066
    vertex 4.980892486085338 -9.796385016445932 1.048511390470054
    vertex 4.574481709454572 -9.590128054660527 1.427600442464355
  endloop
endfacet
facet normal 0.0725874 -0.855731 0.512305
  outer loop
    vertex 7.41566486314221 -9.889531087744452 0.5591745756526176
    vertex 7.212583374360612 -9.623518699541776 1.032283731386932
    vertex 6.960387573179672 -9.866153341816348 0.6627309613825392
  endloop
endfacet
facet normal 0.0851181 -0.858555 0.505608
  outer loop
    vertex 7.212583374360612 -9.623518699541776 1.032283731386932
    vertex 6.695301081081526 -9.640069454496436 1.091262982270968
    vertex 6.960387573179672 -9.866153341816348 0.6627309613825392
  endloop
endfacet
facet normal 0.0139407 -0.86646 0.499052
  outer loop
    vertex 4.121014988003745 -9.564298451608455 1.485113398277239
    vertex 4.391111753366076 -9.826403253246886 1.02249902129066
    vertex 4.574481709454572 -9.590128054660527 1.427600442464355
  endloop
endfacet
facet normal 0.13336 -0.454615 0.880648
  outer loop
    vertex 5.144379368050464 -8.542577127994949 2.262424811571019
    vertex 5.60244866580746 -8.224008951881093 2.357511497846933
    vertex 5.232635538798466 -7.990733362361235 2.533937091782944
  endloop
endfacet
facet normal -0.0570336 -0.40792 0.911235
  outer loop
    vertex 3.348246986703068 -7.213841574346917 3
    vertex 2.90060330482087 -7.676634428919553 2.764810023774744
    vertex 3.278675196864982 -8.070426882219296 2.612189544850609
  endloop
endfacet
facet normal -0.0511724 -0.408447 0.911347
  outer loop
    vertex 3.718612020308426 -7.803635186011448 2.7564626893336
    vertex 3.348246986703068 -7.213841574346917 3
    vertex 3.278675196864982 -8.070426882219296 2.612189544850609
  endloop
endfacet
facet normal -0.999817 0.0101455 0.0162126
  outer loop
    vertex -0.01661549266367943 -3.538167107686637 0.485511056511696
    vertex -0.006031937905091583 -3.485665273967225 1.105336180638513
    vertex -0.009923106708526355 -2.976378296257527 0.5466677336431334
  endloop
endfacet
facet normal -0.992149 0.0889025 0.0879547
  outer loop
    vertex -0.006031937905091583 -3.485665273967225 1.105336180638513
    vertex 0.05953440791088831 -2.875002644285412 1.227696360745576
    vertex -0.009923106708526355 -2.976378296257527 0.5466677336431334
  endloop
endfacet
facet normal -0.984779 -0.0583563 0.163724
  outer loop
    vertex 0.009747829564198665 -7.900930564134187 0.5951083083489486
    vertex 0.01120762065623692 -8.381443674213362 0.432619540878513
    vertex 0.1078506953693846 -8.566356420261105 0.9480049593416024
  endloop
endfacet
facet normal -0.972696 -0.0208179 0.231148
  outer loop
    vertex 0.1737073049361781 -8.120998387288953 1.265246529301935
    vertex 0.009747829564198665 -7.900930564134187 0.5951083083489486
    vertex 0.1078506953693846 -8.566356420261105 0.9480049593416024
  endloop
endfacet
facet normal -0.257337 0.272632 0.927065
  outer loop
    vertex 2.009011820557863 -3.574706991863515 3
    vertex 2.42748318234194 -3.17971176265637 3
    vertex 1.751169000992085 -3.095392176971392 2.787470216897399
  endloop
endfacet
facet normal -0.988817 0 0.149134
  outer loop
    vertex 0 -0.6249999999999982 0
    vertex 0.08433513685779051 -0.1104689122555489 0.559174575652618
    vertex 0 0 0
  endloop
endfacet
facet normal -0.99018 0 0.139799
  outer loop
    vertex 0 -9.374999999999998 0
    vertex 0 -10 0
    vertex 0.07904326955388188 -9.884878296168353 0.5598548160331283
  endloop
endfacet
facet normal -0.2877 -0.254627 0.923252
  outer loop
    vertex 2.26963786663565 -6.69441079850812 3
    vertex 1.888258246891807 -6.263494220300842 3
    vertex 1.563128664683503 -6.743498883421723 2.7663025990452
  endloop
endfacet
facet normal -0.290248 -0.236752 0.927202
  outer loop
    vertex 1.962345033544573 -7.141964078127761 2.789527554588953
    vertex 2.26963786663565 -6.69441079850812 3
    vertex 1.563128664683503 -6.743498883421723 2.7663025990452
  endloop
endfacet
facet normal -0.26058 0.256159 0.930849
  outer loop
    vertex 2.42748318234194 -3.17971176265637 3
    vertex 2.098639235316519 -2.74896564089486 2.789407946707002
    vertex 1.751169000992085 -3.095392176971392 2.787470216897399
  endloop
endfacet
facet normal -0.983827 -0.029284 0.17671
  outer loop
    vertex 0.03949452569324868 -5.195245073304624 1.604566219974099
    vertex -0.04413488849574113 -5.635086920723525 1.066071374383055
    vertex 0.05765899812293122 -5.875179036177548 1.59301894306449
  endloop
endfacet
facet normal -0.971848 -0.134056 0.193755
  outer loop
    vertex 0.1737073049361781 -8.120998387288953 1.265246529301935
    vertex 0.06817213265977026 -7.493800734464275 1.1698435061849
    vertex 0.009747829564198665 -7.900930564134187 0.5951083083489486
  endloop
endfacet
facet normal -0.424024 -0.225033 0.877248
  outer loop
    vertex 1.208233890906697 -6.369031792196937 2.690820427886294
    vertex 0.9685718971919918 -6.856975092340208 2.44980996962687
    vertex 1.563128664683503 -6.743498883421723 2.7663025990452
  endloop
endfacet
facet normal -0.608552 0.0898468 0.788411
  outer loop
    vertex 1.007175280283146 -4.372965186084253 2.684394651594761
    vertex 0.5242730121006184 -4.338971568874976 2.307781969073543
    vertex 0.673871824805911 -4.759935659440308 2.471225939400318
  endloop
endfacet
facet normal -0.881872 -0.0315486 0.470432
  outer loop
    vertex 0.3095003449522024 -5.574761336280822 2.085268309511821
    vertex 0.03949452569324868 -5.195245073304624 1.604566219974099
    vertex 0.05765899812293122 -5.875179036177548 1.59301894306449
  endloop
endfacet
facet normal -0.582123 0.054489 0.811273
  outer loop
    vertex 1.025991808709589 -4.825882107584146 2.728316386476939
    vertex 1.007175280283146 -4.372965186084253 2.684394651594761
    vertex 0.673871824805911 -4.759935659440308 2.471225939400318
  endloop
endfacet
facet normal -0.520189 -0.15897 0.839126
  outer loop
    vertex 0.9685718971919918 -6.856975092340208 2.44980996962687
    vertex 1.208233890906697 -6.369031792196937 2.690820427886294
    vertex 0.7549206889252028 -6.42347776009124 2.399488824768341
  endloop
endfacet
facet normal -0.992819 0.0403389 0.112619
  outer loop
    vertex 0.08433513685779051 -0.1104689122555489 0.559174575652618
    vertex 0 -0.6249999999999982 0
    vertex 0.06397549196151688 -0.6435972093854702 0.5706501099335959
  endloop
endfacet
facet normal -0.565855 0.204468 0.79875
  outer loop
    vertex 0.8859089276903382 -3.758905847745543 2.514737653527927
    vertex 1.129683067597794 -3.022246636118993 2.498859547750352
    vertex 0.5582977334776431 -3.25324829433181 2.15320879321305
  endloop
endfacet
facet normal -0.60775 0.0977199 0.788093
  outer loop
    vertex 1.007175280283146 -4.372965186084253 2.684394651594761
    vertex 0.8859089276903382 -3.758905847745543 2.514737653527927
    vertex 0.5242730121006184 -4.338971568874976 2.307781969073543
  endloop
endfacet
facet normal -0.987736 -0.00330948 0.156101
  outer loop
    vertex -0.04413488849574113 -5.635086920723525 1.066071374383055
    vertex 0.03949452569324868 -5.195245073304624 1.604566219974099
    vertex -0.05009708091123304 -5.074789107974857 1.040224112334135
  endloop
endfacet
facet normal -0.993803 -0.0403274 0.103583
  outer loop
    vertex 0 -9.374999999999998 0
    vertex 0.07904326955388188 -9.884878296168353 0.5598548160331283
    vertex 0.05818259921136585 -9.349508157496796 0.5681449135570495
  endloop
endfacet
facet normal -0.999007 0.0409445 0.017546
  outer loop
    vertex 0.01757223966737924 -2.406174950108145 0.7815575123934215
    vertex 0 -2.499999999999991 0
    vertex -0.009923106708526355 -2.976378296257527 0.5466677336431334
  endloop
endfacet
facet normal -0.999619 -0.0134446 0.0240891
  outer loop
    vertex 0 -2.499999999999991 0
    vertex 0.01757223966737924 -2.406174950108145 0.7815575123934215
    vertex 0.002489743239844803 -2.067607835494544 0.3446439492200569
  endloop
endfacet
facet normal -0.872717 -0.00250274 0.488221
  outer loop
    vertex 0.03949452569324868 -5.195245073304624 1.604566219974099
    vertex 0.3095003449522024 -5.574761336280822 2.085268309511821
    vertex 0.3430679359633177 -4.940470649844872 2.148523429708164
  endloop
endfacet
facet normal -0.999868 -0.0161393 0.0016997
  outer loop
    vertex -0.030742006296736 -4.537452962943286 1.253032016859379
    vertex -0.03854279689822906 -4.098303704457456 0.8340272551243662
    vertex -0.02984672727968986 -4.666366763689834 0.5556003012230786
  endloop
endfacet
facet normal -0.347031 0.216505 0.912521
  outer loop
    vertex 1.704418972485958 -4.062931027151898 3
    vertex 2.009011820557863 -3.574706991863515 3
    vertex 1.423171544763366 -3.493356643576258 2.757904183114288
  endloop
endfacet
facet normal -0.381194 -0.192691 0.904191
  outer loop
    vertex 1.888258246891807 -6.263494220300842 3
    vertex 1.628655665190691 -5.749932139044893 3
    vertex 1.208233890906697 -6.369031792196937 2.690820427886294
  endloop
endfacet
facet normal -0.993382 -0.0176588 0.113491
  outer loop
    vertex 0.06817213265977026 -7.493800734464275 1.1698435061849
    vertex -0.009094467247795782 -7.187499999999675 0.5411894683622395
    vertex 0.009747829564198665 -7.900930564134187 0.5951083083489486
  endloop
endfacet
facet normal -0.346726 0.217991 0.912283
  outer loop
    vertex 1.423171544763366 -3.493356643576258 2.757904183114288
    vertex 2.009011820557863 -3.574706991863515 3
    vertex 1.751169000992085 -3.095392176971392 2.787470216897399
  endloop
endfacet
facet normal -0.476902 0.176376 0.861078
  outer loop
    vertex 0.8859089276903382 -3.758905847745543 2.514737653527927
    vertex 1.423171544763366 -3.493356643576258 2.757904183114288
    vertex 1.129683067597794 -3.022246636118993 2.498859547750352
  endloop
endfacet
facet normal -0.499162 0.218507 0.838506
  outer loop
    vertex 0.7405221943167788 -2.618072534552719 2.144671170423799
    vertex 1.226157254205406 -2.429020583845351 2.384504353631628
    vertex 0.9500914445801972 -2.009750457366488 2.110904341070441
  endloop
endfacet
facet normal -0.503704 0.241788 0.82935
  outer loop
    vertex 1.129683067597794 -3.022246636118993 2.498859547750352
    vertex 1.226157254205406 -2.429020583845351 2.384504353631628
    vertex 0.7405221943167788 -2.618072534552719 2.144671170423799
  endloop
endfacet
facet normal -0.687166 -0.0906047 0.720828
  outer loop
    vertex 0.8204980380154283 -5.931184274281878 2.527602195786668
    vertex 0.6789220236386676 -5.263590939882344 2.476550953553685
    vertex 0.3095003449522024 -5.574761336280822 2.085268309511821
  endloop
endfacet
facet normal -0.383628 -0.18104 0.905568
  outer loop
    vertex 1.888258246891807 -6.263494220300842 3
    vertex 1.208233890906697 -6.369031792196937 2.690820427886294
    vertex 1.563128664683503 -6.743498883421723 2.7663025990452
  endloop
endfacet
facet normal -0.713939 -0.0319733 0.699478
  outer loop
    vertex 0.3095003449522024 -5.574761336280822 2.085268309511821
    vertex 0.6789220236386676 -5.263590939882344 2.476550953553685
    vertex 0.3430679359633177 -4.940470649844872 2.148523429708164
  endloop
endfacet
facet normal -0.663976 0.0996655 0.741082
  outer loop
    vertex 0.8859089276903382 -3.758905847745543 2.514737653527927
    vertex 0.5582977334776431 -3.25324829433181 2.15320879321305
    vertex 0.3353272826338098 -3.852106938691445 2.033975700902779
  endloop
endfacet
facet normal -0.574854 -0.0595021 0.81609
  outer loop
    vertex 0.8204980380154283 -5.931184274281878 2.527602195786668
    vertex 1.10363648993165 -5.562517313340867 2.753925165536709
    vertex 0.6789220236386676 -5.263590939882344 2.476550953553685
  endloop
endfacet
facet normal -0.998799 0.0472219 0.0130547
  outer loop
    vertex -0.01661549266367943 -3.538167107686637 0.485511056511696
    vertex -0.03854279689822906 -4.098303704457456 0.8340272551243662
    vertex -0.006031937905091583 -3.485665273967225 1.105336180638513
  endloop
endfacet
facet normal -0.993037 -0.0866078 0.079854
  outer loop
    vertex -0.009094467247795782 -7.187499999999675 0.5411894683622395
    vertex 0.06817213265977026 -7.493800734464275 1.1698435061849
    vertex 0.007763821487508885 -6.852079591754477 1.114622624229239
  endloop
endfacet
facet normal -0.664553 0.153385 0.731329
  outer loop
    vertex 0.8859089276903382 -3.758905847745543 2.514737653527927
    vertex 0.3353272826338098 -3.852106938691445 2.033975700902779
    vertex 0.5242730121006184 -4.338971568874976 2.307781969073543
  endloop
endfacet
facet normal -0.786974 0.175227 0.591581
  outer loop
    vertex 0.3353272826338098 -3.852106938691445 2.033975700902779
    vertex 0.5582977334776431 -3.25324829433181 2.15320879321305
    vertex 0.1616935310269606 -3.344529829216992 1.652647647903864
  endloop
endfacet
facet normal -0.802522 -0.229699 0.550633
  outer loop
    vertex 0.5595742070619621 -8.329546695267112 1.740632834131667
    vertex 0.3639122998860019 -7.735400959065743 1.703315491144002
    vertex 0.1737073049361781 -8.120998387288953 1.265246529301935
  endloop
endfacet
facet normal -0.945726 -0.135253 0.295482
  outer loop
    vertex 0.2154962564240824 -7.113412286522966 1.659872910844285
    vertex 0.1038915180889078 -6.472926979286328 1.595842176255929
    vertex 0.007763821487508885 -6.852079591754477 1.114622624229239
  endloop
endfacet
facet normal -0.994916 0.00657866 0.100491
  outer loop
    vertex 0.05953440791088831 -2.875002644285412 1.227696360745576
    vertex 0.01757223966737924 -2.406174950108145 0.7815575123934215
    vertex -0.009923106708526355 -2.976378296257527 0.5466677336431334
  endloop
endfacet
facet normal -0.885659 0.0442837 0.46222
  outer loop
    vertex 0.3353272826338098 -3.852106938691445 2.033975700902779
    vertex 0.1616935310269606 -3.344529829216992 1.652647647903864
    vertex 0.03375499598097828 -3.972862870452575 1.467703600166726
  endloop
endfacet
facet normal -0.788689 0.10373 0.605978
  outer loop
    vertex 0.1616935310269606 -3.344529829216992 1.652647647903864
    vertex 0.5582977334776431 -3.25324829433181 2.15320879321305
    vertex 0.3338764979984099 -2.746024649990135 1.774295123518893
  endloop
endfacet
facet normal -0.594334 0.247229 0.765274
  outer loop
    vertex 0.5379812002853031 -2.168867765836965 1.842252194596179
    vertex 0.7405221943167788 -2.618072534552719 2.144671170423799
    vertex 0.9500914445801972 -2.009750457366488 2.110904341070441
  endloop
endfacet
facet normal -0.886585 0.122759 0.445979
  outer loop
    vertex 0.3353272826338098 -3.852106938691445 2.033975700902779
    vertex 0.03375499598097828 -3.972862870452575 1.467703600166726
    vertex 0.1596195739656622 -4.462831881856895 1.852783996575626
  endloop
endfacet
facet normal -0.895909 0.174727 0.408434
  outer loop
    vertex 0.1616935310269606 -3.344529829216992 1.652647647903864
    vertex 0.3338764979984099 -2.746024649990135 1.774295123518893
    vertex 0.05953440791088831 -2.875002644285412 1.227696360745576
  endloop
endfacet
facet normal -0.952889 -0.00644825 0.30325
  outer loop
    vertex 0.1596195739656622 -4.462831881856895 1.852783996575626
    vertex 0.03375499598097828 -3.972862870452575 1.467703600166726
    vertex -0.030742006296736 -4.537452962943286 1.253032016859379
  endloop
endfacet
facet normal -0.8984 0.084586 0.430955
  outer loop
    vertex 0.05953440791088831 -2.875002644285412 1.227696360745576
    vertex 0.3338764979984099 -2.746024649990135 1.774295123518893
    vertex 0.1949353057055139 -2.191918795170686 1.375890341144867
  endloop
endfacet
facet normal -0.953629 0.0561966 0.29569
  outer loop
    vertex 0.1596195739656622 -4.462831881856895 1.852783996575626
    vertex -0.030742006296736 -4.537452962943286 1.253032016859379
    vertex 0.03949452569324868 -5.195245073304624 1.604566219974099
  endloop
endfacet
facet normal -0.992262 0.0760303 0.098159
  outer loop
    vertex -0.030742006296736 -4.537452962943286 1.253032016859379
    vertex 0.03375499598097828 -3.972862870452575 1.467703600166726
    vertex -0.03854279689822906 -4.098303704457456 0.8340272551243662
  endloop
endfacet
facet normal -0.961541 0.139233 0.236753
  outer loop
    vertex 0.05953440791088831 -2.875002644285412 1.227696360745576
    vertex 0.1949353057055139 -2.191918795170686 1.375890341144867
    vertex 0.01757223966737924 -2.406174950108145 0.7815575123934215
  endloop
endfacet
facet normal -0.79209 0.212748 0.572129
  outer loop
    vertex 0.1949353057055139 -2.191918795170686 1.375890341144867
    vertex 0.3338764979984099 -2.746024649990135 1.774295123518893
    vertex 0.5379812002853031 -2.168867765836965 1.842252194596179
  endloop
endfacet
facet normal -0.825822 -0.0882164 0.556988
  outer loop
    vertex 0.2154962564240824 -7.113412286522966 1.659872910844285
    vertex 0.459041814260045 -6.672862676782552 2.090741918035913
    vertex 0.1038915180889078 -6.472926979286328 1.595842176255929
  endloop
endfacet
facet normal -0.605721 -0.15382 0.780668
  outer loop
    vertex 0.459041814260045 -6.672862676782552 2.090741918035913
    vertex 0.6370801689793837 -7.297657814492344 2.105774905752785
    vertex 0.9685718971919918 -6.856975092340208 2.44980996962687
  endloop
endfacet
facet normal -0.88671 -0.0799368 0.455362
  outer loop
    vertex 0.3639122998860019 -7.735400959065743 1.703315491144002
    vertex 0.06817213265977026 -7.493800734464275 1.1698435061849
    vertex 0.1737073049361781 -8.120998387288953 1.265246529301935
  endloop
endfacet
facet normal -0.751839 -0.199117 0.628562
  outer loop
    vertex 0.2154962564240824 -7.113412286522966 1.659872910844285
    vertex 0.6370801689793837 -7.297657814492344 2.105774905752785
    vertex 0.459041814260045 -6.672862676782552 2.090741918035913
  endloop
endfacet
facet normal -0.892635 -0.184262 0.4114
  outer loop
    vertex 0.3639122998860019 -7.735400959065743 1.703315491144002
    vertex 0.2154962564240824 -7.113412286522966 1.659872910844285
    vertex 0.06817213265977026 -7.493800734464275 1.1698435061849
  endloop
endfacet
facet normal -0.999188 0.0393821 -0.00856205
  outer loop
    vertex -0.030742006296736 -4.537452962943286 1.253032016859379
    vertex -0.02984672727968986 -4.666366763689834 0.5556003012230786
    vertex -0.05009708091123304 -5.074789107974857 1.040224112334135
  endloop
endfacet
facet normal -0.747013 -0.13275 0.651421
  outer loop
    vertex 0.3639122998860019 -7.735400959065743 1.703315491144002
    vertex 0.6370801689793837 -7.297657814492344 2.105774905752785
    vertex 0.2154962564240824 -7.113412286522966 1.659872910844285
  endloop
endfacet
facet normal -0.66123 -0.240637 0.710541
  outer loop
    vertex 0.3639122998860019 -7.735400959065743 1.703315491144002
    vertex 0.8343084404549863 -7.919501238697479 2.078717957600047
    vertex 0.6370801689793837 -7.297657814492344 2.105774905752785
  endloop
endfacet
facet normal -0.491621 0.0637955 0.868469
  outer loop
    vertex 1.533628139753273 -4.612449000638029 3
    vertex 1.007175280283146 -4.372965186084253 2.684394651594761
    vertex 1.025991808709589 -4.825882107584146 2.728316386476939
  endloop
endfacet
facet normal -0.785244 0.042652 0.617715
  outer loop
    vertex 0.3353272826338098 -3.852106938691445 2.033975700902779
    vertex 0.1596195739656622 -4.462831881856895 1.852783996575626
    vertex 0.5242730121006184 -4.338971568874976 2.307781969073543
  endloop
endfacet
facet normal -0.999859 -0 -0.0168022
  outer loop
    vertex 0 -6.87499999999999 0
    vertex 0 -7.499999999999993 0
    vertex -0.009094467247795782 -7.187499999999675 0.5411894683622395
  endloop
endfacet
facet normal -0.998569 -0 -0.0534877
  outer loop
    vertex 0 -4.999999999999983 0
    vertex 0 -5.624999999999986 0
    vertex -0.02865230759533921 -5.323270724154805 0.53491377845744
  endloop
endfacet
facet normal -0.999866 0 0.0163777
  outer loop
    vertex 0 -7.499999999999993 0
    vertex 0 -8.124999999999995 0
    vertex 0.009747829564198665 -7.900930564134187 0.5951083083489486
  endloop
endfacet
facet normal -0.999367 -0 -0.0355662
  outer loop
    vertex 0 -6.249999999999988 0
    vertex 0 -6.87499999999999 0
    vertex -0.01925074879740932 -6.56249999999997 0.5409234314306828
  endloop
endfacet
facet normal -0.998861 -0 -0.0477238
  outer loop
    vertex 0 -5.624999999999986 0
    vertex 0 -6.249999999999988 0
    vertex -0.02577853042073627 -5.945789807899931 0.5395454878676365
  endloop
endfacet
facet normal -0.99856 -0 -0.0536424
  outer loop
    vertex 0 -4.374999999999984 0
    vertex 0 -4.999999999999983 0
    vertex -0.02984672727968986 -4.666366763689834 0.5556003012230786
  endloop
endfacet
facet normal -0.999665 0 0.0258977
  outer loop
    vertex 0 -8.124999999999995 0
    vertex 0 -8.749999999999996 0
    vertex 0.01120762065623692 -8.381443674213362 0.432619540878513
  endloop
endfacet
facet normal -0.999415 -0 -0.0342027
  outer loop
    vertex 0 -3.124999999999988 0
    vertex 0 -3.749999999999986 0
    vertex -0.01661549266367943 -3.538167107686637 0.485511056511696
  endloop
endfacet
facet normal -0.999373 0 0.0354092
  outer loop
    vertex 0 -1.249999999999995 0
    vertex 0 -1.874999999999993 0
    vertex 0.0156649012654568 -1.550232595076102 0.4421192130834968
  endloop
endfacet
facet normal -0.942049 -0.0602815 0.330015
  outer loop
    vertex 0.06817213265977026 -7.493800734464275 1.1698435061849
    vertex 0.2154962564240824 -7.113412286522966 1.659872910844285
    vertex 0.007763821487508885 -6.852079591754477 1.114622624229239
  endloop
endfacet
facet normal -0.534657 -0.232167 0.812552
  outer loop
    vertex 0.9685718971919918 -6.856975092340208 2.44980996962687
    vertex 0.6370801689793837 -7.297657814492344 2.105774905752785
    vertex 1.125695244221578 -7.503484178082347 2.368472324116202
  endloop
endfacet
facet normal -0.998614 0.00660795 -0.0522087
  outer loop
    vertex -0.03854279689822906 -4.098303704457456 0.8340272551243662
    vertex -0.01661549266367943 -3.538167107686637 0.485511056511696
    vertex -0.01350655394665213 -4.062499999999984 0.3596814640839746
  endloop
endfacet
facet normal -0.999477 -0.00485191 -0.0319818
  outer loop
    vertex -0.02865230759533921 -5.323270724154805 0.53491377845744
    vertex -0.02577853042073627 -5.945789807899931 0.5395454878676365
    vertex -0.04413488849574113 -5.635086920723525 1.066071374383055
  endloop
endfacet
facet normal -0.551061 -0.199685 0.810221
  outer loop
    vertex 0.7816424329473255 -8.861585443316317 1.76054461126835
    vertex 1.065679952546737 -8.447902110213436 2.055684060286425
    vertex 0.5595742070619621 -8.329546695267112 1.740632834131667
  endloop
endfacet
facet normal -0.99975 -0.00982588 0.0200755
  outer loop
    vertex 0 -8.124999999999995 0
    vertex 0.01120762065623692 -8.381443674213362 0.432619540878513
    vertex 0.009747829564198665 -7.900930564134187 0.5951083083489486
  endloop
endfacet
facet normal -0.999647 -0.026514 -0.00148862
  outer loop
    vertex -0.009094467247795782 -7.187499999999675 0.5411894683622395
    vertex 0 -7.499999999999993 0
    vertex 0.009747829564198665 -7.900930564134187 0.5951083083489486
  endloop
endfacet
facet normal -0.999525 -0.0162535 -0.0261819
  outer loop
    vertex -0.01925074879740932 -6.56249999999997 0.5409234314306828
    vertex 0 -6.87499999999999 0
    vertex -0.009094467247795782 -7.187499999999675 0.5411894683622395
  endloop
endfacet
facet normal -0.999072 -0.0106682 -0.0417189
  outer loop
    vertex 0 -6.249999999999988 0
    vertex -0.01925074879740932 -6.56249999999997 0.5409234314306828
    vertex -0.02577853042073627 -5.945789807899931 0.5395454878676365
  endloop
endfacet
facet normal -0.998702 -0.00498746 -0.0506816
  outer loop
    vertex -0.02865230759533921 -5.323270724154805 0.53491377845744
    vertex 0 -5.624999999999986 0
    vertex -0.02577853042073627 -5.945789807899931 0.5395454878676365
  endloop
endfacet
facet normal -0.998564 -0.000128824 -0.0535653
  outer loop
    vertex 0 -4.999999999999983 0
    vertex -0.02865230759533921 -5.323270724154805 0.53491377845744
    vertex -0.02984672727968986 -4.666366763689834 0.5556003012230786
  endloop
endfacet
facet normal -0.999409 -0.0296745 -0.0173317
  outer loop
    vertex -0.04413488849574113 -5.635086920723525 1.066071374383055
    vertex -0.02577853042073627 -5.945789807899931 0.5395454878676365
    vertex -0.02676283774973329 -6.228634858875107 1.080578427565476
  endloop
endfacet
facet normal -0.908917 0.0436368 0.414687
  outer loop
    vertex 0.2874166256393867 -0.3764813004582247 1.032283731386933
    vertex 0.08433513685779051 -0.1104689122555489 0.559174575652618
    vertex 0.06397549196151688 -0.6435972093854702 0.5706501099335959
  endloop
endfacet
facet normal -0.383457 0.249988 0.889082
  outer loop
    vertex 1.423171544763366 -3.493356643576258 2.757904183114288
    vertex 1.751169000992085 -3.095392176971392 2.787470216897399
    vertex 1.129683067597794 -3.022246636118993 2.498859547750352
  endloop
endfacet
facet normal -0.55976 0.171486 0.810717
  outer loop
    vertex 0.5582977334776431 -3.25324829433181 2.15320879321305
    vertex 1.129683067597794 -3.022246636118993 2.498859547750352
    vertex 0.7405221943167788 -2.618072534552719 2.144671170423799
  endloop
endfacet
facet normal -0.999113 -0.0162191 0.0388599
  outer loop
    vertex -0.01925074879740932 -6.56249999999997 0.5409234314306828
    vertex -0.009094467247795782 -7.187499999999675 0.5411894683622395
    vertex 0.007763821487508885 -6.852079591754477 1.114622624229239
  endloop
endfacet
facet normal -0.654382 -0.16921 0.736988
  outer loop
    vertex 0.5595742070619621 -8.329546695267112 1.740632834131667
    vertex 0.8343084404549863 -7.919501238697479 2.078717957600047
    vertex 0.3639122998860019 -7.735400959065743 1.703315491144002
  endloop
endfacet
facet normal -0.993612 0.00276702 0.112816
  outer loop
    vertex -0.03854279689822906 -4.098303704457456 0.8340272551243662
    vertex 0.03375499598097828 -3.972862870452575 1.467703600166726
    vertex -0.006031937905091583 -3.485665273967225 1.105336180638513
  endloop
endfacet
facet normal -0.998336 -0.0542156 0.0196442
  outer loop
    vertex -0.01925074879740932 -6.56249999999997 0.5409234314306828
    vertex 0.007763821487508885 -6.852079591754477 1.114622624229239
    vertex -0.02676283774973329 -6.228634858875107 1.080578427565476
  endloop
endfacet
facet normal -0.958372 0.046451 0.281718
  outer loop
    vertex 0.1616935310269606 -3.344529829216992 1.652647647903864
    vertex 0.05953440791088831 -2.875002644285412 1.227696360745576
    vertex -0.006031937905091583 -3.485665273967225 1.105336180638513
  endloop
endfacet
facet normal -0.666307 -0.164139 0.727388
  outer loop
    vertex 0.5123195782267289 -9.253837763991175 1.425323503741728
    vertex 0.7816424329473255 -8.861585443316317 1.76054461126835
    vertex 0.3687118148302442 -8.713658943598475 1.4156692629097
  endloop
endfacet
facet normal -0.918394 -0.0418776 0.393444
  outer loop
    vertex 0.07904326955388188 -9.884878296168353 0.5598548160331283
    vertex 0.269173747154296 -9.607964845406245 1.033140342958839
    vertex 0.05818259921136585 -9.349508157496796 0.5681449135570495
  endloop
endfacet
facet normal -0.313553 -0.250496 0.915934
  outer loop
    vertex 1.658400254801192 -7.58464112067873 2.564411101575659
    vertex 1.962345033544573 -7.141964078127761 2.789527554588953
    vertex 1.414725702565126 -7.152629688219125 2.599143165727489
  endloop
endfacet
facet normal -0.444899 -0.23251 0.864873
  outer loop
    vertex 1.065679952546737 -8.447902110213436 2.055684060286425
    vertex 1.35892456568247 -8.020809206615544 2.321350103418928
    vertex 0.8343084404549863 -7.919501238697479 2.078717957600047
  endloop
endfacet
facet normal -0.803725 -0.0980854 0.586861
  outer loop
    vertex 0.269173747154296 -9.607964845406245 1.033140342958839
    vertex 0.5123195782267289 -9.253837763991175 1.425323503741728
    vertex 0.1776897912572407 -9.034789278151553 1.00364828118775
  endloop
endfacet
facet normal -0.999917 -0.0106004 -0.00736092
  outer loop
    vertex -0.02577853042073627 -5.945789807899931 0.5395454878676365
    vertex -0.01925074879740932 -6.56249999999997 0.5409234314306828
    vertex -0.02676283774973329 -6.228634858875107 1.080578427565476
  endloop
endfacet
facet normal -0.346173 0.258291 0.901915
  outer loop
    vertex 1.77339490307815 -2.322934582686699 2.564164408820315
    vertex 1.452955268248235 -1.903197101701561 2.320968583031035
    vertex 1.226157254205406 -2.429020583845351 2.384504353631628
  endloop
endfacet
facet normal -0.507409 0.228963 0.83073
  outer loop
    vertex 1.139214561206514 -1.492234412500873 2.055161253757881
    vertex 0.8353703024274065 -1.09423488332455 1.75987837902795
    vertex 0.7110699164890505 -1.614648573735486 1.827390184222311
  endloop
endfacet
facet normal -0.788051 0.0984777 0.607682
  outer loop
    vertex 0.5473382474325752 -0.71694744423895 1.424528158952696
    vertex 0.2874166256393867 -0.3764813004582247 1.032283731386933
    vertex 0.2118069672239913 -0.7900574634617317 1.001253948337115
  endloop
endfacet
facet normal -0.999835 -0 -0.018149
  outer loop
    vertex 0 -2.499999999999991 0
    vertex 0 -3.124999999999988 0
    vertex -0.009923106708526355 -2.976378296257527 0.5466677336431334
  endloop
endfacet
facet normal -0.666817 -0.103239 0.738036
  outer loop
    vertex 0.8204980380154283 -5.931184274281878 2.527602195786668
    vertex 0.3703184663197842 -6.175804604435249 2.086645173534258
    vertex 0.7549206889252028 -6.42347776009124 2.399488824768341
  endloop
endfacet
facet normal -0.460215 0.143035 0.876209
  outer loop
    vertex 1.533628139753273 -4.612449000638029 3
    vertex 1.704418972485958 -4.062931027151898 3
    vertex 1.007175280283146 -4.372965186084253 2.684394651594761
  endloop
endfacet
facet normal -0.450515 -0.0967667 0.887509
  outer loop
    vertex 1.628655665190691 -5.749932139044893 3
    vertex 1.507810797512209 -5.187316791151149 3
    vertex 1.10363648993165 -5.562517313340867 2.753925165536709
  endloop
endfacet
facet normal -0.478768 0.0215015 0.877678
  outer loop
    vertex 1.507810797512209 -5.187316791151149 3
    vertex 1.533628139753273 -4.612449000638029 3
    vertex 1.025991808709589 -4.825882107584146 2.728316386476939
  endloop
endfacet
facet normal -0.998137 0 0.0610096
  outer loop
    vertex 0 -0.6249999999999982 0
    vertex 0 -1.249999999999995 0
    vertex 0.02815109988401662 -1.097451707571347 0.4605616502386654
  endloop
endfacet
facet normal -0.553644 -0.276664 0.785452
  outer loop
    vertex 1.065679952546737 -8.447902110213436 2.055684060286425
    vertex 0.8343084404549863 -7.919501238697479 2.078717957600047
    vertex 0.5595742070619621 -8.329546695267112 1.740632834131667
  endloop
endfacet
facet normal -0.972999 -0.0414866 0.227052
  outer loop
    vertex 0.007763821487508885 -6.852079591754477 1.114622624229239
    vertex 0.1038915180889078 -6.472926979286328 1.595842176255929
    vertex -0.02676283774973329 -6.228634858875107 1.080578427565476
  endloop
endfacet
facet normal -0.815882 -0.207257 0.539797
  outer loop
    vertex 0.1776897912572407 -9.034789278151553 1.00364828118775
    vertex 0.5123195782267289 -9.253837763991175 1.425323503741728
    vertex 0.3687118148302442 -8.713658943598475 1.4156692629097
  endloop
endfacet
facet normal -0.417594 0.246799 0.874474
  outer loop
    vertex 1.452955268248235 -1.903197101701561 2.320968583031035
    vertex 1.139214561206514 -1.492234412500873 2.055161253757881
    vertex 0.9500914445801972 -2.009750457366488 2.110904341070441
  endloop
endfacet
facet normal -0.9985 0 0.0547559
  outer loop
    vertex 0 -8.749999999999996 0
    vertex 0 -9.374999999999998 0
    vertex 0.0255973441991961 -8.887614941941361 0.4667794669955628
  endloop
endfacet
facet normal -0.988132 -0.024466 0.151648
  outer loop
    vertex 0.03949452569324868 -5.195245073304624 1.604566219974099
    vertex -0.030742006296736 -4.537452962943286 1.253032016859379
    vertex -0.05009708091123304 -5.074789107974857 1.040224112334135
  endloop
endfacet
facet normal -0.67934 -0.0670667 0.730753
  outer loop
    vertex 0.8204980380154283 -5.931184274281878 2.527602195786668
    vertex 0.3095003449522024 -5.574761336280822 2.085268309511821
    vertex 0.3703184663197842 -6.175804604435249 2.086645173534258
  endloop
endfacet
facet normal -0.367449 -0.247325 0.896555
  outer loop
    vertex 1.35892456568247 -8.020809206615544 2.321350103418928
    vertex 1.658400254801192 -7.58464112067873 2.564411101575659
    vertex 1.125695244221578 -7.503484178082347 2.368472324116202
  endloop
endfacet
facet normal -0.521876 -0.149055 0.839898
  outer loop
    vertex 1.208233890906697 -6.369031792196937 2.690820427886294
    vertex 0.8204980380154283 -5.931184274281878 2.527602195786668
    vertex 0.7549206889252028 -6.42347776009124 2.399488824768341
  endloop
endfacet
facet normal -0.528761 -0.203558 0.824
  outer loop
    vertex 0.6370801689793837 -7.297657814492344 2.105774905752785
    vertex 0.8343084404549863 -7.919501238697479 2.078717957600047
    vertex 1.125695244221578 -7.503484178082347 2.368472324116202
  endloop
endfacet
facet normal -0.998598 0.0101702 -0.051939
  outer loop
    vertex -0.02984672727968986 -4.666366763689834 0.5556003012230786
    vertex -0.03854279689822906 -4.098303704457456 0.8340272551243662
    vertex -0.01350655394665213 -4.062499999999984 0.3596814640839746
  endloop
endfacet
facet normal -0.938791 0.118916 0.323311
  outer loop
    vertex 0.1949353057055139 -2.191918795170686 1.375890341144867
    vertex 0.2295486490737 -1.611650705288809 1.262970211430555
    vertex 0.06381734917570901 -1.89702875039107 0.8867039599619027
  endloop
endfacet
facet normal -0.788032 0.0756327 0.610971
  outer loop
    vertex 0.5242730121006184 -4.338971568874976 2.307781969073543
    vertex 0.1596195739656622 -4.462831881856895 1.852783996575626
    vertex 0.3430679359633177 -4.940470649844872 2.148523429708164
  endloop
endfacet
facet normal -0.691838 0.161805 0.70369
  outer loop
    vertex 0.5379812002853031 -2.168867765836965 1.842252194596179
    vertex 0.3338764979984099 -2.746024649990135 1.774295123518893
    vertex 0.7405221943167788 -2.618072534552719 2.144671170423799
  endloop
endfacet
facet normal -0.999111 -0.000488961 -0.0421606
  outer loop
    vertex -0.02984672727968986 -4.666366763689834 0.5556003012230786
    vertex -0.02865230759533921 -5.323270724154805 0.53491377845744
    vertex -0.05009708091123304 -5.074789107974857 1.040224112334135
  endloop
endfacet
facet normal -0.401514 0.235888 0.884954
  outer loop
    vertex 1.226157254205406 -2.429020583845351 2.384504353631628
    vertex 1.129683067597794 -3.022246636118993 2.498859547750352
    vertex 1.531215704803766 -2.698590415958222 2.594767879651494
  endloop
endfacet
facet normal -0.9988 0.0115909 -0.0475769
  outer loop
    vertex 0 -4.374999999999984 0
    vertex -0.02984672727968986 -4.666366763689834 0.5556003012230786
    vertex -0.01350655394665213 -4.062499999999984 0.3596814640839746
  endloop
endfacet
facet normal -0.999373 0.0025489 -0.0353133
  outer loop
    vertex -0.01661549266367943 -3.538167107686637 0.485511056511696
    vertex 0 -3.749999999999986 0
    vertex -0.01350655394665213 -4.062499999999984 0.3596814640839746
  endloop
endfacet
facet normal -0.511638 0.274666 0.814116
  outer loop
    vertex 1.139214561206514 -1.492234412500873 2.055161253757881
    vertex 0.7110699164890505 -1.614648573735486 1.827390184222311
    vertex 0.9500914445801972 -2.009750457366488 2.110904341070441
  endloop
endfacet
facet normal -0.957571 0.117522 0.263146
  outer loop
    vertex 0.03375499598097828 -3.972862870452575 1.467703600166726
    vertex 0.1616935310269606 -3.344529829216992 1.652647647903864
    vertex -0.006031937905091583 -3.485665273967225 1.105336180638513
  endloop
endfacet
facet normal -0.992299 0.0509388 0.112907
  outer loop
    vertex 0.06397549196151688 -0.6435972093854702 0.5706501099335959
    vertex 0 -0.6249999999999982 0
    vertex 0.02815109988401662 -1.097451707571347 0.4605616502386654
  endloop
endfacet
facet normal -0.435518 -0.215795 0.873932
  outer loop
    vertex 1.414725702565126 -7.152629688219125 2.599143165727489
    vertex 0.9685718971919918 -6.856975092340208 2.44980996962687
    vertex 1.125695244221578 -7.503484178082347 2.368472324116202
  endloop
endfacet
facet normal -0.794776 -0.110022 0.596847
  outer loop
    vertex 0.5595742070619621 -8.329546695267112 1.740632834131667
    vertex 0.1737073049361781 -8.120998387288953 1.265246529301935
    vertex 0.3687118148302442 -8.713658943598475 1.4156692629097
  endloop
endfacet
facet normal -0.920653 0.141001 0.364029
  outer loop
    vertex 0.2118069672239913 -0.7900574634617317 1.001253948337115
    vertex 0.2874166256393867 -0.3764813004582247 1.032283731386933
    vertex 0.06397549196151688 -0.6435972093854702 0.5706501099335959
  endloop
endfacet
facet normal -0.368661 -0.279224 0.886636
  outer loop
    vertex 1.658400254801192 -7.58464112067873 2.564411101575659
    vertex 1.414725702565126 -7.152629688219125 2.599143165727489
    vertex 1.125695244221578 -7.503484178082347 2.368472324116202
  endloop
endfacet
facet normal -0.446963 -0.278928 0.849955
  outer loop
    vertex 0.8343084404549863 -7.919501238697479 2.078717957600047
    vertex 1.35892456568247 -8.020809206615544 2.321350103418928
    vertex 1.125695244221578 -7.503484178082347 2.368472324116202
  endloop
endfacet
facet normal -0.974472 -0.0743695 0.211835
  outer loop
    vertex -0.02676283774973329 -6.228634858875107 1.080578427565476
    vertex 0.1038915180889078 -6.472926979286328 1.595842176255929
    vertex 0.05765899812293122 -5.875179036177548 1.59301894306449
  endloop
endfacet
facet normal -0.29204 0.263181 0.919483
  outer loop
    vertex 2.098639235316519 -2.74896564089486 2.789407946707002
    vertex 1.77339490307815 -2.322934582686699 2.564164408820315
    vertex 1.531215704803766 -2.698590415958222 2.594767879651494
  endloop
endfacet
facet normal -0.66992 -0.113531 0.733702
  outer loop
    vertex 0.3703184663197842 -6.175804604435249 2.086645173534258
    vertex 0.459041814260045 -6.672862676782552 2.090741918035913
    vertex 0.7549206889252028 -6.42347776009124 2.399488824768341
  endloop
endfacet
facet normal -0.928121 -0.130191 0.348771
  outer loop
    vertex 0.269173747154296 -9.607964845406245 1.033140342958839
    vertex 0.1776897912572407 -9.034789278151553 1.00364828118775
    vertex 0.05818259921136585 -9.349508157496796 0.5681449135570495
  endloop
endfacet
facet normal -0.860255 -0.064147 0.505813
  outer loop
    vertex 0.05765899812293122 -5.875179036177548 1.59301894306449
    vertex 0.1038915180889078 -6.472926979286328 1.595842176255929
    vertex 0.3703184663197842 -6.175804604435249 2.086645173534258
  endloop
endfacet
facet normal -0.420284 0.285355 0.861356
  outer loop
    vertex 1.226157254205406 -2.429020583845351 2.384504353631628
    vertex 1.452955268248235 -1.903197101701561 2.320968583031035
    vertex 0.9500914445801972 -2.009750457366488 2.110904341070441
  endloop
endfacet
facet normal -0.867711 -0.0259137 0.496392
  outer loop
    vertex 0.1596195739656622 -4.462831881856895 1.852783996575626
    vertex 0.03949452569324868 -5.195245073304624 1.604566219974099
    vertex 0.3430679359633177 -4.940470649844872 2.148523429708164
  endloop
endfacet
facet normal -0.999655 0.0143073 -0.0220354
  outer loop
    vertex 0 -3.124999999999988 0
    vertex -0.01661549266367943 -3.538167107686637 0.485511056511696
    vertex -0.009923106708526355 -2.976378296257527 0.5466677336431334
  endloop
endfacet
facet normal -0.931481 0.070355 0.356922
  outer loop
    vertex 0.06381734917570901 -1.89702875039107 0.8867039599619027
    vertex 0.2295486490737 -1.611650705288809 1.262970211430555
    vertex 0.1199638278013445 -1.31634194351367 0.9187702722892843
  endloop
endfacet
facet normal -0.993467 -0.0472933 0.103861
  outer loop
    vertex 0 -9.374999999999998 0
    vertex 0.05818259921136585 -9.349508157496796 0.5681449135570495
    vertex 0.0255973441991961 -8.887614941941361 0.4667794669955628
  endloop
endfacet
facet normal -0.960742 0.0303099 0.275782
  outer loop
    vertex 0.01757223966737924 -2.406174950108145 0.7815575123934215
    vertex 0.1949353057055139 -2.191918795170686 1.375890341144867
    vertex 0.06381734917570901 -1.89702875039107 0.8867039599619027
  endloop
endfacet
facet normal -0.963576 -0.114979 0.241457
  outer loop
    vertex 0.1776897912572407 -9.034789278151553 1.00364828118775
    vertex 0.1078506953693846 -8.566356420261105 0.9480049593416024
    vertex 0.0255973441991961 -8.887614941941361 0.4667794669955628
  endloop
endfacet
facet normal -0.830611 -0.143828 0.537958
  outer loop
    vertex 0.1038915180889078 -6.472926979286328 1.595842176255929
    vertex 0.459041814260045 -6.672862676782552 2.090741918035913
    vertex 0.3703184663197842 -6.175804604435249 2.086645173534258
  endloop
endfacet
facet normal -0.999263 -0.0123103 -0.0363541
  outer loop
    vertex -0.02865230759533921 -5.323270724154805 0.53491377845744
    vertex -0.04413488849574113 -5.635086920723525 1.066071374383055
    vertex -0.05009708091123304 -5.074789107974857 1.040224112334135
  endloop
endfacet
facet normal -0.981246 0.085332 0.17284
  outer loop
    vertex 0.0156649012654568 -1.550232595076102 0.4421192130834968
    vertex 0.06381734917570901 -1.89702875039107 0.8867039599619027
    vertex 0.1199638278013445 -1.31634194351367 0.9187702722892843
  endloop
endfacet
facet normal -0.823112 0.155391 0.546205
  outer loop
    vertex 0.2295486490737 -1.611650705288809 1.262970211430555
    vertex 0.1949353057055139 -2.191918795170686 1.375890341144867
    vertex 0.4186127908970848 -1.764603586510214 1.591397070260296
  endloop
endfacet
facet normal -0.983568 -0.0244152 0.178878
  outer loop
    vertex -0.04413488849574113 -5.635086920723525 1.066071374383055
    vertex -0.02676283774973329 -6.228634858875107 1.080578427565476
    vertex 0.05765899812293122 -5.875179036177548 1.59301894306449
  endloop
endfacet
facet normal -0.864576 -0.0863503 0.495028
  outer loop
    vertex 0.3095003449522024 -5.574761336280822 2.085268309511821
    vertex 0.05765899812293122 -5.875179036177548 1.59301894306449
    vertex 0.3703184663197842 -6.175804604435249 2.086645173534258
  endloop
endfacet
facet normal -0.589352 0.00263193 0.807872
  outer loop
    vertex 0.6789220236386676 -5.263590939882344 2.476550953553685
    vertex 1.025991808709589 -4.825882107584146 2.728316386476939
    vertex 0.673871824805911 -4.759935659440308 2.471225939400318
  endloop
endfacet
facet normal -0.854727 0.226949 0.466836
  outer loop
    vertex 0.2295486490737 -1.611650705288809 1.262970211430555
    vertex 0.4277748891808804 -1.243636325392569 1.446993835273118
    vertex 0.1199638278013445 -1.31634194351367 0.9187702722892843
  endloop
endfacet
facet normal -0.645448 0.247887 0.722461
  outer loop
    vertex 0.7110699164890505 -1.614648573735486 1.827390184222311
    vertex 0.8353703024274065 -1.09423488332455 1.75987837902795
    vertex 0.4277748891808804 -1.243636325392569 1.446993835273118
  endloop
endfacet
facet normal -0.693611 0.208258 0.689588
  outer loop
    vertex 0.3338764979984099 -2.746024649990135 1.774295123518893
    vertex 0.5582977334776431 -3.25324829433181 2.15320879321305
    vertex 0.7405221943167788 -2.618072534552719 2.144671170423799
  endloop
endfacet
facet normal -0.802129 0.125432 0.583829
  outer loop
    vertex 0.1949353057055139 -2.191918795170686 1.375890341144867
    vertex 0.5379812002853031 -2.168867765836965 1.842252194596179
    vertex 0.4186127908970848 -1.764603586510214 1.591397070260296
  endloop
endfacet
facet normal -0.312574 -0.25991 0.913643
  outer loop
    vertex 1.414725702565126 -7.152629688219125 2.599143165727489
    vertex 1.962345033544573 -7.141964078127761 2.789527554588953
    vertex 1.563128664683503 -6.743498883421723 2.7663025990452
  endloop
endfacet
facet normal -0.429464 -0.203689 0.879813
  outer loop
    vertex 0.9685718971919918 -6.856975092340208 2.44980996962687
    vertex 1.414725702565126 -7.152629688219125 2.599143165727489
    vertex 1.563128664683503 -6.743498883421723 2.7663025990452
  endloop
endfacet
facet normal -0.784099 0.203014 0.586493
  outer loop
    vertex 0.5473382474325752 -0.71694744423895 1.424528158952696
    vertex 0.2118069672239913 -0.7900574634617317 1.001253948337115
    vertex 0.4277748891808804 -1.243636325392569 1.446993835273118
  endloop
endfacet
facet normal -0.639309 0.177047 0.74829
  outer loop
    vertex 0.8353703024274065 -1.09423488332455 1.75987837902795
    vertex 0.5473382474325752 -0.71694744423895 1.424528158952696
    vertex 0.4277748891808804 -1.243636325392569 1.446993835273118
  endloop
endfacet
facet normal -0.389753 0.218426 0.894641
  outer loop
    vertex 1.129683067597794 -3.022246636118993 2.498859547750352
    vertex 1.751169000992085 -3.095392176971392 2.787470216897399
    vertex 1.531215704803766 -2.698590415958222 2.594767879651494
  endloop
endfacet
facet normal -0.866036 0.0736272 0.49453
  outer loop
    vertex 0.4277748891808804 -1.243636325392569 1.446993835273118
    vertex 0.2118069672239913 -0.7900574634617317 1.001253948337115
    vertex 0.1199638278013445 -1.31634194351367 0.9187702722892843
  endloop
endfacet
facet normal -0.613177 -0.213936 0.760424
  outer loop
    vertex 0.459041814260045 -6.672862676782552 2.090741918035913
    vertex 0.9685718971919918 -6.856975092340208 2.44980996962687
    vertex 0.7549206889252028 -6.42347776009124 2.399488824768341
  endloop
endfacet
facet normal -0.983763 -0.0159026 0.178766
  outer loop
    vertex 0.1078506953693846 -8.566356420261105 0.9480049593416024
    vertex 0.01120762065623692 -8.381443674213362 0.432619540878513
    vertex 0.0255973441991961 -8.887614941941361 0.4667794669955628
  endloop
endfacet
facet normal -0.999974 0 0.00722391
  outer loop
    vertex 0 -1.874999999999993 0
    vertex 0 -2.499999999999991 0
    vertex 0.002489743239844803 -2.067607835494544 0.3446439492200569
  endloop
endfacet
facet normal -0.671999 -0.254458 0.695462
  outer loop
    vertex 0.7816424329473255 -8.861585443316317 1.76054461126835
    vertex 0.5595742070619621 -8.329546695267112 1.740632834131667
    vertex 0.3687118148302442 -8.713658943598475 1.4156692629097
  endloop
endfacet
facet normal -0.999296 -0 -0.037525
  outer loop
    vertex 0 -3.749999999999986 0
    vertex 0 -4.374999999999984 0
    vertex -0.01350655394665213 -4.062499999999984 0.3596814640839746
  endloop
endfacet
facet normal -0.946203 -0.00379464 0.323552
  outer loop
    vertex 0.2118069672239913 -0.7900574634617317 1.001253948337115
    vertex 0.06397549196151688 -0.6435972093854702 0.5706501099335959
    vertex 0.02815109988401662 -1.097451707571347 0.4605616502386654
  endloop
endfacet
facet normal -0.28842 0.284174 0.914363
  outer loop
    vertex 1.751169000992085 -3.095392176971392 2.787470216897399
    vertex 2.098639235316519 -2.74896564089486 2.789407946707002
    vertex 1.531215704803766 -2.698590415958222 2.594767879651494
  endloop
endfacet
facet normal -0.81901 0.166594 0.549061
  outer loop
    vertex 0.4277748891808804 -1.243636325392569 1.446993835273118
    vertex 0.2295486490737 -1.611650705288809 1.262970211430555
    vertex 0.4186127908970848 -1.764603586510214 1.591397070260296
  endloop
endfacet
facet normal -0.999574 0.0217988 0.0194035
  outer loop
    vertex 0.0156649012654568 -1.550232595076102 0.4421192130834968
    vertex 0 -1.874999999999993 0
    vertex 0.002489743239844803 -2.067607835494544 0.3446439492200569
  endloop
endfacet
facet normal -0.676577 0.207719 0.706467
  outer loop
    vertex 0.7110699164890505 -1.614648573735486 1.827390184222311
    vertex 0.4277748891808804 -1.243636325392569 1.446993835273118
    vertex 0.4186127908970848 -1.764603586510214 1.591397070260296
  endloop
endfacet
facet normal -0.880779 -0.075793 0.467422
  outer loop
    vertex 0.1776897912572407 -9.034789278151553 1.00364828118775
    vertex 0.3687118148302442 -8.713658943598475 1.4156692629097
    vertex 0.1078506953693846 -8.566356420261105 0.9480049593416024
  endloop
endfacet
facet normal -0.998561 -0.0251934 0.0473318
  outer loop
    vertex 0.01120762065623692 -8.381443674213362 0.432619540878513
    vertex 0 -8.749999999999996 0
    vertex 0.0255973441991961 -8.887614941941361 0.4667794669955628
  endloop
endfacet
facet normal -0.998292 0.0253867 0.0526104
  outer loop
    vertex 0 -1.249999999999995 0
    vertex 0.0156649012654568 -1.550232595076102 0.4421192130834968
    vertex 0.02815109988401662 -1.097451707571347 0.4605616502386654
  endloop
endfacet
facet normal -0.704947 0.0246928 0.70883
  outer loop
    vertex 0.5242730121006184 -4.338971568874976 2.307781969073543
    vertex 0.3430679359633177 -4.940470649844872 2.148523429708164
    vertex 0.673871824805911 -4.759935659440308 2.471225939400318
  endloop
endfacet
facet normal -0.958967 0.127677 0.253144
  outer loop
    vertex 0.2118069672239913 -0.7900574634617317 1.001253948337115
    vertex 0.02815109988401662 -1.097451707571347 0.4605616502386654
    vertex 0.1199638278013445 -1.31634194351367 0.9187702722892843
  endloop
endfacet
facet normal -0.882102 -0.179726 0.435424
  outer loop
    vertex 0.3687118148302442 -8.713658943598475 1.4156692629097
    vertex 0.1737073049361781 -8.120998387288953 1.265246529301935
    vertex 0.1078506953693846 -8.566356420261105 0.9480049593416024
  endloop
endfacet
facet normal -0.993804 0.004384 0.111057
  outer loop
    vertex 0.06381734917570901 -1.89702875039107 0.8867039599619027
    vertex 0.0156649012654568 -1.550232595076102 0.4421192130834968
    vertex 0.002489743239844803 -2.067607835494544 0.3446439492200569
  endloop
endfacet
facet normal -0.962715 -0.00858004 0.270381
  outer loop
    vertex 0.05818259921136585 -9.349508157496796 0.5681449135570495
    vertex 0.1776897912572407 -9.034789278151553 1.00364828118775
    vertex 0.0255973441991961 -8.887614941941361 0.4667794669955628
  endloop
endfacet
facet normal -0.993374 0.071675 0.0898333
  outer loop
    vertex 0.01757223966737924 -2.406174950108145 0.7815575123934215
    vertex 0.06381734917570901 -1.89702875039107 0.8867039599619027
    vertex 0.002489743239844803 -2.067607835494544 0.3446439492200569
  endloop
endfacet
facet normal -0.349379 0.297619 0.888458
  outer loop
    vertex 1.77339490307815 -2.322934582686699 2.564164408820315
    vertex 1.226157254205406 -2.429020583845351 2.384504353631628
    vertex 1.531215704803766 -2.698590415958222 2.594767879651494
  endloop
endfacet
facet normal -0.588802 0.204857 0.781886
  outer loop
    vertex 0.7110699164890505 -1.614648573735486 1.827390184222311
    vertex 0.5379812002853031 -2.168867765836965 1.842252194596179
    vertex 0.9500914445801972 -2.009750457366488 2.110904341070441
  endloop
endfacet
facet normal -0.698445 0.000563155 0.715664
  outer loop
    vertex 0.3430679359633177 -4.940470649844872 2.148523429708164
    vertex 0.6789220236386676 -5.263590939882344 2.476550953553685
    vertex 0.673871824805911 -4.759935659440308 2.471225939400318
  endloop
endfacet
facet normal -0.978588 0.0186368 0.204986
  outer loop
    vertex 0.02815109988401662 -1.097451707571347 0.4605616502386654
    vertex 0.0156649012654568 -1.550232595076102 0.4421192130834968
    vertex 0.1199638278013445 -1.31634194351367 0.9187702722892843
  endloop
endfacet
facet normal -0.679985 0.231027 0.695879
  outer loop
    vertex 0.5379812002853031 -2.168867765836965 1.842252194596179
    vertex 0.7110699164890505 -1.614648573735486 1.827390184222311
    vertex 0.4186127908970848 -1.764603586510214 1.591397070260296
  endloop
endfacet
facet normal -0.467898 -0.172737 0.866737
  outer loop
    vertex 1.628655665190691 -5.749932139044893 3
    vertex 1.10363648993165 -5.562517313340867 2.753925165536709
    vertex 0.8204980380154283 -5.931184274281878 2.527602195786668
  endloop
endfacet
facet normal -0.484204 -0.104982 0.868634
  outer loop
    vertex 1.208233890906697 -6.369031792196937 2.690820427886294
    vertex 1.628655665190691 -5.749932139044893 3
    vertex 0.8204980380154283 -5.931184274281878 2.527602195786668
  endloop
endfacet
facet normal -0.535315 0.0228918 0.844342
  outer loop
    vertex 1.10363648993165 -5.562517313340867 2.753925165536709
    vertex 1.507810797512209 -5.187316791151149 3
    vertex 0.6789220236386676 -5.263590939882344 2.476550953553685
  endloop
endfacet
facet normal -0.528235 -0.0679741 0.846373
  outer loop
    vertex 1.507810797512209 -5.187316791151149 3
    vertex 1.025991808709589 -4.825882107584146 2.728316386476939
    vertex 0.6789220236386676 -5.263590939882344 2.476550953553685
  endloop
endfacet
facet normal -0.462333 0.150145 0.873902
  outer loop
    vertex 1.007175280283146 -4.372965186084253 2.684394651594761
    vertex 1.704418972485958 -4.062931027151898 3
    vertex 0.8859089276903382 -3.758905847745543 2.514737653527927
  endloop
endfacet
facet normal -0.465406 0.141555 0.873704
  outer loop
    vertex 1.704418972485958 -4.062931027151898 3
    vertex 1.423171544763366 -3.493356643576258 2.757904183114288
    vertex 0.8859089276903382 -3.758905847745543 2.514737653527927
  endloop
endfacet
facet normal 0 1 -0
  outer loop
    vertex 5.5 -8 -0.5000000000000009
    vertex 5.062500000000002 -8 -0.5798611111111134
    vertex 5.5 -8 0
  endloop
endfacet
facet normal 0 1 0
  outer loop
    vertex 2 -8 0
    vertex 2.437499999999999 -8 -0.5798611111111123
    vertex 2 -8 -0.5000000000000009
  endloop
endfacet
facet normal 0 1 0
  outer loop
    vertex 5.5 -8 0
    vertex 5.062500000000002 -8 -0.5798611111111134
    vertex 4.916666666666669 -8 0
  endloop
endfacet
facet normal 0 1 0
  outer loop
    vertex 2.583333333333335 -8 0
    vertex 2.437499999999999 -8 -0.5798611111111123
    vertex 2 -8 0
  endloop
endfacet
facet normal 0 1 0
  outer loop
    vertex 2 -8 -0.5000000000000009
    vertex 2.437499999999999 -8 -0.5798611111111123
    vertex 2 -8 -1
  endloop
endfacet
facet normal 0 1 -0
  outer loop
    vertex 5.5 -8 -1
    vertex 5.062500000000002 -8 -0.5798611111111134
    vertex 5.5 -8 -0.5000000000000009
  endloop
endfacet
facet normal 0 1 0
  outer loop
    vertex 2 -8 -1
    vertex 2.437499999999999 -8 -0.5798611111111123
    vertex 2.583333333333331 -8 -1
  endloop
endfacet
facet normal 0 1 0
  outer loop
    vertex 4.916666666666665 -8 -1
    vertex 5.062500000000002 -8 -0.5798611111111134
    vertex 5.5 -8 -1
  endloop
endfacet
facet normal 0 1 0
  outer loop
    vertex 3.749999999999997 -8 -1
    vertex 4.03761574074074 -8 -0.5022183641975311
    vertex 4.333333333333331 -8 -1
  endloop
endfacet
facet normal 0 1 0
  outer loop
    vertex 3.750000000000003 -8 0
    vertex 3.46170910493827 -8 -0.502588091563786
    vertex 3.166666666666669 -8 0
  endloop
endfacet
facet normal 0 1 0
  outer loop
    vertex 4.333333333333331 -8 -1
    vertex 4.600694444444445 -8 -0.5133101851851852
    vertex 4.916666666666665 -8 -1
  endloop
endfacet
facet normal 0 1 0
  outer loop
    vertex 3.166666666666669 -8 0
    vertex 2.899305555555554 -8 -0.5133101851851856
    vertex 2.583333333333335 -8 0
  endloop
endfacet
facet normal 0 1 0
  outer loop
    vertex 2.583333333333331 -8 -1
    vertex 2.899305555555554 -8 -0.5133101851851856
    vertex 3.166666666666663 -8 -1
  endloop
endfacet
facet normal 0 1 0
  outer loop
    vertex 4.333333333333337 -8 0
    vertex 4.03761574074074 -8 -0.5022183641975311
    vertex 3.750000000000003 -8 0
  endloop
endfacet
facet normal 0 1 0
  outer loop
    vertex 3.166666666666663 -8 -1
    vertex 3.46170910493827 -8 -0.502588091563786
    vertex 3.749999999999997 -8 -1
  endloop
endfacet
facet normal 0 1 0
  outer loop
    vertex 4.916666666666669 -8 0
    vertex 4.600694444444445 -8 -0.5133101851851852
    vertex 4.333333333333337 -8 0
  endloop
endfacet
facet normal 0 1 0
  outer loop
    vertex 4.03761574074074 -8 -0.5022183641975311
    vertex 3.46170910493827 -8 -0.502588091563786
    vertex 3.750000000000003 -8 0
  endloop
endfacet
facet normal 0 1 -0
  outer loop
    vertex 3.749999999999997 -8 -1
    vertex 3.46170910493827 -8 -0.502588091563786
    vertex 4.03761574074074 -8 -0.5022183641975311
  endloop
endfacet
facet normal 0 1 -0
  outer loop
    vertex 4.333333333333331 -8 -1
    vertex 4.03761574074074 -8 -0.5022183641975311
    vertex 4.600694444444445 -8 -0.5133101851851852
  endloop
endfacet
facet normal 0 1 0
  outer loop
    vertex 3.166666666666669 -8 0
    vertex 3.46170910493827 -8 -0.502588091563786
    vertex 2.899305555555554 -8 -0.5133101851851856
  endloop
endfacet
facet normal 0 1 0
  outer loop
    vertex 4.600694444444445 -8 -0.5133101851851852
    vertex 4.03761574074074 -8 -0.5022183641975311
    vertex 4.333333333333337 -8 0
  endloop
endfacet
facet normal -0 1 0
  outer loop
    vertex 2.899305555555554 -8 -0.5133101851851856
    vertex 3.46170910493827 -8 -0.502588091563786
    vertex 3.166666666666663 -8 -1
  endloop
endfacet
facet normal 0 1 0
  outer loop
    vertex 4.916666666666669 -8 0
    vertex 5.062500000000002 -8 -0.5798611111111134
    vertex 4.600694444444445 -8 -0.5133101851851852
  endloop
endfacet
facet normal 0 1 0
  outer loop
    vertex 2.899305555555554 -8 -0.5133101851851856
    vertex 2.437499999999999 -8 -0.5798611111111123
    vertex 2.583333333333335 -8 0
  endloop
endfacet
facet normal 0 1 -0
  outer loop
    vertex 2.583333333333331 -8 -1
    vertex 2.437499999999999 -8 -0.5798611111111123
    vertex 2.899305555555554 -8 -0.5133101851851856
  endloop
endfacet
facet normal 0 1 0
  outer loop
    vertex 4.600694444444445 -8 -0.5133101851851852
    vertex 5.062500000000002 -8 -0.5798611111111134
    vertex 4.916666666666665 -8 -1
  endloop
endfacet
facet normal 1 -0 0
  outer loop
    vertex 2 -8 -0.5000000000000009
    vertex 2 -7.550000000000002 -0.5700000000000026
    vertex 2 -8 0
  endloop
endfacet
facet normal 1 0 0
  outer loop
    vertex 2 -2 -0.5000000000000009
    vertex 2 -2.449999999999999 -0.4299999999999992
    vertex 2 -2 -1
  endloop
endfacet
facet normal 1 0 0
  outer loop
    vertex 2 -2 -1
    vertex 2 -2.449999999999999 -0.4299999999999992
    vertex 2 -2.600000000000002 -1
  endloop
endfacet
facet normal 1 -0 0
  outer loop
    vertex 2 -8 0
    vertex 2 -7.550000000000002 -0.5700000000000026
    vertex 2 -7.399999999999998 0
  endloop
endfacet
facet normal 1 0 0
  outer loop
    vertex 2 -2 0
    vertex 2 -2.449999999999999 -0.4299999999999992
    vertex 2 -2 -0.5000000000000009
  endloop
endfacet
facet normal 1 0 0
  outer loop
    vertex 2 -8 -1
    vertex 2 -7.550000000000002 -0.5700000000000026
    vertex 2 -8 -0.5000000000000009
  endloop
endfacet
facet normal 1 0 0
  outer loop
    vertex 2 -7.400000000000001 -1
    vertex 2 -7.550000000000002 -0.5700000000000026
    vertex 2 -8 -1
  endloop
endfacet
facet normal 1 -0 0
  outer loop
    vertex 2 -2.599999999999999 0
    vertex 2 -2.449999999999999 -0.4299999999999992
    vertex 2 -2 0
  endloop
endfacet
facet normal 1 0 0
  outer loop
    vertex 2 -5.000000000000007 -1
    vertex 2 -5.299999999999999 -0.4999999999999998
    vertex 2 -5.600000000000005 -1
  endloop
endfacet
facet normal 1 0 0
  outer loop
    vertex 2 -4.400000000000007 -1
    vertex 2 -4.699999999999998 -0.4999999999999985
    vertex 2 -5.000000000000007 -1
  endloop
endfacet
facet normal 1 -0 0
  outer loop
    vertex 2 -6.799999999999996 0
    vertex 2 -6.500000000000002 -0.5000000000000022
    vertex 2 -6.199999999999994 0
  endloop
endfacet
facet normal 1 0 0
  outer loop
    vertex 2 -3.800000000000006 -1
    vertex 2 -4.099999999999998 -0.4999999999999983
    vertex 2 -4.400000000000007 -1
  endloop
endfacet
facet normal 1 -0 0
  outer loop
    vertex 2 -6.199999999999994 0
    vertex 2 -5.899999999999999 -0.5000000000000002
    vertex 2 -5.599999999999993 0
  endloop
endfacet
facet normal 1 0 0
  outer loop
    vertex 2 -3.200000000000004 -1
    vertex 2 -3.499999999999997 -0.4999999999999982
    vertex 2 -3.800000000000006 -1
  endloop
endfacet
facet normal 1 -0 0
  outer loop
    vertex 2 -7.399999999999998 0
    vertex 2 -7.075 -0.5116666666666674
    vertex 2 -6.799999999999996 0
  endloop
endfacet
facet normal 1 0 0
  outer loop
    vertex 2 -2.600000000000002 -1
    vertex 2 -2.924999999999999 -0.4883333333333329
    vertex 2 -3.200000000000004 -1
  endloop
endfacet
facet normal 1 0 0
  outer loop
    vertex 2 -6.200000000000004 -1
    vertex 2 -6.500000000000002 -0.5000000000000022
    vertex 2 -6.800000000000002 -1
  endloop
endfacet
facet normal 1 -0 0
  outer loop
    vertex 2 -3.199999999999998 0
    vertex 2 -2.924999999999999 -0.4883333333333329
    vertex 2 -2.599999999999999 0
  endloop
endfacet
facet normal 1 -0 0
  outer loop
    vertex 2 -3.799999999999996 0
    vertex 2 -3.499999999999997 -0.4999999999999982
    vertex 2 -3.199999999999998 0
  endloop
endfacet
facet normal 1 0 0
  outer loop
    vertex 2 -6.800000000000002 -1
    vertex 2 -7.075 -0.5116666666666674
    vertex 2 -7.400000000000001 -1
  endloop
endfacet
facet normal 1 0 0
  outer loop
    vertex 2 -5.600000000000005 -1
    vertex 2 -5.899999999999999 -0.5000000000000002
    vertex 2 -6.200000000000004 -1
  endloop
endfacet
facet normal 1 -0 0
  outer loop
    vertex 2 -4.399999999999995 0
    vertex 2 -4.099999999999998 -0.4999999999999983
    vertex 2 -3.799999999999996 0
  endloop
endfacet
facet normal 1 -0 0
  outer loop
    vertex 2 -4.999999999999993 0
    vertex 2 -4.699999999999998 -0.4999999999999985
    vertex 2 -4.399999999999995 0
  endloop
endfacet
facet normal 1 -0 0
  outer loop
    vertex 2 -5.599999999999993 0
    vertex 2 -5.299999999999999 -0.4999999999999998
    vertex 2 -4.999999999999993 0
  endloop
endfacet
facet normal 1 0 0
  outer loop
    vertex 2 -5.299999999999999 -0.4999999999999998
    vertex 2 -5.899999999999999 -0.5000000000000002
    vertex 2 -5.600000000000005 -1
  endloop
endfacet
facet normal 1 0 0
  outer loop
    vertex 2 -5.599999999999993 0
    vertex 2 -5.899999999999999 -0.5000000000000002
    vertex 2 -5.299999999999999 -0.4999999999999998
  endloop
endfacet
facet normal 1 0 -0
  outer loop
    vertex 2 -5.000000000000007 -1
    vertex 2 -4.699999999999998 -0.4999999999999985
    vertex 2 -5.299999999999999 -0.4999999999999998
  endloop
endfacet
facet normal 1 0 0
  outer loop
    vertex 2 -7.075 -0.5116666666666674
    vertex 2 -6.500000000000002 -0.5000000000000022
    vertex 2 -6.799999999999996 0
  endloop
endfacet
facet normal 1 0 -0
  outer loop
    vertex 2 -4.400000000000007 -1
    vertex 2 -4.099999999999998 -0.4999999999999983
    vertex 2 -4.699999999999998 -0.4999999999999985
  endloop
endfacet
facet normal 1 0 0
  outer loop
    vertex 2 -3.499999999999997 -0.4999999999999982
    vertex 2 -4.099999999999998 -0.4999999999999983
    vertex 2 -3.800000000000006 -1
  endloop
endfacet
facet normal 1 0 -0
  outer loop
    vertex 2 -6.800000000000002 -1
    vertex 2 -6.500000000000002 -0.5000000000000022
    vertex 2 -7.075 -0.5116666666666674
  endloop
endfacet
facet normal 1 0 0
  outer loop
    vertex 2 -2.924999999999999 -0.4883333333333329
    vertex 2 -3.499999999999997 -0.4999999999999982
    vertex 2 -3.200000000000004 -1
  endloop
endfacet
facet normal 1 0 0
  outer loop
    vertex 2 -6.500000000000002 -0.5000000000000022
    vertex 2 -5.899999999999999 -0.5000000000000002
    vertex 2 -6.199999999999994 0
  endloop
endfacet
facet normal 1 0 0
  outer loop
    vertex 2 -3.199999999999998 0
    vertex 2 -3.499999999999997 -0.4999999999999982
    vertex 2 -2.924999999999999 -0.4883333333333329
  endloop
endfacet
facet normal 1 0 0
  outer loop
    vertex 2 -3.799999999999996 0
    vertex 2 -4.099999999999998 -0.4999999999999983
    vertex 2 -3.499999999999997 -0.4999999999999982
  endloop
endfacet
facet normal 1 0 0
  outer loop
    vertex 2 -4.699999999999998 -0.4999999999999985
    vertex 2 -4.099999999999998 -0.4999999999999983
    vertex 2 -4.399999999999995 0
  endloop
endfacet
facet normal 1 0 -0
  outer loop
    vertex 2 -6.200000000000004 -1
    vertex 2 -5.899999999999999 -0.5000000000000002
    vertex 2 -6.500000000000002 -0.5000000000000022
  endloop
endfacet
facet normal 1 0 0
  outer loop
    vertex 2 -5.299999999999999 -0.4999999999999998
    vertex 2 -4.699999999999998 -0.4999999999999985
    vertex 2 -4.999999999999993 0
  endloop
endfacet
facet normal 1 0 0
  outer loop
    vertex 2 -7.399999999999998 0
    vertex 2 -7.550000000000002 -0.5700000000000026
    vertex 2 -7.075 -0.5116666666666674
  endloop
endfacet
facet normal 1 0 -0
  outer loop
    vertex 2 -2.600000000000002 -1
    vertex 2 -2.449999999999999 -0.4299999999999992
    vertex 2 -2.924999999999999 -0.4883333333333329
  endloop
endfacet
facet normal 1 0 0
  outer loop
    vertex 2 -2.924999999999999 -0.4883333333333329
    vertex 2 -2.449999999999999 -0.4299999999999992
    vertex 2 -2.599999999999999 0
  endloop
endfacet
facet normal 1 0 0
  outer loop
    vertex 2 -7.075 -0.5116666666666674
    vertex 2 -7.550000000000002 -0.5700000000000026
    vertex 2 -7.400000000000001 -1
  endloop
endfacet
facet normal 1.01506e-15 -1 0
  outer loop
    vertex 2 -2 -1
    vertex 2.437499999999998 -2 -0.4201388888888864
    vertex 2 -2 -0.5000000000000009
  endloop
endfacet
facet normal 0 -1 -0
  outer loop
    vertex 5.5 -2 0
    vertex 5.062500000000002 -2 -0.5798611111111124
    vertex 5.5 -2 -0.5000000000000009
  endloop
endfacet
facet normal 0 -1 7.65854e-16
  outer loop
    vertex 2.583333333333335 -2 -1
    vertex 2.437499999999998 -2 -0.4201388888888864
    vertex 2 -2 -1
  endloop
endfacet
facet normal 7.61296e-16 -1 -5.74391e-16
  outer loop
    vertex 4.916666666666665 -2 0
    vertex 5.062500000000002 -2 -0.5798611111111124
    vertex 5.5 -2 0
  endloop
endfacet
facet normal 0 -1 -0
  outer loop
    vertex 5.5 -2 -0.5000000000000009
    vertex 5.062500000000002 -2 -0.5798611111111124
    vertex 5.5 -2 -1
  endloop
endfacet
facet normal 1.01506e-15 -1 0
  outer loop
    vertex 2 -2 -0.5000000000000009
    vertex 2.437499999999998 -2 -0.4201388888888864
    vertex 2 -2 0
  endloop
endfacet
facet normal 7.61296e-16 -1 7.92754e-16
  outer loop
    vertex 5.5 -2 -1
    vertex 5.062500000000002 -2 -0.5798611111111124
    vertex 4.916666666666669 -2 -1
  endloop
endfacet
facet normal 0 -1 -1.05701e-15
  outer loop
    vertex 2 -2 0
    vertex 2.437499999999998 -2 -0.4201388888888864
    vertex 2.583333333333331 -2 0
  endloop
endfacet
facet normal 0 -1 -1.32638e-15
  outer loop
    vertex 3.749999999999997 -2 0
    vertex 4.03761574074074 -2 -0.5022183641975306
    vertex 4.333333333333331 -2 0
  endloop
endfacet
facet normal -7.61296e-16 -1 8.90028e-16
  outer loop
    vertex 3.750000000000003 -2 -1
    vertex 3.461709104938271 -2 -0.498151363168724
    vertex 3.166666666666669 -2 -1
  endloop
endfacet
facet normal 0 -1 8.65148e-16
  outer loop
    vertex 3.166666666666669 -2 -1
    vertex 2.899305555555555 -2 -0.4866898148148141
    vertex 2.583333333333335 -2 -1
  endloop
endfacet
facet normal 0 -1 -1.29772e-15
  outer loop
    vertex 4.333333333333331 -2 0
    vertex 4.600694444444446 -2 -0.5133101851851857
    vertex 4.916666666666665 -2 0
  endloop
endfacet
facet normal 0 -1 -9.12469e-16
  outer loop
    vertex 2.583333333333331 -2 0
    vertex 2.899305555555555 -2 -0.4866898148148141
    vertex 3.166666666666663 -2 0
  endloop
endfacet
facet normal -7.61296e-16 -1 -8.96633e-16
  outer loop
    vertex 3.166666666666663 -2 0
    vertex 3.461709104938271 -2 -0.498151363168724
    vertex 3.749999999999997 -2 0
  endloop
endfacet
facet normal 0 -1 1.3382e-15
  outer loop
    vertex 4.333333333333337 -2 -1
    vertex 4.03761574074074 -2 -0.5022183641975306
    vertex 3.750000000000003 -2 -1
  endloop
endfacet
facet normal 0 -1 1.3687e-15
  outer loop
    vertex 4.916666666666669 -2 -1
    vertex 4.600694444444446 -2 -0.5133101851851857
    vertex 4.333333333333337 -2 -1
  endloop
endfacet
facet normal -9.40483e-18 -1 -1.33177e-15
  outer loop
    vertex 3.749999999999997 -2 0
    vertex 3.461709104938271 -2 -0.498151363168724
    vertex 4.03761574074074 -2 -0.5022183641975306
  endloop
endfacet
facet normal 9.41188e-18 -1 1.33277e-15
  outer loop
    vertex 4.03761574074074 -2 -0.5022183641975306
    vertex 3.461709104938271 -2 -0.498151363168724
    vertex 3.750000000000003 -2 -1
  endloop
endfacet
facet normal -3.81229e-16 -1 6.66582e-16
  outer loop
    vertex 3.166666666666669 -2 -1
    vertex 3.461709104938271 -2 -0.498151363168724
    vertex 2.899305555555555 -2 -0.4866898148148141
  endloop
endfacet
facet normal -2.58282e-17 -1 -1.31117e-15
  outer loop
    vertex 4.333333333333331 -2 0
    vertex 4.03761574074074 -2 -0.5022183641975306
    vertex 4.600694444444446 -2 -0.5133101851851857
  endloop
endfacet
facet normal -4.08832e-16 -1 -6.87878e-16
  outer loop
    vertex 2.899305555555555 -2 -0.4866898148148141
    vertex 3.461709104938271 -2 -0.498151363168724
    vertex 3.166666666666663 -2 0
  endloop
endfacet
facet normal 2.66728e-17 -1 1.35405e-15
  outer loop
    vertex 4.600694444444446 -2 -0.5133101851851857
    vertex 4.03761574074074 -2 -0.5022183641975306
    vertex 4.333333333333337 -2 -1
  endloop
endfacet
facet normal -6.13418e-16 -1 -9.20127e-16
  outer loop
    vertex 4.600694444444446 -2 -0.5133101851851857
    vertex 5.062500000000002 -2 -0.5798611111111124
    vertex 4.916666666666665 -2 0
  endloop
endfacet
facet normal 1.14518e-16 -1 7.94655e-16
  outer loop
    vertex 2.899305555555555 -2 -0.4866898148148141
    vertex 2.437499999999998 -2 -0.4201388888888864
    vertex 2.583333333333335 -2 -1
  endloop
endfacet
facet normal -3.12844e-16 -1 1.1656e-15
  outer loop
    vertex 4.916666666666669 -2 -1
    vertex 5.062500000000002 -2 -0.5798611111111124
    vertex 4.600694444444446 -2 -0.5133101851851857
  endloop
endfacet
facet normal -1.45069e-16 -1 -1.00665e-15
  outer loop
    vertex 2.583333333333331 -2 0
    vertex 2.437499999999998 -2 -0.4201388888888864
    vertex 2.899305555555555 -2 -0.4866898148148141
  endloop
endfacet
facet normal -1 -0 0
  outer loop
    vertex 5.5 -2 -0.5000000000000009
    vertex 5.5 -2.449999999999998 -0.5700000000000026
    vertex 5.5 -2 0
  endloop
endfacet
facet normal -1 0 0
  outer loop
    vertex 5.5 -8 -0.5000000000000009
    vertex 5.5 -7.550000000000002 -0.4299999999999992
    vertex 5.5 -8 -1
  endloop
endfacet
facet normal -1 -0 0
  outer loop
    vertex 5.5 -2 0
    vertex 5.5 -2.449999999999998 -0.5700000000000026
    vertex 5.5 -2.600000000000002 0
  endloop
endfacet
facet normal -1 0 0
  outer loop
    vertex 5.5 -8 -1
    vertex 5.5 -7.550000000000002 -0.4299999999999992
    vertex 5.5 -7.399999999999998 -1
  endloop
endfacet
facet normal -1 0 0
  outer loop
    vertex 5.5 -8 0
    vertex 5.5 -7.550000000000002 -0.4299999999999992
    vertex 5.5 -8 -0.5000000000000009
  endloop
endfacet
facet normal -1 0 0
  outer loop
    vertex 5.5 -2 -1
    vertex 5.5 -2.449999999999998 -0.5700000000000026
    vertex 5.5 -2 -0.5000000000000009
  endloop
endfacet
facet normal -1 0 0
  outer loop
    vertex 5.5 -2.599999999999999 -1
    vertex 5.5 -2.449999999999998 -0.5700000000000026
    vertex 5.5 -2 -1
  endloop
endfacet
facet normal -1 -0 0
  outer loop
    vertex 5.5 -7.400000000000001 0
    vertex 5.5 -7.550000000000002 -0.4299999999999992
    vertex 5.5 -8 0
  endloop
endfacet
facet normal -1 0 0
  outer loop
    vertex 5.5 -5.599999999999993 -1
    vertex 5.5 -5.300000000000004 -0.4999999999999969
    vertex 5.5 -4.999999999999993 -1
  endloop
endfacet
facet normal -1 0 0
  outer loop
    vertex 5.5 -4.999999999999993 -1
    vertex 5.5 -4.700000000000001 -0.4999999999999999
    vertex 5.5 -4.399999999999995 -1
  endloop
endfacet
facet normal -1 0 0
  outer loop
    vertex 5.5 -6.799999999999996 -1
    vertex 5.5 -6.500000000000004 -0.4999999999999982
    vertex 5.5 -6.199999999999994 -1
  endloop
endfacet
facet normal -1 0 0
  outer loop
    vertex 5.5 -6.199999999999994 -1
    vertex 5.5 -5.900000000000002 -0.4999999999999981
    vertex 5.5 -5.599999999999993 -1
  endloop
endfacet
facet normal -1 -0 0
  outer loop
    vertex 5.5 -3.800000000000006 0
    vertex 5.5 -4.100000000000001 -0.5000000000000003
    vertex 5.5 -4.400000000000007 0
  endloop
endfacet
facet normal -1 -0 0
  outer loop
    vertex 5.5 -3.200000000000004 0
    vertex 5.5 -3.499999999999998 -0.5000000000000022
    vertex 5.5 -3.800000000000006 0
  endloop
endfacet
facet normal -1 -0 0
  outer loop
    vertex 5.5 -2.600000000000002 0
    vertex 5.5 -2.925 -0.5116666666666674
    vertex 5.5 -3.200000000000004 0
  endloop
endfacet
facet normal -1 0 0
  outer loop
    vertex 5.5 -7.399999999999998 -1
    vertex 5.5 -7.075 -0.4883333333333329
    vertex 5.5 -6.799999999999996 -1
  endloop
endfacet
facet normal -1 -0 0
  outer loop
    vertex 5.5 -6.200000000000004 0
    vertex 5.5 -6.500000000000004 -0.4999999999999982
    vertex 5.5 -6.800000000000002 0
  endloop
endfacet
facet normal -1 0 0
  outer loop
    vertex 5.5 -3.799999999999996 -1
    vertex 5.5 -3.499999999999998 -0.5000000000000022
    vertex 5.5 -3.199999999999998 -1
  endloop
endfacet
facet normal -1 0 0
  outer loop
    vertex 5.5 -3.199999999999998 -1
    vertex 5.5 -2.925 -0.5116666666666674
    vertex 5.5 -2.599999999999999 -1
  endloop
endfacet
facet normal -1 -0 0
  outer loop
    vertex 5.5 -6.800000000000002 0
    vertex 5.5 -7.075 -0.4883333333333329
    vertex 5.5 -7.400000000000001 0
  endloop
endfacet
facet normal -1 0 0
  outer loop
    vertex 5.5 -4.399999999999995 -1
    vertex 5.5 -4.100000000000001 -0.5000000000000003
    vertex 5.5 -3.799999999999996 -1
  endloop
endfacet
facet normal -1 -0 0
  outer loop
    vertex 5.5 -5.600000000000005 0
    vertex 5.5 -5.900000000000002 -0.4999999999999981
    vertex 5.5 -6.200000000000004 0
  endloop
endfacet
facet normal -1 -0 0
  outer loop
    vertex 5.5 -5.000000000000007 0
    vertex 5.5 -5.300000000000004 -0.4999999999999969
    vertex 5.5 -5.600000000000005 0
  endloop
endfacet
facet normal -1 -0 0
  outer loop
    vertex 5.5 -4.400000000000007 0
    vertex 5.5 -4.700000000000001 -0.4999999999999999
    vertex 5.5 -5.000000000000007 0
  endloop
endfacet
facet normal -1 0 0
  outer loop
    vertex 5.5 -4.700000000000001 -0.4999999999999999
    vertex 5.5 -4.100000000000001 -0.5000000000000003
    vertex 5.5 -4.399999999999995 -1
  endloop
endfacet
facet normal -1 0 -0
  outer loop
    vertex 5.5 -4.400000000000007 0
    vertex 5.5 -4.100000000000001 -0.5000000000000003
    vertex 5.5 -4.700000000000001 -0.4999999999999999
  endloop
endfacet
facet normal -1 0 0
  outer loop
    vertex 5.5 -5.300000000000004 -0.4999999999999969
    vertex 5.5 -4.700000000000001 -0.4999999999999999
    vertex 5.5 -4.999999999999993 -1
  endloop
endfacet
facet normal -1 0 0
  outer loop
    vertex 5.5 -5.599999999999993 -1
    vertex 5.5 -5.900000000000002 -0.4999999999999981
    vertex 5.5 -5.300000000000004 -0.4999999999999969
  endloop
endfacet
facet normal -1 0 0
  outer loop
    vertex 5.5 -2.925 -0.5116666666666674
    vertex 5.5 -3.499999999999998 -0.5000000000000022
    vertex 5.5 -3.200000000000004 0
  endloop
endfacet
facet normal -1 0 0
  outer loop
    vertex 5.5 -7.075 -0.4883333333333329
    vertex 5.5 -6.500000000000004 -0.4999999999999982
    vertex 5.5 -6.799999999999996 -1
  endloop
endfacet
facet normal -1 0 0
  outer loop
    vertex 5.5 -6.500000000000004 -0.4999999999999982
    vertex 5.5 -5.900000000000002 -0.4999999999999981
    vertex 5.5 -6.199999999999994 -1
  endloop
endfacet
facet normal -1 0 0
  outer loop
    vertex 5.5 -3.199999999999998 -1
    vertex 5.5 -3.499999999999998 -0.5000000000000022
    vertex 5.5 -2.925 -0.5116666666666674
  endloop
endfacet
facet normal -1 0 -0
  outer loop
    vertex 5.5 -6.800000000000002 0
    vertex 5.5 -6.500000000000004 -0.4999999999999982
    vertex 5.5 -7.075 -0.4883333333333329
  endloop
endfacet
facet normal -1 0 -0
  outer loop
    vertex 5.5 -6.200000000000004 0
    vertex 5.5 -5.900000000000002 -0.4999999999999981
    vertex 5.5 -6.500000000000004 -0.4999999999999982
  endloop
endfacet
facet normal -1 0 0
  outer loop
    vertex 5.5 -3.499999999999998 -0.5000000000000022
    vertex 5.5 -4.100000000000001 -0.5000000000000003
    vertex 5.5 -3.800000000000006 0
  endloop
endfacet
facet normal -1 -0 0
  outer loop
    vertex 5.5 -5.300000000000004 -0.4999999999999969
    vertex 5.5 -5.900000000000002 -0.4999999999999981
    vertex 5.5 -5.600000000000005 0
  endloop
endfacet
facet normal -1 0 -0
  outer loop
    vertex 5.5 -5.000000000000007 0
    vertex 5.5 -4.700000000000001 -0.4999999999999999
    vertex 5.5 -5.300000000000004 -0.4999999999999969
  endloop
endfacet
facet normal -1 0 0
  outer loop
    vertex 5.5 -3.799999999999996 -1
    vertex 5.5 -4.100000000000001 -0.5000000000000003
    vertex 5.5 -3.499999999999998 -0.5000000000000022
  endloop
endfacet
facet normal -1 0 -0
  outer loop
    vertex 5.5 -2.600000000000002 0
    vertex 5.5 -2.449999999999998 -0.5700000000000026
    vertex 5.5 -2.925 -0.5116666666666674
  endloop
endfacet
facet normal -1 0 0
  outer loop
    vertex 5.5 -7.399999999999998 -1
    vertex 5.5 -7.550000000000002 -0.4299999999999992
    vertex 5.5 -7.075 -0.4883333333333329
  endloop
endfacet
facet normal -1 0 0
  outer loop
    vertex 5.5 -2.925 -0.5116666666666674
    vertex 5.5 -2.449999999999998 -0.5700000000000026
    vertex 5.5 -2.599999999999999 -1
  endloop
endfacet
facet normal -1 0 0
  outer loop
    vertex 5.5 -7.075 -0.4883333333333329
    vertex 5.5 -7.550000000000002 -0.4299999999999992
    vertex 5.5 -7.400000000000001 0
  endloop
endfacet
facet normal 1 0 0
  outer loop
    vertex 7.5 0 -0.5000000000000009
    vertex 7.5 -0.4687500000000009 -0.4453125000000008
    vertex 7.5 0 -1
  endloop
endfacet
facet normal 1 -0 0
  outer loop
    vertex 7.5 -10 -0.5000000000000009
    vertex 7.5 -9.53125 -0.5546874999999934
    vertex 7.5 -10 0
  endloop
endfacet
facet normal 1 0 0
  outer loop
    vertex 7.5 0 -1
    vertex 7.5 -0.4687500000000009 -0.4453125000000008
    vertex 7.5 -0.6250000000000013 -1
  endloop
endfacet
facet normal 1 -0 0
  outer loop
    vertex 7.5 -10 0
    vertex 7.5 -9.53125 -0.5546874999999934
    vertex 7.5 -9.375000000000002 0
  endloop
endfacet
facet normal 1 0 0
  outer loop
    vertex 7.5 -10 -1
    vertex 7.5 -9.53125 -0.5546874999999934
    vertex 7.5 -10 -0.5000000000000009
  endloop
endfacet
facet normal 1 0 0
  outer loop
    vertex 7.5 0 0
    vertex 7.5 -0.4687500000000009 -0.4453125000000008
    vertex 7.5 0 -0.5000000000000009
  endloop
endfacet
facet normal 1 0 0
  outer loop
    vertex 7.5 -9.375000000000002 -1
    vertex 7.5 -9.53125 -0.5546874999999934
    vertex 7.5 -10 -1
  endloop
endfacet
facet normal 1 -0 0
  outer loop
    vertex 7.5 -0.6250000000000013 0
    vertex 7.5 -0.4687500000000009 -0.4453125000000008
    vertex 7.5 0 0
  endloop
endfacet
facet normal 1 0 0
  outer loop
    vertex 7.5 -8.125000000000007 -1
    vertex 7.5 -8.437500000000009 -0.5
    vertex 7.5 -8.750000000000005 -1
  endloop
endfacet
facet normal 1 0 0
  outer loop
    vertex 7.5 -4.375000000000014 -1
    vertex 7.5 -4.687500000000016 -0.5
    vertex 7.5 -5.000000000000017 -1
  endloop
endfacet
facet normal 1 -0 0
  outer loop
    vertex 7.5 -5.625000000000016 0
    vertex 7.5 -5.312500000000016 -0.5
    vertex 7.5 -5.000000000000017 0
  endloop
endfacet
facet normal 1 0 0
  outer loop
    vertex 7.5 -6.875000000000012 -1
    vertex 7.5 -7.187500000000012 -0.5
    vertex 7.5 -7.500000000000009 -1
  endloop
endfacet
facet normal 1 -0 0
  outer loop
    vertex 7.5 -6.875000000000012 0
    vertex 7.5 -6.562500000000011 -0.5
    vertex 7.5 -6.250000000000014 0
  endloop
endfacet
facet normal 1 -0 0
  outer loop
    vertex 7.5 -6.250000000000014 0
    vertex 7.5 -5.937500000000014 -0.5
    vertex 7.5 -5.625000000000016 0
  endloop
endfacet
facet normal 1 -0 0
  outer loop
    vertex 7.5 -8.125000000000007 0
    vertex 7.5 -7.812500000000007 -0.5
    vertex 7.5 -7.500000000000009 0
  endloop
endfacet
facet normal 1 0 0
  outer loop
    vertex 7.5 -5.625000000000016 -1
    vertex 7.5 -5.937500000000014 -0.5
    vertex 7.5 -6.250000000000014 -1
  endloop
endfacet
facet normal 1 0 0
  outer loop
    vertex 7.5 -7.500000000000009 -1
    vertex 7.5 -7.812500000000007 -0.5
    vertex 7.5 -8.125000000000007 -1
  endloop
endfacet
facet normal 1 -0 0
  outer loop
    vertex 7.5 -5.000000000000017 0
    vertex 7.5 -4.687500000000016 -0.5
    vertex 7.5 -4.375000000000014 0
  endloop
endfacet
facet normal 1 -0 0
  outer loop
    vertex 7.5 -9.375000000000002 0
    vertex 7.5 -9.036458333333336 -0.5091145833333321
    vertex 7.5 -8.750000000000005 0
  endloop
endfacet
facet normal 1 0 0
  outer loop
    vertex 7.5 -8.750000000000005 -1
    vertex 7.5 -9.036458333333336 -0.5091145833333321
    vertex 7.5 -9.375000000000002 -1
  endloop
endfacet
facet normal 1 -0 0
  outer loop
    vertex 7.5 -3.750000000000012 0
    vertex 7.5 -3.437500000000012 -0.5
    vertex 7.5 -3.12500000000001 0
  endloop
endfacet
facet normal 1 0 0
  outer loop
    vertex 7.5 -1.875000000000005 -1
    vertex 7.5 -2.187500000000006 -0.5
    vertex 7.5 -2.500000000000007 -1
  endloop
endfacet
facet normal 1 0 0
  outer loop
    vertex 7.5 -3.750000000000012 -1
    vertex 7.5 -4.062500000000012 -0.5
    vertex 7.5 -4.375000000000014 -1
  endloop
endfacet
facet normal 1 -0 0
  outer loop
    vertex 7.5 -1.875000000000005 0
    vertex 7.5 -1.562500000000004 -0.5
    vertex 7.5 -1.250000000000003 0
  endloop
endfacet
facet normal 1 0 0
  outer loop
    vertex 7.5 -1.250000000000003 -1
    vertex 7.5 -1.562500000000004 -0.5
    vertex 7.5 -1.875000000000005 -1
  endloop
endfacet
facet normal 1 -0 0
  outer loop
    vertex 7.5 -3.12500000000001 0
    vertex 7.5 -2.812500000000008 -0.5
    vertex 7.5 -2.500000000000007 0
  endloop
endfacet
facet normal 1 -0 0
  outer loop
    vertex 7.5 -1.250000000000003 0
    vertex 7.5 -0.9635416666666687 -0.4908854166666668
    vertex 7.5 -0.6250000000000013 0
  endloop
endfacet
facet normal 1 0 0
  outer loop
    vertex 7.5 -2.500000000000007 -1
    vertex 7.5 -2.812500000000008 -0.5
    vertex 7.5 -3.12500000000001 -1
  endloop
endfacet
facet normal 1 0 0
  outer loop
    vertex 7.5 -0.6250000000000013 -1
    vertex 7.5 -0.9635416666666687 -0.4908854166666668
    vertex 7.5 -1.250000000000003 -1
  endloop
endfacet
facet normal 1 -0 0
  outer loop
    vertex 7.5 -2.500000000000007 0
    vertex 7.5 -2.187500000000006 -0.5
    vertex 7.5 -1.875000000000005 0
  endloop
endfacet
facet normal 1 -0 0
  outer loop
    vertex 7.5 -4.375000000000014 0
    vertex 7.5 -4.062500000000012 -0.5
    vertex 7.5 -3.750000000000012 0
  endloop
endfacet
facet normal 1 -0 0
  outer loop
    vertex 7.5 -7.500000000000009 0
    vertex 7.5 -7.187500000000012 -0.5
    vertex 7.5 -6.875000000000012 0
  endloop
endfacet
facet normal 1 0 0
  outer loop
    vertex 7.5 -3.12500000000001 -1
    vertex 7.5 -3.437500000000012 -0.5
    vertex 7.5 -3.750000000000012 -1
  endloop
endfacet
facet normal 1 0 0
  outer loop
    vertex 7.5 -5.000000000000017 -1
    vertex 7.5 -5.312500000000016 -0.5
    vertex 7.5 -5.625000000000016 -1
  endloop
endfacet
facet normal 1 0 0
  outer loop
    vertex 7.5 -6.250000000000014 -1
    vertex 7.5 -6.562500000000011 -0.5
    vertex 7.5 -6.875000000000012 -1
  endloop
endfacet
facet normal 1 -0 0
  outer loop
    vertex 7.5 -8.750000000000005 0
    vertex 7.5 -8.437500000000009 -0.5
    vertex 7.5 -8.125000000000007 0
  endloop
endfacet
facet normal 1 0 0
  outer loop
    vertex 7.5 -8.437500000000009 -0.5
    vertex 7.5 -7.812500000000007 -0.5
    vertex 7.5 -8.125000000000007 0
  endloop
endfacet
facet normal 1 0 -0
  outer loop
    vertex 7.5 -8.125000000000007 -1
    vertex 7.5 -7.812500000000007 -0.5
    vertex 7.5 -8.437500000000009 -0.5
  endloop
endfacet
facet normal 1 0 0
  outer loop
    vertex 7.5 -7.187500000000012 -0.5
    vertex 7.5 -6.562500000000011 -0.5
    vertex 7.5 -6.875000000000012 0
  endloop
endfacet
facet normal 1 0 -0
  outer loop
    vertex 7.5 -6.875000000000012 -1
    vertex 7.5 -6.562500000000011 -0.5
    vertex 7.5 -7.187500000000012 -0.5
  endloop
endfacet
facet normal 1 0 -0
  outer loop
    vertex 7.5 -4.375000000000014 -1
    vertex 7.5 -4.062500000000012 -0.5
    vertex 7.5 -4.687500000000016 -0.5
  endloop
endfacet
facet normal 1 0 0
  outer loop
    vertex 7.5 -3.12500000000001 0
    vertex 7.5 -3.437500000000012 -0.5
    vertex 7.5 -2.812500000000008 -0.5
  endloop
endfacet
facet normal 1 0 0
  outer loop
    vertex 7.5 -4.687500000000016 -0.5
    vertex 7.5 -4.062500000000012 -0.5
    vertex 7.5 -4.375000000000014 0
  endloop
endfacet
facet normal 1 0 0
  outer loop
    vertex 7.5 -2.812500000000008 -0.5
    vertex 7.5 -3.437500000000012 -0.5
    vertex 7.5 -3.12500000000001 -1
  endloop
endfacet
facet normal 1 0 0
  outer loop
    vertex 7.5 -1.250000000000003 0
    vertex 7.5 -1.562500000000004 -0.5
    vertex 7.5 -0.9635416666666687 -0.4908854166666668
  endloop
endfacet
facet normal 1 0 0
  outer loop
    vertex 7.5 -1.562500000000004 -0.5
    vertex 7.5 -2.187500000000006 -0.5
    vertex 7.5 -1.875000000000005 -1
  endloop
endfacet
facet normal 1 0 0
  outer loop
    vertex 7.5 -1.875000000000005 0
    vertex 7.5 -2.187500000000006 -0.5
    vertex 7.5 -1.562500000000004 -0.5
  endloop
endfacet
facet normal 1 0 0
  outer loop
    vertex 7.5 -5.312500000000016 -0.5
    vertex 7.5 -4.687500000000016 -0.5
    vertex 7.5 -5.000000000000017 0
  endloop
endfacet
facet normal 1 0 0
  outer loop
    vertex 7.5 -2.500000000000007 0
    vertex 7.5 -2.812500000000008 -0.5
    vertex 7.5 -2.187500000000006 -0.5
  endloop
endfacet
facet normal 1 0 0
  outer loop
    vertex 7.5 -0.9635416666666687 -0.4908854166666668
    vertex 7.5 -1.562500000000004 -0.5
    vertex 7.5 -1.250000000000003 -1
  endloop
endfacet
facet normal 1 0 0
  outer loop
    vertex 7.5 -2.187500000000006 -0.5
    vertex 7.5 -2.812500000000008 -0.5
    vertex 7.5 -2.500000000000007 -1
  endloop
endfacet
facet normal 1 0 0
  outer loop
    vertex 7.5 -3.750000000000012 0
    vertex 7.5 -4.062500000000012 -0.5
    vertex 7.5 -3.437500000000012 -0.5
  endloop
endfacet
facet normal 1 0 0
  outer loop
    vertex 7.5 -5.937500000000014 -0.5
    vertex 7.5 -5.312500000000016 -0.5
    vertex 7.5 -5.625000000000016 0
  endloop
endfacet
facet normal 1 0 -0
  outer loop
    vertex 7.5 -5.000000000000017 -1
    vertex 7.5 -4.687500000000016 -0.5
    vertex 7.5 -5.312500000000016 -0.5
  endloop
endfacet
facet normal 1 0 -0
  outer loop
    vertex 7.5 -5.625000000000016 -1
    vertex 7.5 -5.312500000000016 -0.5
    vertex 7.5 -5.937500000000014 -0.5
  endloop
endfacet
facet normal 1 0 0
  outer loop
    vertex 7.5 -3.437500000000012 -0.5
    vertex 7.5 -4.062500000000012 -0.5
    vertex 7.5 -3.750000000000012 -1
  endloop
endfacet
facet normal 1 0 0
  outer loop
    vertex 7.5 -6.562500000000011 -0.5
    vertex 7.5 -5.937500000000014 -0.5
    vertex 7.5 -6.250000000000014 0
  endloop
endfacet
facet normal 1 0 -0
  outer loop
    vertex 7.5 -6.250000000000014 -1
    vertex 7.5 -5.937500000000014 -0.5
    vertex 7.5 -6.562500000000011 -0.5
  endloop
endfacet
facet normal 1 0 0
  outer loop
    vertex 7.5 -7.187500000000012 -0.5
    vertex 7.5 -7.812500000000007 -0.5
    vertex 7.5 -7.500000000000009 -1
  endloop
endfacet
facet normal 1 0 0
  outer loop
    vertex 7.5 -7.500000000000009 0
    vertex 7.5 -7.812500000000007 -0.5
    vertex 7.5 -7.187500000000012 -0.5
  endloop
endfacet
facet normal 1 0 0
  outer loop
    vertex 7.5 -8.750000000000005 0
    vertex 7.5 -9.036458333333336 -0.5091145833333321
    vertex 7.5 -8.437500000000009 -0.5
  endloop
endfacet
facet normal 1 0 0
  outer loop
    vertex 7.5 -8.437500000000009 -0.5
    vertex 7.5 -9.036458333333336 -0.5091145833333321
    vertex 7.5 -8.750000000000005 -1
  endloop
endfacet
facet normal 1 0 0
  outer loop
    vertex 7.5 -9.375000000000002 0
    vertex 7.5 -9.53125 -0.5546874999999934
    vertex 7.5 -9.036458333333336 -0.5091145833333321
  endloop
endfacet
facet normal 1 0 -0
  outer loop
    vertex 7.5 -0.6250000000000013 -1
    vertex 7.5 -0.4687500000000009 -0.4453125000000008
    vertex 7.5 -0.9635416666666687 -0.4908854166666668
  endloop
endfacet
facet normal 1 0 0
  outer loop
    vertex 7.5 -9.036458333333336 -0.5091145833333321
    vertex 7.5 -9.53125 -0.5546874999999934
    vertex 7.5 -9.375000000000002 -1
  endloop
endfacet
facet normal 1 0 0
  outer loop
    vertex 7.5 -0.9635416666666687 -0.4908854166666668
    vertex 7.5 -0.4687500000000009 -0.4453125000000008
    vertex 7.5 -0.6250000000000013 0
  endloop
endfacet
facet normal -0 1 0
  outer loop
    vertex 0 0 -0.5000000000000009
    vertex 0.4687499999999988 0 -0.4453124999999991
    vertex 0 0 -1
  endloop
endfacet
facet normal 0 1 -0
  outer loop
    vertex 7.5 0 -0.5000000000000009
    vertex 7.031249999999993 0 -0.5546874999999912
    vertex 7.5 0 0
  endloop
endfacet
facet normal 0 1 0
  outer loop
    vertex 0 0 -1
    vertex 0.4687499999999988 0 -0.4453124999999991
    vertex 0.6249999999999987 0 -1
  endloop
endfacet
facet normal 0 1 0
  outer loop
    vertex 7.5 0 0
    vertex 7.031249999999993 0 -0.5546874999999912
    vertex 6.874999999999996 0 0
  endloop
endfacet
facet normal 0 1 -0
  outer loop
    vertex 7.5 0 -1
    vertex 7.031249999999993 0 -0.5546874999999912
    vertex 7.5 0 -0.5000000000000009
  endloop
endfacet
facet normal 0 1 0
  outer loop
    vertex 0 0 0
    vertex 0.4687499999999988 0 -0.4453124999999991
    vertex 0 0 -0.5000000000000009
  endloop
endfacet
facet normal 0 1 0
  outer loop
    vertex 6.874999999999996 0 -1
    vertex 7.031249999999993 0 -0.5546874999999912
    vertex 7.5 0 -1
  endloop
endfacet
facet normal 0 1 0
  outer loop
    vertex 0.6249999999999987 0 0
    vertex 0.4687499999999988 0 -0.4453124999999991
    vertex 0 0 0
  endloop
endfacet
facet normal 0 1 0
  outer loop
    vertex 5.624999999999988 0 0
    vertex 5.312499999999986 0 -0.5
    vertex 4.999999999999985 0 0
  endloop
endfacet
facet normal 0 1 0
  outer loop
    vertex 4.374999999999987 0 0
    vertex 4.062499999999988 0 -0.5
    vertex 3.749999999999989 0 0
  endloop
endfacet
facet normal 0 1 0
  outer loop
    vertex 3.124999999999991 0 -1
    vertex 3.43749999999999 0 -0.5
    vertex 3.749999999999989 0 -1
  endloop
endfacet
facet normal 0 1 0
  outer loop
    vertex 1.249999999999997 0 0
    vertex 0.9635416666666641 0 -0.4908854166666665
    vertex 0.6249999999999987 0 0
  endloop
endfacet
facet normal 0 1 0
  outer loop
    vertex 2.499999999999993 0 0
    vertex 2.187499999999994 0 -0.5
    vertex 1.874999999999995 0 0
  endloop
endfacet
facet normal 0 1 0
  outer loop
    vertex 4.999999999999985 0 -1
    vertex 5.312499999999986 0 -0.5
    vertex 5.624999999999988 0 -1
  endloop
endfacet
facet normal 0 1 0
  outer loop
    vertex 1.874999999999995 0 0
    vertex 1.562499999999996 0 -0.5
    vertex 1.249999999999997 0 0
  endloop
endfacet
facet normal 0 1 0
  outer loop
    vertex 3.124999999999991 0 0
    vertex 2.812499999999992 0 -0.5
    vertex 2.499999999999993 0 0
  endloop
endfacet
facet normal 0 1 0
  outer loop
    vertex 4.999999999999985 0 0
    vertex 4.687499999999988 0 -0.5
    vertex 4.374999999999987 0 0
  endloop
endfacet
facet normal 0 1 0
  outer loop
    vertex 1.249999999999997 0 -1
    vertex 1.562499999999996 0 -0.5
    vertex 1.874999999999995 0 -1
  endloop
endfacet
facet normal 0 1 0
  outer loop
    vertex 2.499999999999993 0 -1
    vertex 2.812499999999992 0 -0.5
    vertex 3.124999999999991 0 -1
  endloop
endfacet
facet normal 0 1 0
  outer loop
    vertex 4.374999999999987 0 -1
    vertex 4.687499999999988 0 -0.5
    vertex 4.999999999999985 0 -1
  endloop
endfacet
facet normal 0 1 0
  outer loop
    vertex 1.874999999999995 0 -1
    vertex 2.187499999999994 0 -0.5
    vertex 2.499999999999993 0 -1
  endloop
endfacet
facet normal 0 1 0
  outer loop
    vertex 3.749999999999989 0 0
    vertex 3.43749999999999 0 -0.5
    vertex 3.124999999999991 0 0
  endloop
endfacet
facet normal 0 1 0
  outer loop
    vertex 0.6249999999999987 0 -1
    vertex 0.9635416666666641 0 -0.4908854166666665
    vertex 1.249999999999997 0 -1
  endloop
endfacet
facet normal 0 1 0
  outer loop
    vertex 3.749999999999989 0 -1
    vertex 4.062499999999988 0 -0.5
    vertex 4.374999999999987 0 -1
  endloop
endfacet
facet normal 0 1 0
  outer loop
    vertex 6.249999999999992 0 0
    vertex 5.937499999999989 0 -0.5
    vertex 5.624999999999988 0 0
  endloop
endfacet
facet normal 0 1 0
  outer loop
    vertex 5.624999999999988 0 -1
    vertex 5.937499999999989 0 -0.5
    vertex 6.249999999999992 0 -1
  endloop
endfacet
facet normal 0 1 0
  outer loop
    vertex 6.874999999999996 0 0
    vertex 6.536458333333325 0 -0.5091145833333318
    vertex 6.249999999999992 0 0
  endloop
endfacet
facet normal 0 1 0
  outer loop
    vertex 6.249999999999992 0 -1
    vertex 6.536458333333325 0 -0.5091145833333318
    vertex 6.874999999999996 0 -1
  endloop
endfacet
facet normal -0 1 0
  outer loop
    vertex 5.312499999999986 0 -0.5
    vertex 5.937499999999989 0 -0.5
    vertex 5.624999999999988 0 -1
  endloop
endfacet
facet normal 0 1 0
  outer loop
    vertex 5.937499999999989 0 -0.5
    vertex 6.536458333333325 0 -0.5091145833333318
    vertex 6.249999999999992 0 -1
  endloop
endfacet
facet normal 0 1 0
  outer loop
    vertex 4.374999999999987 0 0
    vertex 4.687499999999988 0 -0.5
    vertex 4.062499999999988 0 -0.5
  endloop
endfacet
facet normal -0 1 0
  outer loop
    vertex 4.062499999999988 0 -0.5
    vertex 4.687499999999988 0 -0.5
    vertex 4.374999999999987 0 -1
  endloop
endfacet
facet normal 0 1 0
  outer loop
    vertex 5.624999999999988 0 0
    vertex 5.937499999999989 0 -0.5
    vertex 5.312499999999986 0 -0.5
  endloop
endfacet
facet normal 0 1 0
  outer loop
    vertex 6.249999999999992 0 0
    vertex 6.536458333333325 0 -0.5091145833333318
    vertex 5.937499999999989 0 -0.5
  endloop
endfacet
facet normal 0 1 0
  outer loop
    vertex 2.812499999999992 0 -0.5
    vertex 2.187499999999994 0 -0.5
    vertex 2.499999999999993 0 0
  endloop
endfacet
facet normal 0 1 -0
  outer loop
    vertex 2.499999999999993 0 -1
    vertex 2.187499999999994 0 -0.5
    vertex 2.812499999999992 0 -0.5
  endloop
endfacet
facet normal 0 1 0
  outer loop
    vertex 1.562499999999996 0 -0.5
    vertex 0.9635416666666641 0 -0.4908854166666665
    vertex 1.249999999999997 0 0
  endloop
endfacet
facet normal 0 1 0
  outer loop
    vertex 4.062499999999988 0 -0.5
    vertex 3.43749999999999 0 -0.5
    vertex 3.749999999999989 0 0
  endloop
endfacet
facet normal 0 1 -0
  outer loop
    vertex 3.749999999999989 0 -1
    vertex 3.43749999999999 0 -0.5
    vertex 4.062499999999988 0 -0.5
  endloop
endfacet
facet normal 0 1 0
  outer loop
    vertex 1.874999999999995 0 0
    vertex 2.187499999999994 0 -0.5
    vertex 1.562499999999996 0 -0.5
  endloop
endfacet
facet normal 0 1 -0
  outer loop
    vertex 1.249999999999997 0 -1
    vertex 0.9635416666666641 0 -0.4908854166666665
    vertex 1.562499999999996 0 -0.5
  endloop
endfacet
facet normal -0 1 0
  outer loop
    vertex 1.562499999999996 0 -0.5
    vertex 2.187499999999994 0 -0.5
    vertex 1.874999999999995 0 -1
  endloop
endfacet
facet normal 0 1 0
  outer loop
    vertex 3.43749999999999 0 -0.5
    vertex 2.812499999999992 0 -0.5
    vertex 3.124999999999991 0 0
  endloop
endfacet
facet normal 0 1 0
  outer loop
    vertex 4.999999999999985 0 0
    vertex 5.312499999999986 0 -0.5
    vertex 4.687499999999988 0 -0.5
  endloop
endfacet
facet normal 0 1 -0
  outer loop
    vertex 3.124999999999991 0 -1
    vertex 2.812499999999992 0 -0.5
    vertex 3.43749999999999 0 -0.5
  endloop
endfacet
facet normal -0 1 0
  outer loop
    vertex 4.687499999999988 0 -0.5
    vertex 5.312499999999986 0 -0.5
    vertex 4.999999999999985 0 -1
  endloop
endfacet
facet normal 0 1 -0
  outer loop
    vertex 0.6249999999999987 0 -1
    vertex 0.4687499999999988 0 -0.4453124999999991
    vertex 0.9635416666666641 0 -0.4908854166666665
  endloop
endfacet
facet normal 0 1 0
  outer loop
    vertex 6.874999999999996 0 0
    vertex 7.031249999999993 0 -0.5546874999999912
    vertex 6.536458333333325 0 -0.5091145833333318
  endloop
endfacet
facet normal 0 1 0
  outer loop
    vertex 6.536458333333325 0 -0.5091145833333318
    vertex 7.031249999999993 0 -0.5546874999999912
    vertex 6.874999999999996 0 -1
  endloop
endfacet
facet normal 0 1 0
  outer loop
    vertex 0.9635416666666641 0 -0.4908854166666665
    vertex 0.4687499999999988 0 -0.4453124999999991
    vertex 0.6249999999999987 0 0
  endloop
endfacet
facet normal -1 0 0
  outer loop
    vertex 0 -10 0
    vertex 0 -9.53125 -0.5546874999999992
    vertex 0 -10 -0.5000000000000009
  endloop
endfacet
facet normal -1 0 0
  outer loop
    vertex 0 0 -1
    vertex 0 -0.4687500000000018 -0.4453125000000067
    vertex 0 0 -0.5000000000000009
  endloop
endfacet
facet normal -1 -0 0
  outer loop
    vertex 0 -9.374999999999998 0
    vertex 0 -9.53125 -0.5546874999999992
    vertex 0 -10 0
  endloop
endfacet
facet normal -1 0 0
  outer loop
    vertex 0 -0.6249999999999982 -1
    vertex 0 -0.4687500000000018 -0.4453125000000067
    vertex 0 0 -1
  endloop
endfacet
facet normal -1 0 0
  outer loop
    vertex 0 0 -0.5000000000000009
    vertex 0 -0.4687500000000018 -0.4453125000000067
    vertex 0 0 0
  endloop
endfacet
facet normal -1 0 0
  outer loop
    vertex 0 -10 -0.5000000000000009
    vertex 0 -9.53125 -0.5546874999999992
    vertex 0 -10 -1
  endloop
endfacet
facet normal -1 -0 0
  outer loop
    vertex 0 0 0
    vertex 0 -0.4687500000000018 -0.4453125000000067
    vertex 0 -0.6249999999999982 0
  endloop
endfacet
facet normal -1 0 0
  outer loop
    vertex 0 -10 -1
    vertex 0 -9.53125 -0.5546874999999992
    vertex 0 -9.374999999999998 -1
  endloop
endfacet
facet normal -1 0 0
  outer loop
    vertex 0 -5.624999999999986 -1
    vertex 0 -5.312499999999984 -0.5
    vertex 0 -4.999999999999983 -1
  endloop
endfacet
facet normal -1 -0 0
  outer loop
    vertex 0 -8.124999999999995 0
    vertex 0 -8.437499999999996 -0.5
    vertex 0 -8.749999999999996 0
  endloop
endfacet
facet normal -1 0 0
  outer loop
    vertex 0 -9.374999999999998 -1
    vertex 0 -9.036458333333332 -0.5091145833333331
    vertex 0 -8.749999999999996 -1
  endloop
endfacet
facet normal -1 -0 0
  outer loop
    vertex 0 -4.374999999999984 0
    vertex 0 -4.687499999999984 -0.5
    vertex 0 -4.999999999999983 0
  endloop
endfacet
facet normal -1 -0 0
  outer loop
    vertex 0 -6.249999999999988 0
    vertex 0 -6.562499999999988 -0.5
    vertex 0 -6.87499999999999 0
  endloop
endfacet
facet normal -1 -0 0
  outer loop
    vertex 0 -1.249999999999995 0
    vertex 0 -1.562499999999988 -0.5
    vertex 0 -1.874999999999993 0
  endloop
endfacet
facet normal -1 0 0
  outer loop
    vertex 0 -7.499999999999993 -1
    vertex 0 -7.187499999999992 -0.5
    vertex 0 -6.87499999999999 -1
  endloop
endfacet
facet normal -1 0 0
  outer loop
    vertex 0 -1.874999999999993 -1
    vertex 0 -1.562499999999988 -0.5
    vertex 0 -1.249999999999995 -1
  endloop
endfacet
facet normal -1 -0 0
  outer loop
    vertex 0 -4.999999999999983 0
    vertex 0 -5.312499999999984 -0.5
    vertex 0 -5.624999999999986 0
  endloop
endfacet
facet normal -1 -0 0
  outer loop
    vertex 0 -3.749999999999986 0
    vertex 0 -4.062499999999986 -0.5
    vertex 0 -4.374999999999984 0
  endloop
endfacet
facet normal -1 -0 0
  outer loop
    vertex 0 -1.874999999999993 0
    vertex 0 -2.187499999999993 -0.5
    vertex 0 -2.499999999999991 0
  endloop
endfacet
facet normal -1 0 0
  outer loop
    vertex 0 -4.374999999999984 -1
    vertex 0 -4.062499999999986 -0.5
    vertex 0 -3.749999999999986 -1
  endloop
endfacet
facet normal -1 0 0
  outer loop
    vertex 0 -2.499999999999991 -1
    vertex 0 -2.187499999999993 -0.5
    vertex 0 -1.874999999999993 -1
  endloop
endfacet
facet normal -1 -0 0
  outer loop
    vertex 0 -0.6249999999999982 0
    vertex 0 -0.9635416666666625 -0.4908854166666677
    vertex 0 -1.249999999999995 0
  endloop
endfacet
facet normal -1 0 0
  outer loop
    vertex 0 -3.749999999999986 -1
    vertex 0 -3.437499999999989 -0.5
    vertex 0 -3.124999999999988 -1
  endloop
endfacet
facet normal -1 0 0
  outer loop
    vertex 0 -3.124999999999988 -1
    vertex 0 -2.812499999999988 -0.5
    vertex 0 -2.499999999999991 -1
  endloop
endfacet
facet normal -1 0 0
  outer loop
    vertex 0 -1.249999999999995 -1
    vertex 0 -0.9635416666666625 -0.4908854166666677
    vertex 0 -0.6249999999999982 -1
  endloop
endfacet
facet normal -1 -0 0
  outer loop
    vertex 0 -3.124999999999988 0
    vertex 0 -3.437499999999989 -0.5
    vertex 0 -3.749999999999986 0
  endloop
endfacet
facet normal -1 -0 0
  outer loop
    vertex 0 -2.499999999999991 0
    vertex 0 -2.812499999999988 -0.5
    vertex 0 -3.124999999999988 0
  endloop
endfacet
facet normal -1 -0 0
  outer loop
    vertex 0 -7.499999999999993 0
    vertex 0 -7.812499999999994 -0.5
    vertex 0 -8.124999999999995 0
  endloop
endfacet
facet normal -1 -0 0
  outer loop
    vertex 0 -5.624999999999986 0
    vertex 0 -5.937499999999988 -0.5
    vertex 0 -6.249999999999988 0
  endloop
endfacet
facet normal -1 0 0
  outer loop
    vertex 0 -8.124999999999995 -1
    vertex 0 -7.812499999999994 -0.5
    vertex 0 -7.499999999999993 -1
  endloop
endfacet
facet normal -1 0 0
  outer loop
    vertex 0 -6.249999999999988 -1
    vertex 0 -5.937499999999988 -0.5
    vertex 0 -5.624999999999986 -1
  endloop
endfacet
facet normal -1 0 0
  outer loop
    vertex 0 -4.999999999999983 -1
    vertex 0 -4.687499999999984 -0.5
    vertex 0 -4.374999999999984 -1
  endloop
endfacet
facet normal -1 -0 0
  outer loop
    vertex 0 -6.87499999999999 0
    vertex 0 -7.187499999999992 -0.5
    vertex 0 -7.499999999999993 0
  endloop
endfacet
facet normal -1 0 0
  outer loop
    vertex 0 -6.87499999999999 -1
    vertex 0 -6.562499999999988 -0.5
    vertex 0 -6.249999999999988 -1
  endloop
endfacet
facet normal -1 -0 0
  outer loop
    vertex 0 -8.749999999999996 0
    vertex 0 -9.036458333333332 -0.5091145833333331
    vertex 0 -9.374999999999998 0
  endloop
endfacet
facet normal -1 0 0
  outer loop
    vertex 0 -8.749999999999996 -1
    vertex 0 -8.437499999999996 -0.5
    vertex 0 -8.124999999999995 -1
  endloop
endfacet
facet normal -1 0 0
  outer loop
    vertex 0 -1.562499999999988 -0.5
    vertex 0 -2.187499999999993 -0.5
    vertex 0 -1.874999999999993 0
  endloop
endfacet
facet normal -1 0 0
  outer loop
    vertex 0 -1.874999999999993 -1
    vertex 0 -2.187499999999993 -0.5
    vertex 0 -1.562499999999988 -0.5
  endloop
endfacet
facet normal -1 0 0
  outer loop
    vertex 0 -6.562499999999988 -0.5
    vertex 0 -7.187499999999992 -0.5
    vertex 0 -6.87499999999999 0
  endloop
endfacet
facet normal -1 0 0
  outer loop
    vertex 0 -3.437499999999989 -0.5
    vertex 0 -2.812499999999988 -0.5
    vertex 0 -3.124999999999988 -1
  endloop
endfacet
facet normal -1 0 -0
  outer loop
    vertex 0 -3.124999999999988 0
    vertex 0 -2.812499999999988 -0.5
    vertex 0 -3.437499999999989 -0.5
  endloop
endfacet
facet normal -1 0 0
  outer loop
    vertex 0 -5.624999999999986 -1
    vertex 0 -5.937499999999988 -0.5
    vertex 0 -5.312499999999984 -0.5
  endloop
endfacet
facet normal -1 0 0
  outer loop
    vertex 0 -7.812499999999994 -0.5
    vertex 0 -7.187499999999992 -0.5
    vertex 0 -7.499999999999993 -1
  endloop
endfacet
facet normal -1 0 0
  outer loop
    vertex 0 -6.87499999999999 -1
    vertex 0 -7.187499999999992 -0.5
    vertex 0 -6.562499999999988 -0.5
  endloop
endfacet
facet normal -1 0 0
  outer loop
    vertex 0 -5.312499999999984 -0.5
    vertex 0 -5.937499999999988 -0.5
    vertex 0 -5.624999999999986 0
  endloop
endfacet
facet normal -1 0 -0
  outer loop
    vertex 0 -8.124999999999995 0
    vertex 0 -7.812499999999994 -0.5
    vertex 0 -8.437499999999996 -0.5
  endloop
endfacet
facet normal -1 0 -0
  outer loop
    vertex 0 -7.499999999999993 0
    vertex 0 -7.187499999999992 -0.5
    vertex 0 -7.812499999999994 -0.5
  endloop
endfacet
facet normal -1 0 0
  outer loop
    vertex 0 -4.687499999999984 -0.5
    vertex 0 -5.312499999999984 -0.5
    vertex 0 -4.999999999999983 0
  endloop
endfacet
facet normal -1 0 0
  outer loop
    vertex 0 -8.749999999999996 -1
    vertex 0 -9.036458333333332 -0.5091145833333331
    vertex 0 -8.437499999999996 -0.5
  endloop
endfacet
facet normal -1 0 0
  outer loop
    vertex 0 -4.062499999999986 -0.5
    vertex 0 -4.687499999999984 -0.5
    vertex 0 -4.374999999999984 0
  endloop
endfacet
facet normal -1 0 0
  outer loop
    vertex 0 -4.999999999999983 -1
    vertex 0 -5.312499999999984 -0.5
    vertex 0 -4.687499999999984 -0.5
  endloop
endfacet
facet normal -1 0 0
  outer loop
    vertex 0 -4.374999999999984 -1
    vertex 0 -4.687499999999984 -0.5
    vertex 0 -4.062499999999986 -0.5
  endloop
endfacet
facet normal -1 0 -0
  outer loop
    vertex 0 -6.249999999999988 0
    vertex 0 -5.937499999999988 -0.5
    vertex 0 -6.562499999999988 -0.5
  endloop
endfacet
facet normal -1 0 0
  outer loop
    vertex 0 -6.562499999999988 -0.5
    vertex 0 -5.937499999999988 -0.5
    vertex 0 -6.249999999999988 -1
  endloop
endfacet
facet normal -1 -0 0
  outer loop
    vertex 0 -8.437499999999996 -0.5
    vertex 0 -9.036458333333332 -0.5091145833333331
    vertex 0 -8.749999999999996 0
  endloop
endfacet
facet normal -1 0 -0
  outer loop
    vertex 0 -3.749999999999986 0
    vertex 0 -3.437499999999989 -0.5
    vertex 0 -4.062499999999986 -0.5
  endloop
endfacet
facet normal -1 0 0
  outer loop
    vertex 0 -4.062499999999986 -0.5
    vertex 0 -3.437499999999989 -0.5
    vertex 0 -3.749999999999986 -1
  endloop
endfacet
facet normal -1 0 0
  outer loop
    vertex 0 -8.437499999999996 -0.5
    vertex 0 -7.812499999999994 -0.5
    vertex 0 -8.124999999999995 -1
  endloop
endfacet
facet normal -1 0 -0
  outer loop
    vertex 0 -2.499999999999991 0
    vertex 0 -2.187499999999993 -0.5
    vertex 0 -2.812499999999988 -0.5
  endloop
endfacet
facet normal -1 0 0
  outer loop
    vertex 0 -2.812499999999988 -0.5
    vertex 0 -2.187499999999993 -0.5
    vertex 0 -2.499999999999991 -1
  endloop
endfacet
facet normal -1 -0 0
  outer loop
    vertex 0 -0.9635416666666625 -0.4908854166666677
    vertex 0 -1.562499999999988 -0.5
    vertex 0 -1.249999999999995 0
  endloop
endfacet
facet normal -1 0 0
  outer loop
    vertex 0 -1.249999999999995 -1
    vertex 0 -1.562499999999988 -0.5
    vertex 0 -0.9635416666666625 -0.4908854166666677
  endloop
endfacet
facet normal -1 0 0
  outer loop
    vertex 0 -0.9635416666666625 -0.4908854166666677
    vertex 0 -0.4687500000000018 -0.4453125000000067
    vertex 0 -0.6249999999999982 -1
  endloop
endfacet
facet normal -1 -0 0
  outer loop
    vertex 0 -9.036458333333332 -0.5091145833333331
    vertex 0 -9.53125 -0.5546874999999992
    vertex 0 -9.374999999999998 0
  endloop
endfacet
facet normal -1 0 -0
  outer loop
    vertex 0 -0.6249999999999982 0
    vertex 0 -0.4687500000000018 -0.4453125000000067
    vertex 0 -0.9635416666666625 -0.4908854166666677
  endloop
endfacet
facet normal -1 0 0
  outer loop
    vertex 0 -9.374999999999998 -1
    vertex 0 -9.53125 -0.5546874999999992
    vertex 0 -9.036458333333332 -0.5091145833333331
  endloop
endfacet
facet normal -0 -1 -0
  outer loop
    vertex 7.5 -10 -0.5000000000000009
    vertex 7.031250000000001 -10 -0.445312499999999
    vertex 7.5 -10 -1
  endloop
endfacet
facet normal 0 -1 0
  outer loop
    vertex 0 -10 -0.5000000000000009
    vertex 0.4687500000000071 -10 -0.5546874999999912
    vertex 0 -10 0
  endloop
endfacet
facet normal 0 -1 0
  outer loop
    vertex 7.5 -10 -1
    vertex 7.031250000000001 -10 -0.445312499999999
    vertex 6.875000000000002 -10 -1
  endloop
endfacet
facet normal 0 -1 0
  outer loop
    vertex 0 -10 0
    vertex 0.4687500000000071 -10 -0.5546874999999912
    vertex 0.6250000000000044 -10 0
  endloop
endfacet
facet normal 0 -1 0
  outer loop
    vertex 0 -10 -1
    vertex 0.4687500000000071 -10 -0.5546874999999912
    vertex 0 -10 -0.5000000000000009
  endloop
endfacet
facet normal 0 -1 -0
  outer loop
    vertex 7.5 -10 0
    vertex 7.031250000000001 -10 -0.445312499999999
    vertex 7.5 -10 -0.5000000000000009
  endloop
endfacet
facet normal 0 -1 0
  outer loop
    vertex 0.6250000000000044 -10 -1
    vertex 0.4687500000000071 -10 -0.5546874999999912
    vertex 0 -10 -1
  endloop
endfacet
facet normal 0 -1 0
  outer loop
    vertex 6.875000000000002 -10 0
    vertex 7.031250000000001 -10 -0.445312499999999
    vertex 7.5 -10 0
  endloop
endfacet
facet normal 0 -1 0
  outer loop
    vertex 1.875000000000012 -10 0
    vertex 2.187500000000014 -10 -0.5
    vertex 2.500000000000015 -10 0
  endloop
endfacet
facet normal 0 -1 0
  outer loop
    vertex 2.500000000000015 -10 -1
    vertex 2.187500000000014 -10 -0.5
    vertex 1.875000000000012 -10 -1
  endloop
endfacet
facet normal 0 -1 0
  outer loop
    vertex 3.125000000000013 -10 0
    vertex 3.437500000000012 -10 -0.5
    vertex 3.750000000000011 -10 0
  endloop
endfacet
facet normal 0 -1 0
  outer loop
    vertex 1.250000000000008 -10 0
    vertex 1.562500000000011 -10 -0.5
    vertex 1.875000000000012 -10 0
  endloop
endfacet
facet normal 0 -1 0
  outer loop
    vertex 4.375000000000009 -10 -1
    vertex 4.06250000000001 -10 -0.5
    vertex 3.750000000000011 -10 -1
  endloop
endfacet
facet normal 0 -1 0
  outer loop
    vertex 1.875000000000012 -10 -1
    vertex 1.562500000000011 -10 -0.5
    vertex 1.250000000000008 -10 -1
  endloop
endfacet
facet normal 0 -1 0
  outer loop
    vertex 4.375000000000009 -10 0
    vertex 4.687500000000008 -10 -0.5
    vertex 5.000000000000007 -10 0
  endloop
endfacet
facet normal 0 -1 0
  outer loop
    vertex 2.500000000000015 -10 0
    vertex 2.812500000000012 -10 -0.5
    vertex 3.125000000000013 -10 0
  endloop
endfacet
facet normal 0 -1 0
  outer loop
    vertex 5.000000000000007 -10 -1
    vertex 4.687500000000008 -10 -0.5
    vertex 4.375000000000009 -10 -1
  endloop
endfacet
facet normal 0 -1 0
  outer loop
    vertex 3.125000000000013 -10 -1
    vertex 2.812500000000012 -10 -0.5
    vertex 2.500000000000015 -10 -1
  endloop
endfacet
facet normal 0 -1 0
  outer loop
    vertex 6.250000000000004 -10 0
    vertex 6.536458333333336 -10 -0.4908854166666665
    vertex 6.875000000000002 -10 0
  endloop
endfacet
facet normal 0 -1 0
  outer loop
    vertex 5.625000000000005 -10 0
    vertex 5.937500000000004 -10 -0.5
    vertex 6.250000000000004 -10 0
  endloop
endfacet
facet normal 0 -1 0
  outer loop
    vertex 5.000000000000007 -10 0
    vertex 5.312500000000006 -10 -0.5
    vertex 5.625000000000005 -10 0
  endloop
endfacet
facet normal 0 -1 0
  outer loop
    vertex 6.875000000000002 -10 -1
    vertex 6.536458333333336 -10 -0.4908854166666665
    vertex 6.250000000000004 -10 -1
  endloop
endfacet
facet normal 0 -1 0
  outer loop
    vertex 6.250000000000004 -10 -1
    vertex 5.937500000000004 -10 -0.5
    vertex 5.625000000000005 -10 -1
  endloop
endfacet
facet normal 0 -1 0
  outer loop
    vertex 5.625000000000005 -10 -1
    vertex 5.312500000000006 -10 -0.5
    vertex 5.000000000000007 -10 -1
  endloop
endfacet
facet normal 0 -1 0
  outer loop
    vertex 3.750000000000011 -10 0
    vertex 4.06250000000001 -10 -0.5
    vertex 4.375000000000009 -10 0
  endloop
endfacet
facet normal 0 -1 0
  outer loop
    vertex 3.750000000000011 -10 -1
    vertex 3.437500000000012 -10 -0.5
    vertex 3.125000000000013 -10 -1
  endloop
endfacet
facet normal 0 -1 0
  outer loop
    vertex 0.6250000000000044 -10 0
    vertex 0.963541666666675 -10 -0.5091145833333318
    vertex 1.250000000000008 -10 0
  endloop
endfacet
facet normal 0 -1 0
  outer loop
    vertex 1.250000000000008 -10 -1
    vertex 0.963541666666675 -10 -0.5091145833333318
    vertex 0.6250000000000044 -10 -1
  endloop
endfacet
facet normal 0 -1 0
  outer loop
    vertex 4.687500000000008 -10 -0.5
    vertex 5.312500000000006 -10 -0.5
    vertex 5.000000000000007 -10 0
  endloop
endfacet
facet normal 0 -1 0
  outer loop
    vertex 3.125000000000013 -10 -1
    vertex 3.437500000000012 -10 -0.5
    vertex 2.812500000000012 -10 -0.5
  endloop
endfacet
facet normal 0 -1 0
  outer loop
    vertex 2.812500000000012 -10 -0.5
    vertex 3.437500000000012 -10 -0.5
    vertex 3.125000000000013 -10 0
  endloop
endfacet
facet normal 0 -1 -0
  outer loop
    vertex 1.875000000000012 -10 0
    vertex 1.562500000000011 -10 -0.5
    vertex 2.187500000000014 -10 -0.5
  endloop
endfacet
facet normal 0 -1 -0
  outer loop
    vertex 1.250000000000008 -10 0
    vertex 0.963541666666675 -10 -0.5091145833333318
    vertex 1.562500000000011 -10 -0.5
  endloop
endfacet
facet normal -0 -1 0
  outer loop
    vertex 2.187500000000014 -10 -0.5
    vertex 1.562500000000011 -10 -0.5
    vertex 1.875000000000012 -10 -1
  endloop
endfacet
facet normal 0 -1 0
  outer loop
    vertex 1.562500000000011 -10 -0.5
    vertex 0.963541666666675 -10 -0.5091145833333318
    vertex 1.250000000000008 -10 -1
  endloop
endfacet
facet normal 0 -1 0
  outer loop
    vertex 5.000000000000007 -10 -1
    vertex 5.312500000000006 -10 -0.5
    vertex 4.687500000000008 -10 -0.5
  endloop
endfacet
facet normal 0 -1 -0
  outer loop
    vertex 3.750000000000011 -10 0
    vertex 3.437500000000012 -10 -0.5
    vertex 4.06250000000001 -10 -0.5
  endloop
endfacet
facet normal 0 -1 -0
  outer loop
    vertex 6.250000000000004 -10 0
    vertex 5.937500000000004 -10 -0.5
    vertex 6.536458333333336 -10 -0.4908854166666665
  endloop
endfacet
facet normal 0 -1 -0
  outer loop
    vertex 5.625000000000005 -10 0
    vertex 5.312500000000006 -10 -0.5
    vertex 5.937500000000004 -10 -0.5
  endloop
endfacet
facet normal -0 -1 0
  outer loop
    vertex 4.06250000000001 -10 -0.5
    vertex 3.437500000000012 -10 -0.5
    vertex 3.750000000000011 -10 -1
  endloop
endfacet
facet normal 0 -1 0
  outer loop
    vertex 6.536458333333336 -10 -0.4908854166666665
    vertex 5.937500000000004 -10 -0.5
    vertex 6.250000000000004 -10 -1
  endloop
endfacet
facet normal -0 -1 0
  outer loop
    vertex 5.937500000000004 -10 -0.5
    vertex 5.312500000000006 -10 -0.5
    vertex 5.625000000000005 -10 -1
  endloop
endfacet
facet normal -0 -1 0
  outer loop
    vertex 2.812500000000012 -10 -0.5
    vertex 2.187500000000014 -10 -0.5
    vertex 2.500000000000015 -10 -1
  endloop
endfacet
facet normal 0 -1 -0
  outer loop
    vertex 2.500000000000015 -10 0
    vertex 2.187500000000014 -10 -0.5
    vertex 2.812500000000012 -10 -0.5
  endloop
endfacet
facet normal 0 -1 0
  outer loop
    vertex 4.06250000000001 -10 -0.5
    vertex 4.687500000000008 -10 -0.5
    vertex 4.375000000000009 -10 0
  endloop
endfacet
facet normal 0 -1 0
  outer loop
    vertex 4.375000000000009 -10 -1
    vertex 4.687500000000008 -10 -0.5
    vertex 4.06250000000001 -10 -0.5
  endloop
endfacet
facet normal 0 -1 0
  outer loop
    vertex 6.875000000000002 -10 -1
    vertex 7.031250000000001 -10 -0.445312499999999
    vertex 6.536458333333336 -10 -0.4908854166666665
  endloop
endfacet
facet normal 0 -1 -0
  outer loop
    vertex 0.6250000000000044 -10 0
    vertex 0.4687500000000071 -10 -0.5546874999999912
    vertex 0.963541666666675 -10 -0.5091145833333318
  endloop
endfacet
facet normal 0 -1 0
  outer loop
    vertex 0.963541666666675 -10 -0.5091145833333318
    vertex 0.4687500000000071 -10 -0.5546874999999912
    vertex 0.6250000000000044 -10 -1
  endloop
endfacet
facet normal 0 -1 0
  outer loop
    vertex 6.536458333333336 -10 -0.4908854166666665
    vertex 7.031250000000001 -10 -0.445312499999999
    vertex 6.875000000000002 -10 0
  endloop
endfacet
facet normal 0 -0 -1
  outer loop
    vertex 1.53157583557344 -0.5779741027153147 -1
    vertex 1.868844629889622 -1.078913694931103 -1
    vertex 1.126884638175715 -1.172199911715868 -1
  endloop
endfacet
facet normal -0 0 -1
  outer loop
    vertex 2 -8 -1
    vertex 1.648044815744299 -8.384123306151285 -1
    vertex 1.487601636094209 -7.699999999999999 -1
  endloop
endfacet
facet normal 0 0 -1
  outer loop
    vertex 5.5 -2 -1
    vertex 5.851955184255701 -1.615876693848715 -1
    vertex 6.012398363905791 -2.299999999999999 -1
  endloop
endfacet
facet normal 0 0 -1
  outer loop
    vertex 5.976584963365451 -9.389925076548064 -1
    vertex 5.614185784996927 -8.878785066350984 -1
    vertex 6.36781180086027 -8.794766651365524 -1
  endloop
endfacet
facet normal 0 0 -1
  outer loop
    vertex 5.000000000000007 -10 -1
    vertex 5.304429190273007 -9.407711726508847 -1
    vertex 5.625000000000005 -10 -1
  endloop
endfacet
facet normal 0 -0 -1
  outer loop
    vertex 6.36781180086027 -8.794766651365524 -1
    vertex 6.568558518784599 -9.460488489381147 -1
    vertex 5.976584963365451 -9.389925076548064 -1
  endloop
endfacet
facet normal 0 0 -1
  outer loop
    vertex 1.126884638175715 -1.172199911715868 -1
    vertex 0.9070464016080884 -0.5434978557241426 -1
    vertex 1.53157583557344 -0.5779741027153147 -1
  endloop
endfacet
facet normal 0 0 -1
  outer loop
    vertex 1.648044815744299 -8.384123306151285 -1
    vertex 1.077393439757397 -8.146310953850014 -1
    vertex 1.487601636094209 -7.699999999999999 -1
  endloop
endfacet
facet normal 0 0 -1
  outer loop
    vertex 5.851955184255701 -1.615876693848715 -1
    vertex 6.422606560242603 -1.853689046149987 -1
    vertex 6.012398363905791 -2.299999999999999 -1
  endloop
endfacet
facet normal 0 0 -1
  outer loop
    vertex 5.304429190273007 -9.407711726508847 -1
    vertex 4.972218384036093 -8.948226705785569 -1
    vertex 5.614185784996927 -8.878785066350984 -1
  endloop
endfacet
facet normal -0 0 -1
  outer loop
    vertex 5.614185784996927 -8.878785066350984 -1
    vertex 4.972218384036093 -8.948226705785569 -1
    vertex 5.235860145048609 -8.458850675149531 -1
  endloop
endfacet
facet normal 0 0 -1
  outer loop
    vertex 1.501508911772197 -2.300000000000002 -1
    vertex 1.591979447752063 -1.602039610214135 -1
    vertex 2 -2 -1
  endloop
endfacet
facet normal 0 0 -1
  outer loop
    vertex 5.625000000000005 -10 -1
    vertex 5.304429190273007 -9.407711726508847 -1
    vertex 5.976584963365451 -9.389925076548064 -1
  endloop
endfacet
facet normal 0 0 -1
  outer loop
    vertex 4.683505523997531 -9.4578767884513 -1
    vertex 5.304429190273007 -9.407711726508847 -1
    vertex 5.000000000000007 -10 -1
  endloop
endfacet
facet normal 0 0 -1
  outer loop
    vertex 2 -2 -1
    vertex 1.591979447752063 -1.602039610214135 -1
    vertex 2.291666666666667 -1.502671722878874 -1
  endloop
endfacet
facet normal 0 0 -1
  outer loop
    vertex 6.340091322897512 -1.145116818438501 -1
    vertex 5.618238999825995 -1.048574606388493 -1
    vertex 5.955520028135826 -0.5342661569398821 -1
  endloop
endfacet
facet normal 0 0 -1
  outer loop
    vertex 1.159908677102487 -8.854883181561499 -1
    vertex 1.881761000174005 -8.951425393611505 -1
    vertex 1.544479971864174 -9.465733843060118 -1
  endloop
endfacet
facet normal 0 0 -1
  outer loop
    vertex 1.868844629889622 -1.078913694931103 -1
    vertex 1.591979447752063 -1.602039610214135 -1
    vertex 1.126884638175715 -1.172199911715868 -1
  endloop
endfacet
facet normal -0 0 -1
  outer loop
    vertex 1.159908677102487 -8.854883181561499 -1
    vertex 0.5041273270587157 -9.064861793452877 -1
    vertex 0.5412658773652756 -8.437499999999996 -1
  endloop
endfacet
facet normal 0 0 -1
  outer loop
    vertex 6.340091322897512 -1.145116818438501 -1
    vertex 6.995872672941284 -0.9351382065471219 -1
    vertex 6.958734122634724 -1.562500000000004 -1
  endloop
endfacet
facet normal 0 0 -1
  outer loop
    vertex 0.5329187113045126 -7.828056058948681 -1
    vertex 0.9839708636877207 -7.499999999999995 -1
    vertex 1.077393439757397 -8.146310953850014 -1
  endloop
endfacet
facet normal -0 0 -1
  outer loop
    vertex 6.967081288695487 -2.171943941051319 -1
    vertex 6.516029136312278 -2.500000000000008 -1
    vertex 6.422606560242603 -1.853689046149987 -1
  endloop
endfacet
facet normal -0 0 -1
  outer loop
    vertex 1.249999999999997 0 -1
    vertex 0.9070464016080884 -0.5434978557241426 -1
    vertex 0.6249999999999987 0 -1
  endloop
endfacet
facet normal 0 0 -1
  outer loop
    vertex 0.9327758456848536 -9.466404753156898 -1
    vertex 1.159908677102487 -8.854883181561499 -1
    vertex 1.544479971864174 -9.465733843060118 -1
  endloop
endfacet
facet normal 0 0 -1
  outer loop
    vertex 6.567224154315147 -0.5335952468431024 -1
    vertex 6.340091322897512 -1.145116818438501 -1
    vertex 5.955520028135826 -0.5342661569398821 -1
  endloop
endfacet
facet normal 0 -0 -1
  outer loop
    vertex 1.077393439757397 -8.146310953850014 -1
    vertex 1.159908677102487 -8.854883181561499 -1
    vertex 0.5412658773652756 -8.437499999999996 -1
  endloop
endfacet
facet normal 0 0 -1
  outer loop
    vertex 6.422606560242603 -1.853689046149987 -1
    vertex 6.340091322897512 -1.145116818438501 -1
    vertex 6.958734122634724 -1.562500000000004 -1
  endloop
endfacet
facet normal 0 0 -1
  outer loop
    vertex 1.53157583557344 -0.5779741027153147 -1
    vertex 0.9070464016080884 -0.5434978557241426 -1
    vertex 1.249999999999997 0 -1
  endloop
endfacet
facet normal -0 0 -1
  outer loop
    vertex 5.976584963365451 -9.389925076548064 -1
    vertex 5.304429190273007 -9.407711726508847 -1
    vertex 5.614185784996927 -8.878785066350984 -1
  endloop
endfacet
facet normal 0 -0 -1
  outer loop
    vertex 1.648044815744299 -8.384123306151285 -1
    vertex 1.881761000174005 -8.951425393611505 -1
    vertex 1.159908677102487 -8.854883181561499 -1
  endloop
endfacet
facet normal 0 0 -1
  outer loop
    vertex 5.851955184255701 -1.615876693848715 -1
    vertex 5.618238999825995 -1.048574606388493 -1
    vertex 6.340091322897512 -1.145116818438501 -1
  endloop
endfacet
facet normal 0 0 -1
  outer loop
    vertex 0.5329187113045126 -7.828056058948681 -1
    vertex 1.077393439757397 -8.146310953850014 -1
    vertex 0.5412658773652756 -8.437499999999996 -1
  endloop
endfacet
facet normal 0 0 -1
  outer loop
    vertex 6.967081288695487 -2.171943941051319 -1
    vertex 6.422606560242603 -1.853689046149987 -1
    vertex 6.958734122634724 -1.562500000000004 -1
  endloop
endfacet
facet normal 0 0 -1
  outer loop
    vertex 0.5341562085324281 -1.558597762009597 -1
    vertex 0.4737208061503164 -0.9362878331162348 -1
    vertex 1.126884638175715 -1.172199911715868 -1
  endloop
endfacet
facet normal 0 0 -1
  outer loop
    vertex 1.03276858839423 -1.886195615926565 -1
    vertex 1.591979447752063 -1.602039610214135 -1
    vertex 1.501508911772197 -2.300000000000002 -1
  endloop
endfacet
facet normal 0 -0 -1
  outer loop
    vertex 5.5 -8 -1
    vertex 5.911955686489187 -8.32015949424801 -1
    vertex 5.235860145048609 -8.458850675149531 -1
  endloop
endfacet
facet normal 0 0 -1
  outer loop
    vertex 6.36781180086027 -8.794766651365524 -1
    vertex 6.999599210698609 -9.062500000000002 -1
    vertex 6.568558518784599 -9.460488489381147 -1
  endloop
endfacet
facet normal -0 0 -1
  outer loop
    vertex 2.291666666666667 -1.502671722878874 -1
    vertex 1.591979447752063 -1.602039610214135 -1
    vertex 1.868844629889622 -1.078913694931103 -1
  endloop
endfacet
facet normal 0 -0 -1
  outer loop
    vertex 6.422606560242603 -1.853689046149987 -1
    vertex 6.516029136312278 -2.500000000000008 -1
    vertex 6.012398363905791 -2.299999999999999 -1
  endloop
endfacet
facet normal 0 0 -1
  outer loop
    vertex 1.077393439757397 -8.146310953850014 -1
    vertex 0.9839708636877207 -7.499999999999995 -1
    vertex 1.487601636094209 -7.699999999999999 -1
  endloop
endfacet
facet normal -0 0 -1
  outer loop
    vertex 6.95970083248424 -8.441402237990403 -1
    vertex 6.36781180086027 -8.794766651365524 -1
    vertex 6.458886184188975 -8.091354255529868 -1
  endloop
endfacet
facet normal 0 0 -1
  outer loop
    vertex 0.5341562085324281 -1.558597762009597 -1
    vertex 1.126884638175715 -1.172199911715868 -1
    vertex 1.03276858839423 -1.886195615926565 -1
  endloop
endfacet
facet normal 0 -0 -1
  outer loop
    vertex 6.95970083248424 -8.441402237990403 -1
    vertex 6.999599210698609 -9.062500000000002 -1
    vertex 6.36781180086027 -8.794766651365524 -1
  endloop
endfacet
facet normal 0 0 -1
  outer loop
    vertex 1.126884638175715 -1.172199911715868 -1
    vertex 0.4737208061503164 -0.9362878331162348 -1
    vertex 0.9070464016080884 -0.5434978557241426 -1
  endloop
endfacet
facet normal 0 0 -1
  outer loop
    vertex 5.614185784996927 -8.878785066350984 -1
    vertex 5.911955686489187 -8.32015949424801 -1
    vertex 6.36781180086027 -8.794766651365524 -1
  endloop
endfacet
facet normal 0 0 -1
  outer loop
    vertex 0 -8.124999999999995 -1
    vertex 0.5412658773652756 -8.437499999999996 -1
    vertex 0 -8.749999999999996 -1
  endloop
endfacet
facet normal 0 0 -1
  outer loop
    vertex 1.250000000000008 -10 -1
    vertex 1.544479971864174 -9.465733843060118 -1
    vertex 1.875000000000012 -10 -1
  endloop
endfacet
facet normal 0 0 -1
  outer loop
    vertex 0 -6.249999999999988 -1
    vertex 0.5412658773652761 -6.562499999999989 -1
    vertex 0 -6.87499999999999 -1
  endloop
endfacet
facet normal 0 0 -1
  outer loop
    vertex 7.5 -3.12500000000001 -1
    vertex 6.958734122634723 -2.812500000000009 -1
    vertex 7.5 -2.500000000000007 -1
  endloop
endfacet
facet normal -0 0 -1
  outer loop
    vertex 6.874999999999996 0 -1
    vertex 6.567224154315147 -0.5335952468431024 -1
    vertex 6.249999999999992 0 -1
  endloop
endfacet
facet normal -0 0 -1
  outer loop
    vertex 5.624999999999988 0 -1
    vertex 5.314645241444729 -0.5160625174504272 -1
    vertex 4.999999999999985 0 -1
  endloop
endfacet
facet normal -0 0 -1
  outer loop
    vertex 6.249999999999992 0 -1
    vertex 5.955520028135826 -0.5342661569398821 -1
    vertex 5.624999999999988 0 -1
  endloop
endfacet
facet normal 0 0 -1
  outer loop
    vertex 0.6250000000000044 -10 -1
    vertex 0.9327758456848536 -9.466404753156898 -1
    vertex 1.250000000000008 -10 -1
  endloop
endfacet
facet normal 0 0 -1
  outer loop
    vertex 1.875000000000012 -10 -1
    vertex 2.185354758555271 -9.483937482549571 -1
    vertex 2.500000000000015 -10 -1
  endloop
endfacet
facet normal 0 0 -1
  outer loop
    vertex 7.5 -5.625000000000016 -1
    vertex 6.965641787572105 -5.312500000000015 -1
    vertex 7.5 -5.000000000000017 -1
  endloop
endfacet
facet normal 0 0 -1
  outer loop
    vertex 0 -7.499999999999993 -1
    vertex 0.5329187113045126 -7.828056058948681 -1
    vertex 0 -8.124999999999995 -1
  endloop
endfacet
facet normal 0 0 -1
  outer loop
    vertex 0 -5.624999999999986 -1
    vertex 0.5412658773652756 -5.937499999999987 -1
    vertex 0 -6.249999999999988 -1
  endloop
endfacet
facet normal 0 0 -1
  outer loop
    vertex 7.5 -1.875000000000005 -1
    vertex 6.958734122634724 -1.562500000000004 -1
    vertex 7.5 -1.250000000000003 -1
  endloop
endfacet
facet normal 0 0 -1
  outer loop
    vertex 7.5 -2.500000000000007 -1
    vertex 6.967081288695487 -2.171943941051319 -1
    vertex 7.5 -1.875000000000005 -1
  endloop
endfacet
facet normal 0 0 -1
  outer loop
    vertex 7.5 -3.750000000000012 -1
    vertex 6.958734122634725 -3.437500000000011 -1
    vertex 7.5 -3.12500000000001 -1
  endloop
endfacet
facet normal 0 0 -1
  outer loop
    vertex 7.5 -4.375000000000014 -1
    vertex 6.958734122634723 -4.062500000000013 -1
    vertex 7.5 -3.750000000000012 -1
  endloop
endfacet
facet normal 0 0 -1
  outer loop
    vertex 0 -1.874999999999993 -1
    vertex 0.5284950289557542 -2.186849627001592 -1
    vertex 0 -2.499999999999991 -1
  endloop
endfacet
facet normal 0 0 -1
  outer loop
    vertex 0 -6.87499999999999 -1
    vertex 0.5412658773652761 -7.187499999999991 -1
    vertex 0 -7.499999999999993 -1
  endloop
endfacet
facet normal 0 0 -1
  outer loop
    vertex 0 -4.374999999999984 -1
    vertex 0.5343582124278945 -4.687499999999984 -1
    vertex 0 -4.999999999999983 -1
  endloop
endfacet
facet normal 0 0 -1
  outer loop
    vertex 7.5 -8.125000000000007 -1
    vertex 6.970481144547024 -7.813150372998408 -1
    vertex 7.5 -7.500000000000009 -1
  endloop
endfacet
facet normal -0 0 -1
  outer loop
    vertex 4.374999999999987 0 -1
    vertex 4.062499999999988 -0.5269525313097994 -1
    vertex 3.749999999999989 0 -1
  endloop
endfacet
facet normal 0 0 -1
  outer loop
    vertex 0 -4.999999999999983 -1
    vertex 0.5340585254512291 -5.312499999999985 -1
    vertex 0 -5.624999999999986 -1
  endloop
endfacet
facet normal 0 0 -1
  outer loop
    vertex 7.5 -6.875000000000012 -1
    vertex 6.958734122634729 -6.562500000000013 -1
    vertex 7.5 -6.250000000000014 -1
  endloop
endfacet
facet normal 0 0 -1
  outer loop
    vertex 0 -3.749999999999986 -1
    vertex 0.5412658773652721 -4.062499999999985 -1
    vertex 0 -4.374999999999984 -1
  endloop
endfacet
facet normal 0 0 -1
  outer loop
    vertex 0 -1.249999999999995 -1
    vertex 0.5341562085324281 -1.558597762009597 -1
    vertex 0 -1.874999999999993 -1
  endloop
endfacet
facet normal 0 0 -1
  outer loop
    vertex 7.5 -6.250000000000014 -1
    vertex 6.958734122634728 -5.937500000000015 -1
    vertex 7.5 -5.625000000000016 -1
  endloop
endfacet
facet normal 0 0 -1
  outer loop
    vertex 3.125000000000013 -10 -1
    vertex 3.437500000000012 -9.473047468690201 -1
    vertex 3.750000000000011 -10 -1
  endloop
endfacet
facet normal 0 0 -1
  outer loop
    vertex 7.5 -5.000000000000017 -1
    vertex 6.965941474548771 -4.687500000000014 -1
    vertex 7.5 -4.375000000000014 -1
  endloop
endfacet
facet normal -0 0 -1
  outer loop
    vertex 1.874999999999995 0 -1
    vertex 1.53157583557344 -0.5779741027153147 -1
    vertex 1.249999999999997 0 -1
  endloop
endfacet
facet normal -0 0 -1
  outer loop
    vertex 2.499999999999993 0 -1
    vertex 2.182345972595568 -0.5361959121574227 -1
    vertex 1.874999999999995 0 -1
  endloop
endfacet
facet normal -0 0 -1
  outer loop
    vertex 3.124999999999991 0 -1
    vertex 2.812186951688256 -0.5301231201962597 -1
    vertex 2.499999999999993 0 -1
  endloop
endfacet
facet normal -0 0 -1
  outer loop
    vertex 4.999999999999985 0 -1
    vertex 4.687499999999986 -0.5336361769014797 -1
    vertex 4.374999999999987 0 -1
  endloop
endfacet
facet normal 0 0 -1
  outer loop
    vertex 4.375000000000009 -10 -1
    vertex 4.683505523997531 -9.4578767884513 -1
    vertex 5.000000000000007 -10 -1
  endloop
endfacet
facet normal 0 0 -1
  outer loop
    vertex 2.500000000000015 -10 -1
    vertex 2.812500000000014 -9.46636382309852 -1
    vertex 3.125000000000013 -10 -1
  endloop
endfacet
facet normal 0 0 -1
  outer loop
    vertex 6.250000000000004 -10 -1
    vertex 6.568558518784599 -9.460488489381147 -1
    vertex 6.875000000000002 -10 -1
  endloop
endfacet
facet normal 0 0 -1
  outer loop
    vertex 5.625000000000005 -10 -1
    vertex 5.976584963365451 -9.389925076548064 -1
    vertex 6.250000000000004 -10 -1
  endloop
endfacet
facet normal -0 0 -1
  outer loop
    vertex 3.749999999999989 0 -1
    vertex 3.43749999999999 -0.5345840510917128 -1
    vertex 3.124999999999991 0 -1
  endloop
endfacet
facet normal 0 0 -1
  outer loop
    vertex 0 -3.124999999999988 -1
    vertex 0.5412658773652717 -3.437499999999987 -1
    vertex 0 -3.749999999999986 -1
  endloop
endfacet
facet normal 0 0 -1
  outer loop
    vertex 0 -2.499999999999991 -1
    vertex 0.5412658773652712 -2.81249999999999 -1
    vertex 0 -3.124999999999988 -1
  endloop
endfacet
facet normal 0 0 -1
  outer loop
    vertex 3.750000000000011 -10 -1
    vertex 4.06250000000001 -9.465415948908287 -1
    vertex 4.375000000000009 -10 -1
  endloop
endfacet
facet normal 0 0 -1
  outer loop
    vertex 7.5 -7.500000000000009 -1
    vertex 6.958734122634729 -7.187500000000011 -1
    vertex 7.5 -6.875000000000012 -1
  endloop
endfacet
facet normal 0 0 -1
  outer loop
    vertex 7.5 -8.750000000000005 -1
    vertex 6.95970083248424 -8.441402237990403 -1
    vertex 7.5 -8.125000000000007 -1
  endloop
endfacet
facet normal 0 0 -1
  outer loop
    vertex 6.95970083248424 -8.441402237990403 -1
    vertex 6.458886184188975 -8.091354255529868 -1
    vertex 6.970481144547024 -7.813150372998408 -1
  endloop
endfacet
facet normal 0 -0 -1
  outer loop
    vertex 0.5341562085324281 -1.558597762009597 -1
    vertex 1.03276858839423 -1.886195615926565 -1
    vertex 0.5284950289557542 -2.186849627001592 -1
  endloop
endfacet
facet normal 0 0 -1
  outer loop
    vertex 2.182345972595568 -0.5361959121574227 -1
    vertex 1.868844629889622 -1.078913694931103 -1
    vertex 1.53157583557344 -0.5779741027153147 -1
  endloop
endfacet
facet normal 0 -0 -1
  outer loop
    vertex 6.567224154315147 -0.5335952468431024 -1
    vertex 6.995872672941284 -0.9351382065471219 -1
    vertex 6.340091322897512 -1.145116818438501 -1
  endloop
endfacet
facet normal 0 0 -1
  outer loop
    vertex 0.9327758456848536 -9.466404753156898 -1
    vertex 0.5041273270587157 -9.064861793452877 -1
    vertex 1.159908677102487 -8.854883181561499 -1
  endloop
endfacet
facet normal 0 0 -1
  outer loop
    vertex 5.235860145048609 -8.458850675149531 -1
    vertex 5.911955686489187 -8.32015949424801 -1
    vertex 5.614185784996927 -8.878785066350984 -1
  endloop
endfacet
facet normal 0 0 -1
  outer loop
    vertex 5.851955184255701 -1.615876693848715 -1
    vertex 6.340091322897512 -1.145116818438501 -1
    vertex 6.422606560242603 -1.853689046149987 -1
  endloop
endfacet
facet normal -0 0 -1
  outer loop
    vertex 1.648044815744299 -8.384123306151285 -1
    vertex 1.159908677102487 -8.854883181561499 -1
    vertex 1.077393439757397 -8.146310953850014 -1
  endloop
endfacet
facet normal 0 0 -1
  outer loop
    vertex 5.5 -2 -1
    vertex 6.012398363905791 -2.299999999999999 -1
    vertex 5.5 -2.599999999999999 -1
  endloop
endfacet
facet normal 0 0 -1
  outer loop
    vertex 2 -8 -1
    vertex 1.487601636094209 -7.699999999999999 -1
    vertex 2 -7.400000000000001 -1
  endloop
endfacet
facet normal 0 0 -1
  outer loop
    vertex 6.958734122634723 -2.812500000000009 -1
    vertex 6.967081288695487 -2.171943941051319 -1
    vertex 7.5 -2.500000000000007 -1
  endloop
endfacet
facet normal 0 -0 -1
  outer loop
    vertex 6.249999999999992 0 -1
    vertex 6.567224154315147 -0.5335952468431024 -1
    vertex 5.955520028135826 -0.5342661569398821 -1
  endloop
endfacet
facet normal 0 0 -1
  outer loop
    vertex 0.5412658773652761 -7.187499999999991 -1
    vertex 0.5329187113045126 -7.828056058948681 -1
    vertex 0 -7.499999999999993 -1
  endloop
endfacet
facet normal -0 0 -1
  outer loop
    vertex 7.5 -1.875000000000005 -1
    vertex 6.967081288695487 -2.171943941051319 -1
    vertex 6.958734122634724 -1.562500000000004 -1
  endloop
endfacet
facet normal 0 0 -1
  outer loop
    vertex 1.250000000000008 -10 -1
    vertex 0.9327758456848536 -9.466404753156898 -1
    vertex 1.544479971864174 -9.465733843060118 -1
  endloop
endfacet
facet normal 0 0 -1
  outer loop
    vertex 5.955520028135826 -0.5342661569398821 -1
    vertex 5.314645241444729 -0.5160625174504272 -1
    vertex 5.624999999999988 0 -1
  endloop
endfacet
facet normal 0 0 -1
  outer loop
    vertex 6.958734122634723 -4.062500000000013 -1
    vertex 6.958734122634725 -3.437500000000011 -1
    vertex 7.5 -3.750000000000012 -1
  endloop
endfacet
facet normal 0 0 -1
  outer loop
    vertex 0 -8.124999999999995 -1
    vertex 0.5329187113045126 -7.828056058948681 -1
    vertex 0.5412658773652756 -8.437499999999996 -1
  endloop
endfacet
facet normal 0 0 -1
  outer loop
    vertex 0 -6.87499999999999 -1
    vertex 0.5412658773652761 -6.562499999999989 -1
    vertex 0.5412658773652761 -7.187499999999991 -1
  endloop
endfacet
facet normal 0 -0 -1
  outer loop
    vertex 0.5412658773652756 -5.937499999999987 -1
    vertex 0.5412658773652761 -6.562499999999989 -1
    vertex 0 -6.249999999999988 -1
  endloop
endfacet
facet normal 0 0 -1
  outer loop
    vertex 1.544479971864174 -9.465733843060118 -1
    vertex 2.185354758555271 -9.483937482549571 -1
    vertex 1.875000000000012 -10 -1
  endloop
endfacet
facet normal -0 0 -1
  outer loop
    vertex 7.5 -3.12500000000001 -1
    vertex 6.958734122634725 -3.437500000000011 -1
    vertex 6.958734122634723 -2.812500000000009 -1
  endloop
endfacet
facet normal -0 0 -1
  outer loop
    vertex 7.5 -4.375000000000014 -1
    vertex 6.965941474548771 -4.687500000000014 -1
    vertex 6.958734122634723 -4.062500000000013 -1
  endloop
endfacet
facet normal 0 0 -1
  outer loop
    vertex 0 -5.624999999999986 -1
    vertex 0.5340585254512291 -5.312499999999985 -1
    vertex 0.5412658773652756 -5.937499999999987 -1
  endloop
endfacet
facet normal 0 0 -1
  outer loop
    vertex 2.500000000000015 -10 -1
    vertex 2.185354758555271 -9.483937482549571 -1
    vertex 2.812500000000014 -9.46636382309852 -1
  endloop
endfacet
facet normal 0 0 -1
  outer loop
    vertex 4.687499999999986 -0.5336361769014797 -1
    vertex 4.062499999999988 -0.5269525313097994 -1
    vertex 4.374999999999987 0 -1
  endloop
endfacet
facet normal 0 -0 -1
  outer loop
    vertex 4.999999999999985 0 -1
    vertex 5.314645241444729 -0.5160625174504272 -1
    vertex 4.687499999999986 -0.5336361769014797 -1
  endloop
endfacet
facet normal 0 0 -1
  outer loop
    vertex 0.5341562085324281 -1.558597762009597 -1
    vertex 0.5284950289557542 -2.186849627001592 -1
    vertex 0 -1.874999999999993 -1
  endloop
endfacet
facet normal 0 0 -1
  outer loop
    vertex 6.965641787572105 -5.312500000000015 -1
    vertex 6.965941474548771 -4.687500000000014 -1
    vertex 7.5 -5.000000000000017 -1
  endloop
endfacet
facet normal 0 0 -1
  outer loop
    vertex 0.5343582124278945 -4.687499999999984 -1
    vertex 0.5340585254512291 -5.312499999999985 -1
    vertex 0 -4.999999999999983 -1
  endloop
endfacet
facet normal 0 0 -1
  outer loop
    vertex 0 -4.374999999999984 -1
    vertex 0.5412658773652721 -4.062499999999985 -1
    vertex 0.5343582124278945 -4.687499999999984 -1
  endloop
endfacet
facet normal 0 0 -1
  outer loop
    vertex 6.95970083248424 -8.441402237990403 -1
    vertex 6.970481144547024 -7.813150372998408 -1
    vertex 7.5 -8.125000000000007 -1
  endloop
endfacet
facet normal 0 -0 -1
  outer loop
    vertex 0.5284950289557542 -2.186849627001592 -1
    vertex 0.5412658773652712 -2.81249999999999 -1
    vertex 0 -2.499999999999991 -1
  endloop
endfacet
facet normal -0 0 -1
  outer loop
    vertex 7.5 -5.625000000000016 -1
    vertex 6.958734122634728 -5.937500000000015 -1
    vertex 6.965641787572105 -5.312500000000015 -1
  endloop
endfacet
facet normal 0 -0 -1
  outer loop
    vertex 1.874999999999995 0 -1
    vertex 2.182345972595568 -0.5361959121574227 -1
    vertex 1.53157583557344 -0.5779741027153147 -1
  endloop
endfacet
facet normal 0 0 -1
  outer loop
    vertex 3.43749999999999 -0.5345840510917128 -1
    vertex 2.812186951688256 -0.5301231201962597 -1
    vertex 3.124999999999991 0 -1
  endloop
endfacet
facet normal 0 -0 -1
  outer loop
    vertex 2.499999999999993 0 -1
    vertex 2.812186951688256 -0.5301231201962597 -1
    vertex 2.182345972595568 -0.5361959121574227 -1
  endloop
endfacet
facet normal 0 -0 -1
  outer loop
    vertex 0.5412658773652717 -3.437499999999987 -1
    vertex 0.5412658773652721 -4.062499999999985 -1
    vertex 0 -3.749999999999986 -1
  endloop
endfacet
facet normal 0 0 -1
  outer loop
    vertex 4.06250000000001 -9.465415948908287 -1
    vertex 4.683505523997531 -9.4578767884513 -1
    vertex 4.375000000000009 -10 -1
  endloop
endfacet
facet normal 0 0 -1
  outer loop
    vertex 2.812500000000014 -9.46636382309852 -1
    vertex 3.437500000000012 -9.473047468690201 -1
    vertex 3.125000000000013 -10 -1
  endloop
endfacet
facet normal 0 -0 -1
  outer loop
    vertex 3.749999999999989 0 -1
    vertex 4.062499999999988 -0.5269525313097994 -1
    vertex 3.43749999999999 -0.5345840510917128 -1
  endloop
endfacet
facet normal 0 0 -1
  outer loop
    vertex 5.976584963365451 -9.389925076548064 -1
    vertex 6.568558518784599 -9.460488489381147 -1
    vertex 6.250000000000004 -10 -1
  endloop
endfacet
facet normal 0 0 -1
  outer loop
    vertex 0 -3.124999999999988 -1
    vertex 0.5412658773652712 -2.81249999999999 -1
    vertex 0.5412658773652717 -3.437499999999987 -1
  endloop
endfacet
facet normal 0 0 -1
  outer loop
    vertex 6.958734122634729 -6.562500000000013 -1
    vertex 6.958734122634728 -5.937500000000015 -1
    vertex 7.5 -6.250000000000014 -1
  endloop
endfacet
facet normal -0 0 -1
  outer loop
    vertex 7.5 -6.875000000000012 -1
    vertex 6.958734122634729 -7.187500000000011 -1
    vertex 6.958734122634729 -6.562500000000013 -1
  endloop
endfacet
facet normal 0 0 -1
  outer loop
    vertex 3.750000000000011 -10 -1
    vertex 3.437500000000012 -9.473047468690201 -1
    vertex 4.06250000000001 -9.465415948908287 -1
  endloop
endfacet
facet normal 0 0 -1
  outer loop
    vertex 6.970481144547024 -7.813150372998408 -1
    vertex 6.958734122634729 -7.187500000000011 -1
    vertex 7.5 -7.500000000000009 -1
  endloop
endfacet
facet normal 0 0 -1
  outer loop
    vertex 2 -3.800000000000006 -1
    vertex 1.493843736001061 -3.472222222222219 -1
    vertex 2 -3.200000000000004 -1
  endloop
endfacet
facet normal 0 0 -1
  outer loop
    vertex 5.5 -6.199999999999994 -1
    vertex 6.006156263998939 -6.52777777777778 -1
    vertex 5.5 -6.799999999999996 -1
  endloop
endfacet
facet normal 0 0 -1
  outer loop
    vertex 5.5 -3.799999999999996 -1
    vertex 6.005244354463619 -4.083673469387758 -1
    vertex 5.5 -4.399999999999995 -1
  endloop
endfacet
facet normal 0 0 -1
  outer loop
    vertex 5.5 -5.599999999999993 -1
    vertex 6.008004545443685 -5.912500000000001 -1
    vertex 5.5 -6.199999999999994 -1
  endloop
endfacet
facet normal 0 0 -1
  outer loop
    vertex 2 -4.400000000000007 -1
    vertex 1.491995454556315 -4.087499999999999 -1
    vertex 2 -3.800000000000006 -1
  endloop
endfacet
facet normal 0 0 -1
  outer loop
    vertex 2 -3.200000000000004 -1
    vertex 1.493174098517447 -2.870833333333333 -1
    vertex 2 -2.600000000000002 -1
  endloop
endfacet
facet normal 0 0 -1
  outer loop
    vertex 2 -6.200000000000004 -1
    vertex 1.494755645536381 -5.916326530612242 -1
    vertex 2 -5.600000000000005 -1
  endloop
endfacet
facet normal 0 0 -1
  outer loop
    vertex 2 -7.400000000000001 -1
    vertex 1.491189131073106 -7.132638888888886 -1
    vertex 2 -6.800000000000002 -1
  endloop
endfacet
facet normal 0 0 -1
  outer loop
    vertex 5.5 -6.799999999999996 -1
    vertex 6.006825901482553 -7.129166666666667 -1
    vertex 5.5 -7.399999999999998 -1
  endloop
endfacet
facet normal 0 0 -1
  outer loop
    vertex 5.5 -2.599999999999999 -1
    vertex 6.008810868926894 -2.867361111111114 -1
    vertex 5.5 -3.199999999999998 -1
  endloop
endfacet
facet normal 0 0 -1
  outer loop
    vertex 5.5 -3.199999999999998 -1
    vertex 6.010222936934783 -3.479166666666669 -1
    vertex 5.5 -3.799999999999996 -1
  endloop
endfacet
facet normal 0 0 -1
  outer loop
    vertex 2 -5.000000000000007 -1
    vertex 1.497565608091772 -4.69410430839002 -1
    vertex 2 -4.400000000000007 -1
  endloop
endfacet
facet normal 0 0 -1
  outer loop
    vertex 5.5 -4.999999999999993 -1
    vertex 6.002434391908226 -5.305895691609976 -1
    vertex 5.5 -5.599999999999993 -1
  endloop
endfacet
facet normal 0 0 -1
  outer loop
    vertex 2 -5.600000000000005 -1
    vertex 1.487553598273824 -5.302125850340139 -1
    vertex 2 -5.000000000000007 -1
  endloop
endfacet
facet normal 0 0 -1
  outer loop
    vertex 5.5 -4.399999999999995 -1
    vertex 6.012446401726175 -4.697874149659859 -1
    vertex 5.5 -4.999999999999993 -1
  endloop
endfacet
facet normal 0 0 -1
  outer loop
    vertex 2 -6.800000000000002 -1
    vertex 1.489777063065217 -6.520833333333331 -1
    vertex 2 -6.200000000000004 -1
  endloop
endfacet
facet normal -0 0 -1
  outer loop
    vertex 4.916666666666665 -8 -1
    vertex 4.63048815432222 -8.494220213584747 -1
    vertex 4.333333333333331 -8 -1
  endloop
endfacet
facet normal 0 0 -1
  outer loop
    vertex 3.750000000000003 -2 -1
    vertex 4.048611111111109 -1.500114519250705 -1
    vertex 4.333333333333337 -2 -1
  endloop
endfacet
facet normal 0 0 -1
  outer loop
    vertex 2.583333333333335 -2 -1
    vertex 2.854166666666665 -1.498475197374969 -1
    vertex 3.166666666666669 -2 -1
  endloop
endfacet
facet normal -0 0 -1
  outer loop
    vertex 3.749999999999997 -8 -1
    vertex 3.451388888888891 -8.499885480749295 -1
    vertex 3.166666666666663 -8 -1
  endloop
endfacet
facet normal 0 0 -1
  outer loop
    vertex 4.333333333333337 -2 -1
    vertex 4.653472222222217 -1.496641302462869 -1
    vertex 4.916666666666669 -2 -1
  endloop
endfacet
facet normal -0 0 -1
  outer loop
    vertex 3.166666666666663 -8 -1
    vertex 2.846527777777783 -8.503358697537131 -1
    vertex 2.583333333333331 -8 -1
  endloop
endfacet
facet normal -0 0 -1
  outer loop
    vertex 4.333333333333331 -8 -1
    vertex 4.048368396090743 -8.497175934624664 -1
    vertex 3.749999999999997 -8 -1
  endloop
endfacet
facet normal -0 0 -1
  outer loop
    vertex 2.583333333333331 -8 -1
    vertex 2.252777777777782 -8.509468670124333 -1
    vertex 2 -8 -1
  endloop
endfacet
facet normal 0 0 -1
  outer loop
    vertex 4.916666666666669 -2 -1
    vertex 5.247222222222218 -1.490531329875667 -1
    vertex 5.5 -2 -1
  endloop
endfacet
facet normal 0 0 -1
  outer loop
    vertex 3.166666666666669 -2 -1
    vertex 3.449074074074071 -1.501606633868622 -1
    vertex 3.750000000000003 -2 -1
  endloop
endfacet
facet normal 0 0 -1
  outer loop
    vertex 5.5 -7.399999999999998 -1
    vertex 5.981050345691507 -7.740113402740758 -1
    vertex 5.5 -8 -1
  endloop
endfacet
facet normal 0 0 -1
  outer loop
    vertex 2 -2.600000000000002 -1
    vertex 1.501508911772197 -2.300000000000002 -1
    vertex 2 -2 -1
  endloop
endfacet
facet normal -0 0 -1
  outer loop
    vertex 5.5 -8 -1
    vertex 5.235860145048609 -8.458850675149531 -1
    vertex 4.916666666666665 -8 -1
  endloop
endfacet
facet normal 0 0 -1
  outer loop
    vertex 0.5412658773652756 -8.437499999999996 -1
    vertex 0.5041273270587157 -9.064861793452877 -1
    vertex 0 -8.749999999999996 -1
  endloop
endfacet
facet normal 0 0 -1
  outer loop
    vertex 6.958734122634724 -1.562500000000004 -1
    vertex 6.995872672941284 -0.9351382065471219 -1
    vertex 7.5 -1.250000000000003 -1
  endloop
endfacet
facet normal -0 0 -1
  outer loop
    vertex 7.5 -8.750000000000005 -1
    vertex 6.999599210698609 -9.062500000000002 -1
    vertex 6.95970083248424 -8.441402237990403 -1
  endloop
endfacet
facet normal 0 0 -1
  outer loop
    vertex 5.247222222222218 -1.490531329875667 -1
    vertex 5.851955184255701 -1.615876693848715 -1
    vertex 5.5 -2 -1
  endloop
endfacet
facet normal 0 0 -1
  outer loop
    vertex 2.252777777777782 -8.509468670124333 -1
    vertex 1.648044815744299 -8.384123306151285 -1
    vertex 2 -8 -1
  endloop
endfacet
facet normal 0 0 -1
  outer loop
    vertex 6.36781180086027 -8.794766651365524 -1
    vertex 5.911955686489187 -8.32015949424801 -1
    vertex 6.458886184188975 -8.091354255529868 -1
  endloop
endfacet
facet normal 0 0 -1
  outer loop
    vertex 2 -2 -1
    vertex 2.291666666666667 -1.502671722878874 -1
    vertex 2.583333333333335 -2 -1
  endloop
endfacet
facet normal 0 0 -1
  outer loop
    vertex 7.5 -1.250000000000003 -1
    vertex 6.995872672941284 -0.9351382065471219 -1
    vertex 7.5 -0.6250000000000013 -1
  endloop
endfacet
facet normal 0 0 -1
  outer loop
    vertex 7.5 -9.375000000000002 -1
    vertex 6.999599210698609 -9.062500000000002 -1
    vertex 7.5 -8.750000000000005 -1
  endloop
endfacet
facet normal 0 0 -1
  outer loop
    vertex 0 -8.749999999999996 -1
    vertex 0.5041273270587157 -9.064861793452877 -1
    vertex 0 -9.374999999999998 -1
  endloop
endfacet
facet normal 0 0 -1
  outer loop
    vertex 4.999999999999986 -0.9895941217777642 -1
    vertex 5.618238999825995 -1.048574606388493 -1
    vertex 5.247222222222218 -1.490531329875667 -1
  endloop
endfacet
facet normal 0 0 -1
  outer loop
    vertex 2.500000000000017 -9.010405878222233 -1
    vertex 1.881761000174005 -8.951425393611505 -1
    vertex 2.252777777777782 -8.509468670124333 -1
  endloop
endfacet
facet normal 0 0 -1
  outer loop
    vertex 5.5 -6.799999999999996 -1
    vertex 6.006156263998939 -6.52777777777778 -1
    vertex 6.006825901482553 -7.129166666666667 -1
  endloop
endfacet
facet normal -0 0 -1
  outer loop
    vertex 2 -3.200000000000004 -1
    vertex 1.493843736001061 -3.472222222222219 -1
    vertex 1.493174098517447 -2.870833333333333 -1
  endloop
endfacet
facet normal 0 0 -1
  outer loop
    vertex 5.5 -5.599999999999993 -1
    vertex 6.002434391908226 -5.305895691609976 -1
    vertex 6.008004545443685 -5.912500000000001 -1
  endloop
endfacet
facet normal 0 0 -1
  outer loop
    vertex 1.491995454556315 -4.087499999999999 -1
    vertex 1.493843736001061 -3.472222222222219 -1
    vertex 2 -3.800000000000006 -1
  endloop
endfacet
facet normal -0 0 -1
  outer loop
    vertex 2 -4.400000000000007 -1
    vertex 1.497565608091772 -4.69410430839002 -1
    vertex 1.491995454556315 -4.087499999999999 -1
  endloop
endfacet
facet normal 0 0 -1
  outer loop
    vertex 6.008004545443685 -5.912500000000001 -1
    vertex 6.006156263998939 -6.52777777777778 -1
    vertex 5.5 -6.199999999999994 -1
  endloop
endfacet
facet normal 0 0 -1
  outer loop
    vertex 5.5 -4.399999999999995 -1
    vertex 6.005244354463619 -4.083673469387758 -1
    vertex 6.012446401726175 -4.697874149659859 -1
  endloop
endfacet
facet normal 0 0 -1
  outer loop
    vertex 1.489777063065217 -6.520833333333331 -1
    vertex 1.494755645536381 -5.916326530612242 -1
    vertex 2 -6.200000000000004 -1
  endloop
endfacet
facet normal 0 0 -1
  outer loop
    vertex 6.010222936934783 -3.479166666666669 -1
    vertex 6.005244354463619 -4.083673469387758 -1
    vertex 5.5 -3.799999999999996 -1
  endloop
endfacet
facet normal 0 0 -1
  outer loop
    vertex 6.012446401726175 -4.697874149659859 -1
    vertex 6.002434391908226 -5.305895691609976 -1
    vertex 5.5 -4.999999999999993 -1
  endloop
endfacet
facet normal -0 0 -1
  outer loop
    vertex 2 -5.600000000000005 -1
    vertex 1.494755645536381 -5.916326530612242 -1
    vertex 1.487553598273824 -5.302125850340139 -1
  endloop
endfacet
facet normal 0 0 -1
  outer loop
    vertex 5.5 -3.199999999999998 -1
    vertex 6.008810868926894 -2.867361111111114 -1
    vertex 6.010222936934783 -3.479166666666669 -1
  endloop
endfacet
facet normal -0 0 -1
  outer loop
    vertex 2 -6.800000000000002 -1
    vertex 1.491189131073106 -7.132638888888886 -1
    vertex 1.489777063065217 -6.520833333333331 -1
  endloop
endfacet
facet normal 0 0 -1
  outer loop
    vertex 1.487553598273824 -5.302125850340139 -1
    vertex 1.497565608091772 -4.69410430839002 -1
    vertex 2 -5.000000000000007 -1
  endloop
endfacet
facet normal 0 0 -1
  outer loop
    vertex 0 -1.249999999999995 -1
    vertex 0.4737208061503164 -0.9362878331162348 -1
    vertex 0.5341562085324281 -1.558597762009597 -1
  endloop
endfacet
facet normal 0 0 -1
  outer loop
    vertex 6.012398363905791 -2.299999999999999 -1
    vertex 6.008810868926894 -2.867361111111114 -1
    vertex 5.5 -2.599999999999999 -1
  endloop
endfacet
facet normal 0 0 -1
  outer loop
    vertex 1.487601636094209 -7.699999999999999 -1
    vertex 1.491189131073106 -7.132638888888886 -1
    vertex 2 -7.400000000000001 -1
  endloop
endfacet
facet normal 0 -0 -1
  outer loop
    vertex 2.182345972595568 -0.5361959121574227 -1
    vertex 2.499999999999993 -0.9937531030387872 -1
    vertex 1.868844629889622 -1.078913694931103 -1
  endloop
endfacet
facet normal 0 0 -1
  outer loop
    vertex 1.03276858839423 -1.886195615926565 -1
    vertex 0.9913656980116676 -2.499999999999993 -1
    vertex 0.5284950289557542 -2.186849627001592 -1
  endloop
endfacet
facet normal 0 0 -1
  outer loop
    vertex 6.458886184188975 -8.091354255529868 -1
    vertex 6.501622755715221 -7.492897260600438 -1
    vertex 6.970481144547024 -7.813150372998408 -1
  endloop
endfacet
facet normal 0 0 -1
  outer loop
    vertex 7.5 -10 -1
    vertex 7.045650459653089 -9.545650459653089 -1
    vertex 7.5 -9.375000000000002 -1
  endloop
endfacet
facet normal 0 0 -1
  outer loop
    vertex 6.875000000000002 -10 -1
    vertex 7.045650459653089 -9.545650459653089 -1
    vertex 7.5 -10 -1
  endloop
endfacet
facet normal 0 0 -1
  outer loop
    vertex 0 -9.374999999999998 -1
    vertex 0.45434954034691 -9.545650459653089 -1
    vertex 0 -10 -1
  endloop
endfacet
facet normal 0 0 -1
  outer loop
    vertex 0 -10 -1
    vertex 0.45434954034691 -9.545650459653089 -1
    vertex 0.6250000000000044 -10 -1
  endloop
endfacet
facet normal 0 0 -1
  outer loop
    vertex 7.5 -0.6250000000000013 -1
    vertex 7.04565045965309 -0.4543495403469109 -1
    vertex 7.5 0 -1
  endloop
endfacet
facet normal -0 0 -1
  outer loop
    vertex 7.5 0 -1
    vertex 7.04565045965309 -0.4543495403469109 -1
    vertex 6.874999999999996 0 -1
  endloop
endfacet
facet normal 0 0 -1
  outer loop
    vertex 6.006825901482553 -7.129166666666667 -1
    vertex 5.981050345691507 -7.740113402740758 -1
    vertex 5.5 -7.399999999999998 -1
  endloop
endfacet
facet normal 0 0 -1
  outer loop
    vertex 1.493174098517447 -2.870833333333333 -1
    vertex 1.501508911772197 -2.300000000000002 -1
    vertex 2 -2.600000000000002 -1
  endloop
endfacet
facet normal 0 0 -1
  outer loop
    vertex 5.247222222222218 -1.490531329875667 -1
    vertex 5.618238999825995 -1.048574606388493 -1
    vertex 5.851955184255701 -1.615876693848715 -1
  endloop
endfacet
facet normal -0 0 -1
  outer loop
    vertex 2.252777777777782 -8.509468670124333 -1
    vertex 1.881761000174005 -8.951425393611505 -1
    vertex 1.648044815744299 -8.384123306151285 -1
  endloop
endfacet
facet normal -0 0 -1
  outer loop
    vertex 1.491189131073106 -7.132638888888886 -1
    vertex 0.9839708636877207 -7.499999999999995 -1
    vertex 0.9857852235914906 -6.87499999999999 -1
  endloop
endfacet
facet normal 0 0 -1
  outer loop
    vertex 6.008810868926894 -2.867361111111114 -1
    vertex 6.516029136312278 -2.500000000000008 -1
    vertex 6.514214776408509 -3.125000000000011 -1
  endloop
endfacet
facet normal 0 0 -1
  outer loop
    vertex 4.374999999999987 -0.99960784387308 -1
    vertex 4.999999999999986 -0.9895941217777642 -1
    vertex 4.653472222222217 -1.496641302462869 -1
  endloop
endfacet
facet normal -0 0 -1
  outer loop
    vertex 3.125000000000013 -9.000392156126921 -1
    vertex 2.500000000000017 -9.010405878222233 -1
    vertex 2.846527777777783 -8.503358697537131 -1
  endloop
endfacet
facet normal 0 0 -1
  outer loop
    vertex 0 0 -1
    vertex 0.4477645087463826 -0.4477645087463813 -1
    vertex 0 -0.6249999999999982 -1
  endloop
endfacet
facet normal -0 0 -1
  outer loop
    vertex 0.6249999999999987 0 -1
    vertex 0.4477645087463826 -0.4477645087463813 -1
    vertex 0 0 -1
  endloop
endfacet
facet normal 0 0 -1
  outer loop
    vertex 2.854166666666665 -1.498475197374969 -1
    vertex 2.499999999999993 -0.9937531030387872 -1
    vertex 3.124999999999991 -0.9996078438730702 -1
  endloop
endfacet
facet normal -0 0 -1
  outer loop
    vertex 4.63048815432222 -8.494220213584747 -1
    vertex 4.048368396090743 -8.497175934624664 -1
    vertex 4.333333333333331 -8 -1
  endloop
endfacet
facet normal 0 0 -1
  outer loop
    vertex 2.854166666666665 -1.498475197374969 -1
    vertex 3.449074074074071 -1.501606633868622 -1
    vertex 3.166666666666669 -2 -1
  endloop
endfacet
facet normal 0 -0 -1
  outer loop
    vertex 3.749999999999997 -8 -1
    vertex 4.048368396090743 -8.497175934624664 -1
    vertex 3.451388888888891 -8.499885480749295 -1
  endloop
endfacet
facet normal 0 0 -1
  outer loop
    vertex 4.048611111111109 -1.500114519250705 -1
    vertex 4.653472222222217 -1.496641302462869 -1
    vertex 4.333333333333337 -2 -1
  endloop
endfacet
facet normal 0 0 -1
  outer loop
    vertex 3.750000000000003 -2 -1
    vertex 3.449074074074071 -1.501606633868622 -1
    vertex 4.048611111111109 -1.500114519250705 -1
  endloop
endfacet
facet normal 0 0 -1
  outer loop
    vertex 4.916666666666669 -2 -1
    vertex 4.653472222222217 -1.496641302462869 -1
    vertex 5.247222222222218 -1.490531329875667 -1
  endloop
endfacet
facet normal -0 0 -1
  outer loop
    vertex 3.451388888888891 -8.499885480749295 -1
    vertex 2.846527777777783 -8.503358697537131 -1
    vertex 3.166666666666663 -8 -1
  endloop
endfacet
facet normal 0 -0 -1
  outer loop
    vertex 2.583333333333331 -8 -1
    vertex 2.846527777777783 -8.503358697537131 -1
    vertex 2.252777777777782 -8.509468670124333 -1
  endloop
endfacet
facet normal -0 0 -1
  outer loop
    vertex 1.493174098517447 -2.870833333333333 -1
    vertex 0.9857852235914812 -3.124999999999988 -1
    vertex 0.9913656980116676 -2.499999999999993 -1
  endloop
endfacet
facet normal 0 0 -1
  outer loop
    vertex 6.006825901482553 -7.129166666666667 -1
    vertex 6.514214776408519 -6.875000000000012 -1
    vertex 6.501622755715221 -7.492897260600438 -1
  endloop
endfacet
facet normal 0 -0 -1
  outer loop
    vertex 4.916666666666665 -8 -1
    vertex 5.235860145048609 -8.458850675149531 -1
    vertex 4.63048815432222 -8.494220213584747 -1
  endloop
endfacet
facet normal 0 0 -1
  outer loop
    vertex 5.981050345691507 -7.740113402740758 -1
    vertex 5.911955686489187 -8.32015949424801 -1
    vertex 5.5 -8 -1
  endloop
endfacet
facet normal 0 0 -1
  outer loop
    vertex 2.583333333333335 -2 -1
    vertex 2.291666666666667 -1.502671722878874 -1
    vertex 2.854166666666665 -1.498475197374969 -1
  endloop
endfacet
facet normal 0 0 -1
  outer loop
    vertex 0.9921076393411212 -3.749999999999985 -1
    vertex 0.9857852235914812 -3.124999999999988 -1
    vertex 1.493843736001061 -3.472222222222219 -1
  endloop
endfacet
facet normal 0 -0 -1
  outer loop
    vertex 6.507892360658879 -6.250000000000015 -1
    vertex 6.514214776408519 -6.875000000000012 -1
    vertex 6.006156263998939 -6.52777777777778 -1
  endloop
endfacet
facet normal -0 0 -1
  outer loop
    vertex 1.489777063065217 -6.520833333333331 -1
    vertex 0.9857852235914906 -6.87499999999999 -1
    vertex 0.9921076393411332 -6.249999999999987 -1
  endloop
endfacet
facet normal 0 0 -1
  outer loop
    vertex 6.010222936934783 -3.479166666666669 -1
    vertex 6.514214776408509 -3.125000000000011 -1
    vertex 6.507892360658866 -3.750000000000012 -1
  endloop
endfacet
facet normal 0 0 -1
  outer loop
    vertex 0 -0.6249999999999982 -1
    vertex 0.4737208061503164 -0.9362878331162348 -1
    vertex 0 -1.249999999999995 -1
  endloop
endfacet
facet normal 0 -0 -1
  outer loop
    vertex 4.048368396090743 -8.497175934624664 -1
    vertex 4.364841505578264 -8.991915764668006 -1
    vertex 3.749959547496613 -8.989384857537715 -1
  endloop
endfacet
facet normal 0 0 -1
  outer loop
    vertex 3.449074074074071 -1.501606633868622 -1
    vertex 3.124999999999991 -0.9996078438730702 -1
    vertex 3.749614197530856 -1.010412237211166 -1
  endloop
endfacet
facet normal -0 0 -1
  outer loop
    vertex 3.749959547496613 -8.989384857537715 -1
    vertex 3.125000000000013 -9.000392156126921 -1
    vertex 3.451388888888891 -8.499885480749295 -1
  endloop
endfacet
facet normal 0 0 -1
  outer loop
    vertex 3.749614197530856 -1.010412237211166 -1
    vertex 4.374999999999987 -0.99960784387308 -1
    vertex 4.048611111111109 -1.500114519250705 -1
  endloop
endfacet
facet normal 0 0 -1
  outer loop
    vertex 1.487601636094209 -7.699999999999999 -1
    vertex 0.9839708636877207 -7.499999999999995 -1
    vertex 1.491189131073106 -7.132638888888886 -1
  endloop
endfacet
facet normal 0 -0 -1
  outer loop
    vertex 6.012398363905791 -2.299999999999999 -1
    vertex 6.516029136312278 -2.500000000000008 -1
    vertex 6.008810868926894 -2.867361111111114 -1
  endloop
endfacet
facet normal 0 0 -1
  outer loop
    vertex 1.493174098517447 -2.870833333333333 -1
    vertex 0.9913656980116676 -2.499999999999993 -1
    vertex 1.501508911772197 -2.300000000000002 -1
  endloop
endfacet
facet normal 0 -0 -1
  outer loop
    vertex 6.006825901482553 -7.129166666666667 -1
    vertex 6.501622755715221 -7.492897260600438 -1
    vertex 5.981050345691507 -7.740113402740758 -1
  endloop
endfacet
facet normal 0 0 -1
  outer loop
    vertex 0.9990955725380939 -4.374999999999984 -1
    vertex 0.9921076393411212 -3.749999999999985 -1
    vertex 1.491995454556315 -4.087499999999999 -1
  endloop
endfacet
facet normal 0 -0 -1
  outer loop
    vertex 6.500904427461906 -5.625000000000016 -1
    vertex 6.507892360658879 -6.250000000000015 -1
    vertex 6.008004545443685 -5.912500000000001 -1
  endloop
endfacet
facet normal 0 0 -1
  outer loop
    vertex 6.005244354463619 -4.083673469387758 -1
    vertex 6.507892360658866 -3.750000000000012 -1
    vertex 6.500904427461892 -4.375000000000017 -1
  endloop
endfacet
facet normal -0 0 -1
  outer loop
    vertex 1.494755645536381 -5.916326530612242 -1
    vertex 0.9921076393411332 -6.249999999999987 -1
    vertex 0.9990955725381077 -5.624999999999984 -1
  endloop
endfacet
facet normal -0 0 -1
  outer loop
    vertex 1.501508911772197 -2.300000000000002 -1
    vertex 0.9913656980116676 -2.499999999999993 -1
    vertex 1.03276858839423 -1.886195615926565 -1
  endloop
endfacet
facet normal 0 0 -1
  outer loop
    vertex 5.981050345691507 -7.740113402740758 -1
    vertex 6.501622755715221 -7.492897260600438 -1
    vertex 6.458886184188975 -8.091354255529868 -1
  endloop
endfacet
facet normal 0 -0 -1
  outer loop
    vertex 6.493250976817588 -4.999999999999993 -1
    vertex 6.500904427461906 -5.625000000000016 -1
    vertex 6.002434391908226 -5.305895691609976 -1
  endloop
endfacet
facet normal 0 0 -1
  outer loop
    vertex 1.006749023182397 -4.999999999999985 -1
    vertex 0.9990955725380939 -4.374999999999984 -1
    vertex 1.497565608091772 -4.69410430839002 -1
  endloop
endfacet
facet normal -0 0 -1
  outer loop
    vertex 1.487553598273824 -5.302125850340139 -1
    vertex 0.9990955725381077 -5.624999999999984 -1
    vertex 1.006749023182397 -4.999999999999985 -1
  endloop
endfacet
facet normal 0 0 -1
  outer loop
    vertex 6.012446401726175 -4.697874149659859 -1
    vertex 6.500904427461892 -4.375000000000017 -1
    vertex 6.493250976817588 -4.999999999999993 -1
  endloop
endfacet
facet normal 0 0 -1
  outer loop
    vertex 1.868844629889622 -1.078913694931103 -1
    vertex 2.499999999999993 -0.9937531030387872 -1
    vertex 2.291666666666667 -1.502671722878874 -1
  endloop
endfacet
facet normal 0 0 -1
  outer loop
    vertex 1.493843736001061 -3.472222222222219 -1
    vertex 0.9857852235914812 -3.124999999999988 -1
    vertex 1.493174098517447 -2.870833333333333 -1
  endloop
endfacet
facet normal 0 0 -1
  outer loop
    vertex 6.006156263998939 -6.52777777777778 -1
    vertex 6.514214776408519 -6.875000000000012 -1
    vertex 6.006825901482553 -7.129166666666667 -1
  endloop
endfacet
facet normal 0 0 -1
  outer loop
    vertex 1.491189131073106 -7.132638888888886 -1
    vertex 0.9857852235914906 -6.87499999999999 -1
    vertex 1.489777063065217 -6.520833333333331 -1
  endloop
endfacet
facet normal 0 0 -1
  outer loop
    vertex 6.008810868926894 -2.867361111111114 -1
    vertex 6.514214776408509 -3.125000000000011 -1
    vertex 6.010222936934783 -3.479166666666669 -1
  endloop
endfacet
facet normal 0 -0 -1
  outer loop
    vertex 1.126884638175715 -1.172199911715868 -1
    vertex 1.591979447752063 -1.602039610214135 -1
    vertex 1.03276858839423 -1.886195615926565 -1
  endloop
endfacet
facet normal 0 0 -1
  outer loop
    vertex 4.653472222222217 -1.496641302462869 -1
    vertex 4.999999999999986 -0.9895941217777642 -1
    vertex 5.247222222222218 -1.490531329875667 -1
  endloop
endfacet
facet normal 0 0 -1
  outer loop
    vertex 2.846527777777783 -8.503358697537131 -1
    vertex 2.500000000000017 -9.010405878222233 -1
    vertex 2.252777777777782 -8.509468670124333 -1
  endloop
endfacet
facet normal 0 0 -1
  outer loop
    vertex 2.291666666666667 -1.502671722878874 -1
    vertex 2.499999999999993 -0.9937531030387872 -1
    vertex 2.854166666666665 -1.498475197374969 -1
  endloop
endfacet
facet normal 0 0 -1
  outer loop
    vertex 4.062499999999988 -0.5269525313097994 -1
    vertex 3.749614197530856 -1.010412237211166 -1
    vertex 3.43749999999999 -0.5345840510917128 -1
  endloop
endfacet
facet normal 0 0 -1
  outer loop
    vertex 3.437500000000012 -9.473047468690201 -1
    vertex 3.749959547496613 -8.989384857537715 -1
    vertex 4.06250000000001 -9.465415948908287 -1
  endloop
endfacet
facet normal 0 0 -1
  outer loop
    vertex 6.965641787572105 -5.312500000000015 -1
    vertex 6.493250976817588 -4.999999999999993 -1
    vertex 6.965941474548771 -4.687500000000014 -1
  endloop
endfacet
facet normal 0 -0 -1
  outer loop
    vertex 0.5343582124278945 -4.687499999999984 -1
    vertex 1.006749023182397 -4.999999999999985 -1
    vertex 0.5340585254512291 -5.312499999999985 -1
  endloop
endfacet
facet normal 0 0 -1
  outer loop
    vertex 1.491995454556315 -4.087499999999999 -1
    vertex 0.9921076393411212 -3.749999999999985 -1
    vertex 1.493843736001061 -3.472222222222219 -1
  endloop
endfacet
facet normal 0 -0 -1
  outer loop
    vertex 6.008004545443685 -5.912500000000001 -1
    vertex 6.507892360658879 -6.250000000000015 -1
    vertex 6.006156263998939 -6.52777777777778 -1
  endloop
endfacet
facet normal 0 -0 -1
  outer loop
    vertex 6.010222936934783 -3.479166666666669 -1
    vertex 6.507892360658866 -3.750000000000012 -1
    vertex 6.005244354463619 -4.083673469387758 -1
  endloop
endfacet
facet normal 0 0 -1
  outer loop
    vertex 1.489777063065217 -6.520833333333331 -1
    vertex 0.9921076393411332 -6.249999999999987 -1
    vertex 1.494755645536381 -5.916326530612242 -1
  endloop
endfacet
facet normal 0 -0 -1
  outer loop
    vertex 4.062499999999988 -0.5269525313097994 -1
    vertex 4.374999999999987 -0.99960784387308 -1
    vertex 3.749614197530856 -1.010412237211166 -1
  endloop
endfacet
facet normal 0 0 -1
  outer loop
    vertex 3.437500000000012 -9.473047468690201 -1
    vertex 3.125000000000013 -9.000392156126921 -1
    vertex 3.749959547496613 -8.989384857537715 -1
  endloop
endfacet
facet normal 0 0 -1
  outer loop
    vertex 3.749614197530856 -1.010412237211166 -1
    vertex 3.124999999999991 -0.9996078438730702 -1
    vertex 3.43749999999999 -0.5345840510917128 -1
  endloop
endfacet
facet normal 0 0 -1
  outer loop
    vertex 3.749959547496613 -8.989384857537715 -1
    vertex 4.364841505578264 -8.991915764668006 -1
    vertex 4.06250000000001 -9.465415948908287 -1
  endloop
endfacet
facet normal -0 0 -1
  outer loop
    vertex 6.965641787572105 -5.312500000000015 -1
    vertex 6.500904427461906 -5.625000000000016 -1
    vertex 6.493250976817588 -4.999999999999993 -1
  endloop
endfacet
facet normal 0 0 -1
  outer loop
    vertex 1.006749023182397 -4.999999999999985 -1
    vertex 0.9990955725381077 -5.624999999999984 -1
    vertex 0.5340585254512291 -5.312499999999985 -1
  endloop
endfacet
facet normal 0 0 -1
  outer loop
    vertex 0.5343582124278945 -4.687499999999984 -1
    vertex 0.9990955725380939 -4.374999999999984 -1
    vertex 1.006749023182397 -4.999999999999985 -1
  endloop
endfacet
facet normal 0 0 -1
  outer loop
    vertex 6.493250976817588 -4.999999999999993 -1
    vertex 6.500904427461892 -4.375000000000017 -1
    vertex 6.965941474548771 -4.687500000000014 -1
  endloop
endfacet
facet normal 0 0 -1
  outer loop
    vertex 4.683505523997531 -9.4578767884513 -1
    vertex 4.972218384036093 -8.948226705785569 -1
    vertex 5.304429190273007 -9.407711726508847 -1
  endloop
endfacet
facet normal -0 0 -1
  outer loop
    vertex 4.687499999999986 -0.5336361769014797 -1
    vertex 4.374999999999987 -0.99960784387308 -1
    vertex 4.062499999999988 -0.5269525313097994 -1
  endloop
endfacet
facet normal 0 0 -1
  outer loop
    vertex 2.812500000000014 -9.46636382309852 -1
    vertex 3.125000000000013 -9.000392156126921 -1
    vertex 3.437500000000012 -9.473047468690201 -1
  endloop
endfacet
facet normal -0 0 -1
  outer loop
    vertex 3.43749999999999 -0.5345840510917128 -1
    vertex 3.124999999999991 -0.9996078438730702 -1
    vertex 2.812186951688256 -0.5301231201962597 -1
  endloop
endfacet
facet normal 0 0 -1
  outer loop
    vertex 4.06250000000001 -9.465415948908287 -1
    vertex 4.364841505578264 -8.991915764668006 -1
    vertex 4.683505523997531 -9.4578767884513 -1
  endloop
endfacet
facet normal -0 0 -1
  outer loop
    vertex 6.458886184188975 -8.091354255529868 -1
    vertex 5.911955686489187 -8.32015949424801 -1
    vertex 5.981050345691507 -7.740113402740758 -1
  endloop
endfacet
facet normal 0 0 -1
  outer loop
    vertex 0.5340585254512291 -5.312499999999985 -1
    vertex 0.9990955725381077 -5.624999999999984 -1
    vertex 0.5412658773652756 -5.937499999999987 -1
  endloop
endfacet
facet normal 0 0 -1
  outer loop
    vertex 6.965941474548771 -4.687500000000014 -1
    vertex 6.500904427461892 -4.375000000000017 -1
    vertex 6.958734122634723 -4.062500000000013 -1
  endloop
endfacet
facet normal 0 0 -1
  outer loop
    vertex 6.958734122634728 -5.937500000000015 -1
    vertex 6.500904427461906 -5.625000000000016 -1
    vertex 6.965641787572105 -5.312500000000015 -1
  endloop
endfacet
facet normal 0 -0 -1
  outer loop
    vertex 0.5412658773652721 -4.062499999999985 -1
    vertex 0.9990955725380939 -4.374999999999984 -1
    vertex 0.5343582124278945 -4.687499999999984 -1
  endloop
endfacet
facet normal 0 0 -1
  outer loop
    vertex 3.124999999999991 -0.9996078438730702 -1
    vertex 2.499999999999993 -0.9937531030387872 -1
    vertex 2.812186951688256 -0.5301231201962597 -1
  endloop
endfacet
facet normal 0 0 -1
  outer loop
    vertex 6.500904427461892 -4.375000000000017 -1
    vertex 6.507892360658866 -3.750000000000012 -1
    vertex 6.958734122634723 -4.062500000000013 -1
  endloop
endfacet
facet normal 0 0 -1
  outer loop
    vertex 0.9990955725381077 -5.624999999999984 -1
    vertex 0.9921076393411332 -6.249999999999987 -1
    vertex 0.5412658773652756 -5.937499999999987 -1
  endloop
endfacet
facet normal 0 0 -1
  outer loop
    vertex 0.5412658773652721 -4.062499999999985 -1
    vertex 0.9921076393411212 -3.749999999999985 -1
    vertex 0.9990955725380939 -4.374999999999984 -1
  endloop
endfacet
facet normal -0 0 -1
  outer loop
    vertex 6.958734122634728 -5.937500000000015 -1
    vertex 6.507892360658879 -6.250000000000015 -1
    vertex 6.500904427461906 -5.625000000000016 -1
  endloop
endfacet
facet normal 0 0 -1
  outer loop
    vertex 1.497565608091772 -4.69410430839002 -1
    vertex 0.9990955725380939 -4.374999999999984 -1
    vertex 1.491995454556315 -4.087499999999999 -1
  endloop
endfacet
facet normal 0 0 -1
  outer loop
    vertex 6.002434391908226 -5.305895691609976 -1
    vertex 6.500904427461906 -5.625000000000016 -1
    vertex 6.008004545443685 -5.912500000000001 -1
  endloop
endfacet
facet normal 0 0 -1
  outer loop
    vertex 1.494755645536381 -5.916326530612242 -1
    vertex 0.9990955725381077 -5.624999999999984 -1
    vertex 1.487553598273824 -5.302125850340139 -1
  endloop
endfacet
facet normal 0 0 -1
  outer loop
    vertex 6.005244354463619 -4.083673469387758 -1
    vertex 6.500904427461892 -4.375000000000017 -1
    vertex 6.012446401726175 -4.697874149659859 -1
  endloop
endfacet
facet normal 0 -0 -1
  outer loop
    vertex 4.687499999999986 -0.5336361769014797 -1
    vertex 4.999999999999986 -0.9895941217777642 -1
    vertex 4.374999999999987 -0.99960784387308 -1
  endloop
endfacet
facet normal 0 0 -1
  outer loop
    vertex 2.812500000000014 -9.46636382309852 -1
    vertex 2.500000000000017 -9.010405878222233 -1
    vertex 3.125000000000013 -9.000392156126921 -1
  endloop
endfacet
facet normal 0 0 -1
  outer loop
    vertex 2.854166666666665 -1.498475197374969 -1
    vertex 3.124999999999991 -0.9996078438730702 -1
    vertex 3.449074074074071 -1.501606633868622 -1
  endloop
endfacet
facet normal 0 0 -1
  outer loop
    vertex 4.63048815432222 -8.494220213584747 -1
    vertex 4.364841505578264 -8.991915764668006 -1
    vertex 4.048368396090743 -8.497175934624664 -1
  endloop
endfacet
facet normal 0 0 -1
  outer loop
    vertex 4.048611111111109 -1.500114519250705 -1
    vertex 4.374999999999987 -0.99960784387308 -1
    vertex 4.653472222222217 -1.496641302462869 -1
  endloop
endfacet
facet normal 0 0 -1
  outer loop
    vertex 3.451388888888891 -8.499885480749295 -1
    vertex 3.125000000000013 -9.000392156126921 -1
    vertex 2.846527777777783 -8.503358697537131 -1
  endloop
endfacet
facet normal 0 0 -1
  outer loop
    vertex 0.9070464016080884 -0.5434978557241426 -1
    vertex 0.4477645087463826 -0.4477645087463813 -1
    vertex 0.6249999999999987 0 -1
  endloop
endfacet
facet normal 0 0 -1
  outer loop
    vertex 2.812186951688256 -0.5301231201962597 -1
    vertex 2.499999999999993 -0.9937531030387872 -1
    vertex 2.182345972595568 -0.5361959121574227 -1
  endloop
endfacet
facet normal 0 0 -1
  outer loop
    vertex 6.958734122634723 -4.062500000000013 -1
    vertex 6.507892360658866 -3.750000000000012 -1
    vertex 6.958734122634725 -3.437500000000011 -1
  endloop
endfacet
facet normal 0 0 -1
  outer loop
    vertex 0.5412658773652756 -5.937499999999987 -1
    vertex 0.9921076393411332 -6.249999999999987 -1
    vertex 0.5412658773652761 -6.562499999999989 -1
  endloop
endfacet
facet normal 0 0 -1
  outer loop
    vertex 6.958734122634729 -6.562500000000013 -1
    vertex 6.507892360658879 -6.250000000000015 -1
    vertex 6.958734122634728 -5.937500000000015 -1
  endloop
endfacet
facet normal 0 0 -1
  outer loop
    vertex 0.5412658773652717 -3.437499999999987 -1
    vertex 0.9921076393411212 -3.749999999999985 -1
    vertex 0.5412658773652721 -4.062499999999985 -1
  endloop
endfacet
facet normal 0 0 -1
  outer loop
    vertex 0.5284950289557542 -2.186849627001592 -1
    vertex 0.9913656980116676 -2.499999999999993 -1
    vertex 0.5412658773652712 -2.81249999999999 -1
  endloop
endfacet
facet normal 0 0 -1
  outer loop
    vertex 6.970481144547024 -7.813150372998408 -1
    vertex 6.501622755715221 -7.492897260600438 -1
    vertex 6.958734122634729 -7.187500000000011 -1
  endloop
endfacet
facet normal 0 0 -1
  outer loop
    vertex 2.185354758555271 -9.483937482549571 -1
    vertex 2.500000000000017 -9.010405878222233 -1
    vertex 2.812500000000014 -9.46636382309852 -1
  endloop
endfacet
facet normal 0 0 -1
  outer loop
    vertex 5.314645241444729 -0.5160625174504272 -1
    vertex 4.999999999999986 -0.9895941217777642 -1
    vertex 4.687499999999986 -0.5336361769014797 -1
  endloop
endfacet
facet normal 0 0 -1
  outer loop
    vertex 0.9921076393411332 -6.249999999999987 -1
    vertex 0.9857852235914906 -6.87499999999999 -1
    vertex 0.5412658773652761 -6.562499999999989 -1
  endloop
endfacet
facet normal 0 0 -1
  outer loop
    vertex 6.507892360658866 -3.750000000000012 -1
    vertex 6.514214776408509 -3.125000000000011 -1
    vertex 6.958734122634725 -3.437500000000011 -1
  endloop
endfacet
facet normal -0 0 -1
  outer loop
    vertex 6.958734122634729 -6.562500000000013 -1
    vertex 6.514214776408519 -6.875000000000012 -1
    vertex 6.507892360658879 -6.250000000000015 -1
  endloop
endfacet
facet normal 0 0 -1
  outer loop
    vertex 0.5412658773652717 -3.437499999999987 -1
    vertex 0.9857852235914812 -3.124999999999988 -1
    vertex 0.9921076393411212 -3.749999999999985 -1
  endloop
endfacet
facet normal 0 0 -1
  outer loop
    vertex 6.501622755715221 -7.492897260600438 -1
    vertex 6.514214776408519 -6.875000000000012 -1
    vertex 6.958734122634729 -7.187500000000011 -1
  endloop
endfacet
facet normal 0 0 -1
  outer loop
    vertex 0.9913656980116676 -2.499999999999993 -1
    vertex 0.9857852235914812 -3.124999999999988 -1
    vertex 0.5412658773652712 -2.81249999999999 -1
  endloop
endfacet
facet normal 0 0 -1
  outer loop
    vertex 6.958734122634725 -3.437500000000011 -1
    vertex 6.514214776408509 -3.125000000000011 -1
    vertex 6.958734122634723 -2.812500000000009 -1
  endloop
endfacet
facet normal 0 0 -1
  outer loop
    vertex 0.5412658773652761 -6.562499999999989 -1
    vertex 0.9857852235914906 -6.87499999999999 -1
    vertex 0.5412658773652761 -7.187499999999991 -1
  endloop
endfacet
facet normal 0 0 -1
  outer loop
    vertex 0.5412658773652712 -2.81249999999999 -1
    vertex 0.9857852235914812 -3.124999999999988 -1
    vertex 0.5412658773652717 -3.437499999999987 -1
  endloop
endfacet
facet normal 0 0 -1
  outer loop
    vertex 6.958734122634729 -7.187500000000011 -1
    vertex 6.514214776408519 -6.875000000000012 -1
    vertex 6.958734122634729 -6.562500000000013 -1
  endloop
endfacet
facet normal 0 0 -1
  outer loop
    vertex 0.9857852235914906 -6.87499999999999 -1
    vertex 0.9839708636877207 -7.499999999999995 -1
    vertex 0.5412658773652761 -7.187499999999991 -1
  endloop
endfacet
facet normal 0 0 -1
  outer loop
    vertex 6.514214776408509 -3.125000000000011 -1
    vertex 6.516029136312278 -2.500000000000008 -1
    vertex 6.958734122634723 -2.812500000000009 -1
  endloop
endfacet
facet normal 0 0 -1
  outer loop
    vertex 1.487553598273824 -5.302125850340139 -1
    vertex 1.006749023182397 -4.999999999999985 -1
    vertex 1.497565608091772 -4.69410430839002 -1
  endloop
endfacet
facet normal 0 -0 -1
  outer loop
    vertex 6.012446401726175 -4.697874149659859 -1
    vertex 6.493250976817588 -4.999999999999993 -1
    vertex 6.002434391908226 -5.305895691609976 -1
  endloop
endfacet
facet normal 0 0 -1
  outer loop
    vertex 2.185354758555271 -9.483937482549571 -1
    vertex 1.881761000174005 -8.951425393611505 -1
    vertex 2.500000000000017 -9.010405878222233 -1
  endloop
endfacet
facet normal 0 -0 -1
  outer loop
    vertex 5.314645241444729 -0.5160625174504272 -1
    vertex 5.618238999825995 -1.048574606388493 -1
    vertex 4.999999999999986 -0.9895941217777642 -1
  endloop
endfacet
facet normal 0 0 -1
  outer loop
    vertex 6.958734122634723 -2.812500000000009 -1
    vertex 6.516029136312278 -2.500000000000008 -1
    vertex 6.967081288695487 -2.171943941051319 -1
  endloop
endfacet
facet normal 0 -0 -1
  outer loop
    vertex 0.5412658773652761 -7.187499999999991 -1
    vertex 0.9839708636877207 -7.499999999999995 -1
    vertex 0.5329187113045126 -7.828056058948681 -1
  endloop
endfacet
facet normal 0 0 -1
  outer loop
    vertex 1.544479971864174 -9.465733843060118 -1
    vertex 1.881761000174005 -8.951425393611505 -1
    vertex 2.185354758555271 -9.483937482549571 -1
  endloop
endfacet
facet normal -0 0 -1
  outer loop
    vertex 5.955520028135826 -0.5342661569398821 -1
    vertex 5.618238999825995 -1.048574606388493 -1
    vertex 5.314645241444729 -0.5160625174504272 -1
  endloop
endfacet
facet normal 0 0 -1
  outer loop
    vertex 4.048368396090743 -8.497175934624664 -1
    vertex 3.749959547496613 -8.989384857537715 -1
    vertex 3.451388888888891 -8.499885480749295 -1
  endloop
endfacet
facet normal 0 0 -1
  outer loop
    vertex 3.449074074074071 -1.501606633868622 -1
    vertex 3.749614197530856 -1.010412237211166 -1
    vertex 4.048611111111109 -1.500114519250705 -1
  endloop
endfacet
facet normal 0 -0 -1
  outer loop
    vertex 6.874999999999996 0 -1
    vertex 7.04565045965309 -0.4543495403469109 -1
    vertex 6.567224154315147 -0.5335952468431024 -1
  endloop
endfacet
facet normal 0 0 -1
  outer loop
    vertex 0.6250000000000044 -10 -1
    vertex 0.45434954034691 -9.545650459653089 -1
    vertex 0.9327758456848536 -9.466404753156898 -1
  endloop
endfacet
facet normal 0 0 -1
  outer loop
    vertex 6.568558518784599 -9.460488489381147 -1
    vertex 7.045650459653089 -9.545650459653089 -1
    vertex 6.875000000000002 -10 -1
  endloop
endfacet
facet normal 0 0 -1
  outer loop
    vertex 5.235860145048609 -8.458850675149531 -1
    vertex 4.972218384036093 -8.948226705785569 -1
    vertex 4.63048815432222 -8.494220213584747 -1
  endloop
endfacet
facet normal 0 0 -1
  outer loop
    vertex 4.364841505578264 -8.991915764668006 -1
    vertex 4.972218384036093 -8.948226705785569 -1
    vertex 4.683505523997531 -9.4578767884513 -1
  endloop
endfacet
facet normal 0 -0 -1
  outer loop
    vertex 4.63048815432222 -8.494220213584747 -1
    vertex 4.972218384036093 -8.948226705785569 -1
    vertex 4.364841505578264 -8.991915764668006 -1
  endloop
endfacet
facet normal 0 0 -1
  outer loop
    vertex 6.995872672941284 -0.9351382065471219 -1
    vertex 7.04565045965309 -0.4543495403469109 -1
    vertex 7.5 -0.6250000000000013 -1
  endloop
endfacet
facet normal 0 0 -1
  outer loop
    vertex 0.5041273270587157 -9.064861793452877 -1
    vertex 0.45434954034691 -9.545650459653089 -1
    vertex 0 -9.374999999999998 -1
  endloop
endfacet
facet normal -0 0 -1
  outer loop
    vertex 7.5 -9.375000000000002 -1
    vertex 7.045650459653089 -9.545650459653089 -1
    vertex 6.999599210698609 -9.062500000000002 -1
  endloop
endfacet
facet normal -0 0 -1
  outer loop
    vertex 0.9327758456848536 -9.466404753156898 -1
    vertex 0.45434954034691 -9.545650459653089 -1
    vertex 0.5041273270587157 -9.064861793452877 -1
  endloop
endfacet
facet normal 0 0 -1
  outer loop
    vertex 6.567224154315147 -0.5335952468431024 -1
    vertex 7.04565045965309 -0.4543495403469109 -1
    vertex 6.995872672941284 -0.9351382065471219 -1
  endloop
endfacet
facet normal 0 -0 -1
  outer loop
    vertex 6.999599210698609 -9.062500000000002 -1
    vertex 7.045650459653089 -9.545650459653089 -1
    vertex 6.568558518784599 -9.460488489381147 -1
  endloop
endfacet
facet normal 0 0 -1
  outer loop
    vertex 0 -0.6249999999999982 -1
    vertex 0.4477645087463826 -0.4477645087463813 -1
    vertex 0.4737208061503164 -0.9362878331162348 -1
  endloop
endfacet
facet normal 0 0 -1
  outer loop
    vertex 0.4737208061503164 -0.9362878331162348 -1
    vertex 0.4477645087463826 -0.4477645087463813 -1
    vertex 0.9070464016080884 -0.5434978557241426 -1
  endloop
endfacet
endsolid Created by Gmsh
