# vtk DataFile Version 2.0
, Created by Gmsh 4.12.1 
ASCII
DATASET UNSTRUCTURED_GRID
POINTS 1174 double
2.5 -5 3
2.5 -5 1.6
4.96883276198699 -3.55916801748945 1
2.61993691783516 -3.48747125840653 0.999999999561928
4.88006308068235 -6.51252873977416 1
2.53116723801305 -6.44083198251058 1
2 -2 0
5.5 -2 0
5.5 -8 0
2 -8 0
2.42748318234194 -3.17971176265637 3
5.23036213336435 -3.30558920149188 3
2.26963786663565 -6.69441079850812 3
5.07251681765806 -6.82028823734363 3
7.5 0 0
0 0 0
7.5 -10 0
0 -10 0
5.5 -8 -1
2 -8 -1
2 -2 -1
5.5 -2 -1
7.5 -10 -1
7.5 0 -1
0 0 -1
0 -10 -1
2.5 -5 2.533333333333333
2.5 -5 2.066666666666666
2.643179967933487 -4.419096034945291 1.6
3.039919066586053 -3.971270167632931 1.6
3.599329149680843 -3.759113907377433 1.6
4.193256108803165 -3.83122969664323 1.6
4.685638435213873 -4.171096677199002 1.6
4.963677271782564 -4.700855419640549 1.6
4.963677271782566 -5.299144580359443 1.6
4.685638435213878 -5.828903322800992 1.6
4.193256108803173 -6.168770303356768 1.6
3.599329149680849 -6.240886092622568 1.6
3.039919066586056 -6.028729832367071 1.6
2.643179967933488 -5.580903965054711 1.6
2.643179967933487 -4.419096034945291 3
3.039919066586053 -3.971270167632931 3
3.599329149680843 -3.759113907377433 3
4.193256108803165 -3.83122969664323 3
4.685638435213873 -4.171096677199002 3
4.963677271782564 -4.700855419640549 3
4.963677271782566 -5.299144580359443 3
4.685638435213878 -5.828903322800992 3
4.193256108803173 -6.168770303356768 3
3.599329149680849 -6.240886092622568 3
3.039919066586056 -6.028729832367071 3
2.643179967933488 -5.580903965054711 3
4.423087638023605 -3.258417018687471 1
3.806447285716639 -3.158672509699029 1.000000000000112
3.185085006419195 -3.22417378427583 1.000000000000328
5.279823889055091 -6.005812468540579 1
5.439523686019061 -5.377946391882229 1
5.453896838883617 -4.727905910895392 1
5.334107833881164 -4.090735614090468 1
3.076912361976429 -6.741582981312551 1
3.693552714283389 -6.841327490300975 1.000000000000112
4.314914993580826 -6.775826215724169 1.000000000000328
2.220176110944904 -3.994187531459429 1
2.06047631398094 -4.622053608117791 1
2.046103161116387 -5.27209408910463 1
2.165892166118843 -5.909264385909556 1
2.583333333333331 -2 0
3.166666666666663 -2 0
3.749999999999997 -2 0
4.333333333333331 -2 0
4.916666666666665 -2 0
5.250764967269835 -3.147409834764549 0.8142153559045737
5.509750608297253 -2.723373659279205 0.623086794908255
5.643429114238666 -2.278618632368008 0.3828883802718457
1.880869746753777 -2.268090668492784 0.3875057027564465
2.045621812726903 -2.695650065582011 0.625964947726412
2.31964147504616 -3.09951391643106 0.8161650132402146
5.5 -2.600000000000002 0
5.5 -3.200000000000004 0
5.5 -3.800000000000006 0
5.5 -4.400000000000007 0
5.5 -5.000000000000007 0
5.5 -5.600000000000005 0
5.5 -6.200000000000004 0
5.5 -6.800000000000002 0
5.5 -7.400000000000001 0
5.180358524954125 -6.90048608356873 0.8161650132402587
5.454378187273094 -7.304349934417977 0.6259649477264149
5.619130253246225 -7.731909331507213 0.3875057027564551
4.916666666666669 -8 0
4.333333333333337 -8 0
3.750000000000003 -8 0
3.166666666666669 -8 0
2.583333333333335 -8 0
2.249235032730156 -6.85259016523544 0.8142153559045777
1.99024939170275 -7.276626340720791 0.6230867949082546
1.856570885761332 -7.721381367631992 0.3828883802718479
2 -7.399999999999998 0
2 -6.799999999999996 0
2 -6.199999999999994 0
2 -5.599999999999993 0
2 -4.999999999999993 0
2 -4.399999999999995 0
2 -3.799999999999996 0
2 -3.199999999999998 0
2 -2.599999999999999 0
2.95940664581698 -2.893471541060591 3
3.548311554967274 -2.759057838510712 3
4.151753013296932 -2.786158425653083 3
4.726238413014507 -2.972820047219558 3
1.888258246891807 -6.263494220300842 3
1.628655665190691 -5.749932139044893 3
1.507810797512209 -5.187316791151149 3
1.533628139753273 -4.612449000638029 3
1.704418972485958 -4.062931027151898 3
2.009011820557863 -3.574706991863515 3
4.540593354183018 -7.10652845893941 3
3.951688445032724 -7.240942161489288 3
3.348246986703068 -7.213841574346917 3
2.773761586985496 -7.027179952780444 3
5.611741753108191 -3.736505779699156 3
5.871344334809309 -4.250067860955105 3
5.992189202487791 -4.812683208848847 3
5.966371860246729 -5.387550999361964 3
5.795581027514045 -5.937068972848096 3
5.49098817944214 -6.425293008136482 3
7.420956730446118 -0.1151217038316485 0.5598548160331279
7.230826252845702 -0.3920351545937547 1.033140342958839
6.98768042177327 -0.7461622360088218 1.425323503741728
6.718357567052674 -1.138414556683681 1.760544611268349
6.434320047453262 -1.552097889786564 2.055684060286425
6.14107543431753 -1.979190793384454 2.321350103418927
5.841599745198807 -2.41535887932127 2.564411101575657
5.537654966455426 -2.858035921872239 2.789527554588953
0.08433513685779051 -0.1104689122555489 0.559174575652618
0.2874166256393867 -0.3764813004582247 1.032283731386933
0.5473382474325752 -0.71694744423895 1.424528158952696
0.8353703024274065 -1.09423488332455 1.75987837902795
1.139214561206514 -1.492234412500873 2.055161253757881
1.452955268248235 -1.903197101701561 2.320968583031035
1.77339490307815 -2.322934582686699 2.564164408820315
2.098639235316519 -2.74896564089486 2.789407946707002
0.6249999999999987 0 0
1.249999999999997 0 0
1.874999999999995 0 0
2.499999999999993 0 0
3.124999999999991 0 0
3.749999999999989 0 0
4.374999999999987 0 0
4.999999999999985 0 0
5.624999999999988 0 0
6.249999999999992 0 0
6.874999999999996 0 0
7.41566486314221 -9.889531087744452 0.5591745756526176
7.212583374360612 -9.623518699541776 1.032283731386932
6.952661752567424 -9.283052555761051 1.424528158952695
6.664629697572591 -8.90576511667545 1.759878379027949
6.360785438793483 -8.507765587499128 2.05516125375788
6.047044731751764 -8.096802898298442 2.320968583031034
5.726605096921848 -7.677065417313301 2.564164408820314
5.40136076468348 -7.251034359105139 2.789407946707001
7.5 -0.6250000000000013 0
7.5 -1.250000000000003 0
7.5 -1.875000000000005 0
7.5 -2.500000000000007 0
7.5 -3.12500000000001 0
7.5 -3.750000000000012 0
7.5 -4.375000000000014 0
7.5 -5.000000000000017 0
7.5 -5.625000000000016 0
7.5 -6.250000000000014 0
7.5 -6.875000000000012 0
7.5 -7.500000000000009 0
7.5 -8.125000000000007 0
7.5 -8.750000000000005 0
7.5 -9.375000000000002 0
0.07904326955388188 -9.884878296168353 0.5598548160331283
0.269173747154296 -9.607964845406245 1.033140342958839
0.5123195782267289 -9.253837763991175 1.425323503741728
0.7816424329473255 -8.861585443316317 1.76054461126835
1.065679952546737 -8.447902110213436 2.055684060286425
1.35892456568247 -8.020809206615544 2.321350103418928
1.658400254801192 -7.58464112067873 2.564411101575659
1.962345033544573 -7.141964078127761 2.789527554588953
6.875000000000002 -10 0
6.250000000000004 -10 0
5.625000000000005 -10 0
5.000000000000007 -10 0
4.375000000000009 -10 0
3.750000000000011 -10 0
3.125000000000013 -10 0
2.500000000000015 -10 0
1.875000000000012 -10 0
1.250000000000008 -10 0
0.6250000000000044 -10 0
0 -9.374999999999998 0
0 -8.749999999999996 0
0 -8.124999999999995 0
0 -7.499999999999993 0
0 -6.87499999999999 0
0 -6.249999999999988 0
0 -5.624999999999986 0
0 -4.999999999999983 0
0 -4.374999999999984 0
0 -3.749999999999986 0
0 -3.124999999999988 0
0 -2.499999999999991 0
0 -1.874999999999993 0
0 -1.249999999999995 0
0 -0.6249999999999982 0
5.5 -8 -0.5000000000000009
2.583333333333331 -8 -1
3.166666666666663 -8 -1
3.749999999999997 -8 -1
4.333333333333331 -8 -1
4.916666666666665 -8 -1
2 -8 -0.5000000000000009
2 -2.600000000000002 -1
2 -3.200000000000004 -1
2 -3.800000000000006 -1
2 -4.400000000000007 -1
2 -5.000000000000007 -1
2 -5.600000000000005 -1
2 -6.200000000000004 -1
2 -6.800000000000002 -1
2 -7.400000000000001 -1
2 -2 -0.5000000000000009
4.916666666666669 -2 -1
4.333333333333337 -2 -1
3.750000000000003 -2 -1
3.166666666666669 -2 -1
2.583333333333335 -2 -1
5.5 -2 -0.5000000000000009
5.5 -7.399999999999998 -1
5.5 -6.799999999999996 -1
5.5 -6.199999999999994 -1
5.5 -5.599999999999993 -1
5.5 -4.999999999999993 -1
5.5 -4.399999999999995 -1
5.5 -3.799999999999996 -1
5.5 -3.199999999999998 -1
5.5 -2.599999999999999 -1
7.5 -10 -0.5000000000000009
7.5 -0.6250000000000013 -1
7.5 -1.250000000000003 -1
7.5 -1.875000000000005 -1
7.5 -2.500000000000007 -1
7.5 -3.12500000000001 -1
7.5 -3.750000000000012 -1
7.5 -4.375000000000014 -1
7.5 -5.000000000000017 -1
7.5 -5.625000000000016 -1
7.5 -6.250000000000014 -1
7.5 -6.875000000000012 -1
7.5 -7.500000000000009 -1
7.5 -8.125000000000007 -1
7.5 -8.750000000000005 -1
7.5 -9.375000000000002 -1
7.5 0 -0.5000000000000009
0.6249999999999987 0 -1
1.249999999999997 0 -1
1.874999999999995 0 -1
2.499999999999993 0 -1
3.124999999999991 0 -1
3.749999999999989 0 -1
4.374999999999987 0 -1
4.999999999999985 0 -1
5.624999999999988 0 -1
6.249999999999992 0 -1
6.874999999999996 0 -1
0 0 -0.5000000000000009
0 -9.374999999999998 -1
0 -8.749999999999996 -1
0 -8.124999999999995 -1
0 -7.499999999999993 -1
0 -6.87499999999999 -1
0 -6.249999999999988 -1
0 -5.624999999999986 -1
0 -4.999999999999983 -1
0 -4.374999999999984 -1
0 -3.749999999999986 -1
0 -3.124999999999988 -1
0 -2.499999999999991 -1
0 -1.874999999999993 -1
0 -1.249999999999995 -1
0 -0.6249999999999982 -1
0 -10 -0.5000000000000009
6.875000000000002 -10 -1
6.250000000000004 -10 -1
5.625000000000005 -10 -1
5.000000000000007 -10 -1
4.375000000000009 -10 -1
3.750000000000011 -10 -1
3.125000000000013 -10 -1
2.500000000000015 -10 -1
1.875000000000012 -10 -1
1.250000000000008 -10 -1
0.6250000000000044 -10 -1
2.565333333333333 -4.601170601774532 2.299999999999999
2.565717470386887 -5.399968611334898 2.302705721589182
3.90067085031915 -3.759113907377432 2.116858877538279
4.856820032066514 -5.580903965054708 2.483141122461719
3.900670850319157 -6.240886092622567 2.116858877538281
4.85682003206651 -4.419096034945285 2.116858877538281
4.46008093341394 -3.971270167632926 2.483141122461534
3.306743891196828 -3.831229696643232 2.483141122461533
3.306743891196833 -6.168770303356769 2.483141122461531
4.995779340541805 -4.897365528796489 2.530488934194568
4.542309742299053 -5.966822254738692 2.069168156252928
2.760524838862015 -4.236168274100272 2.595202158197145
2.814361564786124 -5.828903322800994 2.062183625658423
2.760409078028744 -5.763681744676458 2.604329255927594
2.814361564786123 -4.171096677199007 2.018685294571605
3.900670850319151 -3.759113907377432 2.615789360206657
4.867586687880056 -5.559910702767223 1.94531746835397
4.846420721263929 -4.399698740645094 2.62608850885595
4.387026349279875 -6.075498689131305 2.548509190148192
3.882662716184106 -6.242940305780875 2.630008252417634
4.46008093341394 -3.971270167632926 1.984210639793224
3.305332415334914 -3.831765974152388 1.962781980849668
3.30575943064202 -6.168396472322858 1.97235533917626
4.997291535528558 -5.082242479284199 2.04344481083066
2.560237986825907 -5.383361907351173 1.919510491989986
2.56051098633592 -4.615791871022417 1.909922429297469
2.555059341222391 -5.366901651672672 2.695768073699549
2.554937009593074 -4.633497000067318 2.693383477688366
3.064943133618923 -4.841348121614318 1.6
4.426471862328894 -5.026925375550763 1.6
3.836480891472052 -4.308794059290819 1.6
3.512043800879476 -5.649363393922593 1.6
4.145113832939712 -5.572421210032727 1.6
3.714214209982391 -4.955445125801854 1.6
3.091013929380815 -5.343387047368932 1.6
3.322997722652781 -4.383473853656948 1.6
4.303507696799285 -4.509634970299207 1.6
4.885580394415976 -5.040518915830347 1
2.616659000831305 -4.453829907308315 1
3.498725647887609 -6.197918332922342 1
4.109016953667291 -3.829491195306875 1
2.656373487782144 -5.487207728108939 1
4.369466734206559 -6.154744877419064 1
4.695053447710085 -4.104317537292488 1
3.130533266003937 -3.845255123032727 1
2.499224987635834 -4.953887193537941 1
3.120704199792316 -4.89389428191078 1
3.331838974660755 -5.537480383943838 1
3.751588514372417 -5.042251134031479 1
3.566648337673599 -4.353903823757051 1
4.330892823166642 -4.587197278111316 1
3.998331468546421 -5.74425560603011 1
4.330508600877989 -5.199529627211161 1
4.746654867883578 -5.67087523453135 1
2.929072068354397 -6.008649982114759 1
3.964549003150942 -6.432115944514538 1
3.559546169896132 -3.682299287214302 1
4.939906267611496 -4.510135051244002 1
4.548997700346993 -3.687848442194071 1
2.695726030734784 -3.964206619166435 1
3.072392140619227 -4.30356675148172 1
2.411288959125488 -2.383460931511511 0.5351644556762526
5.233594579767492 -2.296271011146627 0.4541547325940528
2.676329035894762 -2.177727925438028 0.3930218895225343
4.011259550554959 -2.193487195811699 0.4565329625245991
3.443878011159433 -2.699198682906384 0.7829412153929565
2.81389628347394 -2.765664491266297 0.7687323338874132
4.04372320940997 -2.702470823441877 0.7831976021322085
4.930843902879435 -2.832401328118117 0.7618585197183789
4.682345394068 -2.22737844816375 0.4542285699192225
3.391483385312315 -2.154667580884781 0.40466257610769
5.70555598057778 -3.237272642105368 0.60829635440258
5.740821915768128 -5.300000000000005 0.4604397950718033
5.766678218767731 -4.168522262624361 0.5118745230752864
5.683632220329433 -6.679898894667147 0.6259521778082839
5.724056789932344 -5.937681974675833 0.7058642613368586
5.68175128027421 -7.229212109488848 0.4446186544379686
5.70716230644355 -2.900000000000011 0.4385300179231059
5.74316629224578 -4.720419635866274 0.4656128364988185
5.336731246589283 -3.55825906245184 0.8876688954502349
5.669474111070816 -3.655393326591485 0.3660975577973411
5.626017607083256 -6.226073680153475 0.7656946412498579
5.638323359010179 -6.213739185780593 0.332595758223621
5.130095538391715 -7.66983100620318 0.4977756800253874
2.299002476559225 -7.798007420032791 0.3592617340482762
3.404267787854519 -7.777883550684602 0.4839655711176469
4.625 -7.784904681155796 0.4571021080072306
2.422513560434461 -7.339151841310309 0.6688716111683265
3.417587519027404 -7.153604049148035 0.8510190814038527
3.973154099725212 -7.303760166471012 0.7835651113345286
5.02023028969778 -7.297850016163318 0.6973224104286075
2.772287603162633 -7.796360200237853 0.4237476649673005
4.066663009071928 -7.791694584857385 0.4760369423554414
4.6001348629045 -7.291163440893069 0.7526186210395631
2.661085388635933 -6.854642267224218 0.8945011092527408
2.892133868948901 -7.275483521515575 0.7563313425698766
1.81746623700374 -6.720938583306959 0.6424482002374954
1.759178084231872 -4.699999999999995 0.4604397950718031
1.73332178123227 -5.831477737375646 0.5118745230752854
1.840889338110663 -3.243575927274112 0.6338353614306159
1.775943210006031 -4.06231802537837 0.7058642612561423
1.805817005689468 -2.900000000000412 0.4462645290928179
1.792837693556453 -7.099999999999992 0.4385300179231066
1.75683370775422 -5.279580364133729 0.4656128364988181
2.159216627887489 -6.450543559413102 0.8840976477011908
1.826310017113111 -6.356951237544648 0.3708912361026064
1.86224117642117 -3.73382675051835 0.7493581826342058
1.861987540288067 -3.78069313533042 0.3322813163308685
2.452132760403096 -6.14866807022067 3
5.296785235170692 -4.218109250968322 3
2.054958688555202 -5.364080083769404 3
4.722963971471203 -3.590418336599259 3
5.48841360316031 -5.078072244940438 3
2.126874780065684 -4.481596326806233 3
5.194730297377696 -5.905327642697759 3
3.210444084259803 -6.618733443783018 3
2.483931385330773 -3.878361082554846 3
4.70987851030004 -6.390624100053207 3
3.97580422402116 -3.312066451315685 3
3.953759371618669 -6.678109401702718 3
3.148724545145726 -3.401224350102662 3
2.133437065794856 -5.821415695678104 3
5.522481929482133 -4.611957597070652 3
1.930778976523942 -4.92556054763707 3
5.481754812016269 -5.52143288804154 3
5.121515078843314 -3.7915490472263 3
2.713957494935996 -6.566248448494612 3
1.409404176499058 -1.021730343406397 1.82645627872534
6.157559137534003 -1.072826870308252 1.839750022650882
3.422005820171196 -0.03571503937735335 0.5373861448946334
1.897553777239418 -1.775989254741568 2.357514927616985
3.781388119022375 -2.196305117493303 2.75647900144916
5.515927176297829 -1.929963589850072 2.443266745124602
4.660847698284321 -0.04191815427133199 0.5500609917725483
4.599407645074431 -2.32332270438894 2.764821205189045
4.221331198463152 -1.929526116557971 2.612211820736388
2.187500000003605 -0.04766638049342897 0.5391629310046624
3.242112050907579 -2.261660977144804 2.768599020337728
5.937499999999208 -0.06067650288579847 0.5378541735428327
1.115211156593522 -0.6440870186714733 1.463679620289096
1.71394326005882 -0.6082870109988711 1.52689162940008
2.049452569303922 -0.9994929569420967 1.917447319226156
2.394865388814065 -0.5753543958066307 1.58186946889526
3.58149620711512 -1.765599916357508 2.53746810380299
3.916807446846176 -1.297221484097698 2.25958783947882
4.575973448975852 -1.357456506567265 2.264831830249685
4.275040847359478 -0.8689859757426175 1.929794904246559
3.648892321476091 -0.8246553596024252 1.903882114093581
3.972871036700195 -0.466366677901905 1.528414719230923
4.921033424662713 -0.9218725580024538 1.922310433923333
6.736672254237357 -0.3593536120467539 1.071144651664952
3.378983052138501 -0.4356840280941143 1.485149508314812
1.386861138380332 -0.28484948884341 1.066004920520348
2.677338281144482 -1.046130387353775 2.029789179185191
2.610795791309525 -2.433969406342019 2.771835555271915
1.046093563852784 -0.08529500597168255 0.5839915830727208
2.862810380906128 -1.745599322643926 2.483232020660476
5.118670954517442 -2.506557620819185 2.760822753050585
3.260399468241923 -1.276382290921469 2.234693292156509
5.229040071800036 -1.400773263039247 2.214865722417094
4.885230382414786 -1.894043687347321 2.530655511252136
4.596064876444927 -0.5049768017320591 1.546430337938155
5.244329327435149 -0.5329720725004632 1.514530725623697
5.543679957369253 -0.9560478600287706 1.865868738519405
5.85742411535864 -0.6029609574239598 1.502740209239001
5.569787971655651 -0.2434300888070197 1.058411253880085
6.437310079113213 -0.08539800191209121 0.5778122863998462
4.029351362624621 -0.03741048666011698 0.5483138313456997
5.291911384942548 -0.0503168488688973 0.5492575592746902
4.949207756708956 -0.2193774510368347 1.080360514645407
2.800682263199983 -0.03923956417910402 0.5350099346102476
2.519105747374383 -0.2036024953758509 1.048523939026784
5.862522554174854 -1.500375474580413 2.159353690303676
1.698865487524094 -1.4178410533988 2.131802942391249
2.355619540058038 -1.457413635387069 2.262436996531869
4.32161221293922 -0.1979435625582323 1.080006686961554
1.590565963478294 -0.05732078457190817 0.5328593301301411
6.448592713166784 -0.6865634467678876 1.479820022045605
3.707026681906758 -0.1820206946436906 1.058181569830119
2.267368543904587 -2.009260490722894 2.533942462409224
6.912762523422407 -0.1394165112022666 0.670727712954617
3.10888081150499 -0.173584323853965 1.02252384744282
0.8046997312297719 -0.3599296509906296 1.091264030682403
6.125792802120763 -0.2716326919979999 1.032754973281178
1.971467172283813 -0.2786405664284363 1.133071417583091
2.833045161520413 -1.365919379273633 2.261997015536966
2.925515442333929 -0.4098582750345231 1.427631010153192
3.060652550301217 -0.7447246774119851 1.810340977033826
0.5396127603243532 -0.1338463976577554 0.6627313832415508
6.396323971416717 -4.437476740693063 2.75389686137077
6.788913425667642 -8.385363373141256 1.827394581297606
7.528642640783445 -4.676730074930469 0.5349142795546749
6.665690556758777 -2.080497322395826 2.07871435466509
6.492758464291442 -5.627016984213178 2.684359547225557
7.516607066257055 -6.461862507310179 0.4854987117444156
6.076792587510335 -6.506626370434728 2.757892338969015
6.94042420653442 -1.670453660969583 1.740630419536375
7.519243758895476 -3.43750000000003 0.5409236801468195
6.29174567134257 -3.630963792255163 2.690809781071399
6.273840660466014 -7.57097871041208 2.384497746933493
6.679471819875936 -4.068807177999824 2.527572208178636
6.614052457991498 -6.241083653307506 2.514698304267948
6.08527313000832 -2.847369862124019 2.599140473743655
7.13608085838378 -2.264599796116554 1.703305087018984
7.48433282084825 -8.449812664900042 0.4421124869113772
7.488791080075865 -1.618556035823307 0.4326192926236703
6.8629122730368 -2.702345242232312 2.105763756669207
7.284487208041892 -2.886591054888411 1.659852758987279
7.431816269768701 -2.506196947499648 1.169829698162823
5.748817227691697 -6.904604150129659 2.787467555822145
6.473929624612706 -5.174095931121017 2.728289362331737
6.370299195314431 -6.97774741719804 2.498843456909156
6.941669220064961 -6.746757108696274 2.153171472456642
7.164634193559087 -6.147902705135159 2.033911117991345
7.338266530459496 -6.655493714412714 1.652604623220365
7.466204934524045 -6.027169182977115 1.467632188357209
7.340342529418887 -5.537186233067732 1.852696831301566
7.166090732120107 -7.253991383344362 1.774273840335852
7.53070421060035 -5.462533078989285 1.252959841308205
7.460461277723772 -4.804725504338884 1.604504405291066
6.975685039299819 -5.661030032761363 2.307717024331502
6.821042291251277 -4.736405935254776 2.476497298799163
7.440436052123177 -7.125023784880742 1.227682054545023
7.305035458074562 -7.808115365001589 1.375893994032301
6.961994218491442 -7.83114721698166 1.842248015817065
7.040939068251893 -3.327143368368465 2.090718081581177
7.396079094922067 -3.527076579847675 1.595813699636438
6.531419479885544 -3.143027017627319 2.44979900715254
7.288191820474507 -9.209946606473416 1.001253007085956
7.482413364745199 -7.593890346855281 0.7815595908777868
7.322309270623768 -0.9652108363340337 1.003647596196159
7.326287026275095 -1.879000255584431 1.26523955248046
7.190461211929638 -4.425234688411402 2.085214717872958
7.538517576253929 -5.901753471466771 0.8339525650655688
7.270434946213496 -8.388372605505699 1.262975167162018
7.509089299102954 -2.812500000000328 0.5411895551861119
5.936864818896499 -3.256501133171855 2.766300090469963
7.529834554948785 -5.333646202486741 0.5555861291682562
6.759465025574835 -7.381927430002508 2.14465083138774
7.492216460138101 -3.147922211425034 1.114613742550484
7.525769965530758 -4.054211087463399 0.5395460435209263
7.544103966186324 -4.3649085108135 1.06606505707572
7.490248563553103 -2.099069229845955 0.59510638615234
7.526736808100427 -3.771361026445608 1.080569313524505
6.374303905885284 -2.496512792343546 2.368468259375099
6.549903165521207 -7.990256151792333 2.110899145783785
7.44230126042863 -4.124821888306173 1.592980633774496
7.43602410666392 -9.35640326280777 0.5706496628691219
7.131286726830718 -1.286340182131215 1.415667733299953
7.441817127853723 -0.65049177576274 0.5681447509995657
7.505999547872273 -6.514373576715005 1.105314187818958
7.509914739321555 -7.023654415408528 0.5466746016385734
7.156896407996806 -5.059527534851695 2.148448261075314
7.550064005256521 -4.925208966542966 1.040224459986845
7.072211547737583 -8.756385339558918 1.44699876713961
7.129653341060012 -3.824200654187657 2.086607856634465
6.826101063290209 -5.240078718867686 2.471152739681542
7.436168092753556 -8.103013700180481 0.8867149759733179
7.497508314405824 -7.93246984935897 0.3446077294037814
7.513499063064548 -5.937500000000014 0.3596363828686445
6.745060658182794 -3.57652234686773 2.399466140219388
7.392146490802165 -1.433643328552646 0.948002739916316
5.968779334150922 -7.301408090311346 2.594764355353707
7.471847828352906 -8.902554088191906 0.46056053194213
7.380031038779613 -8.683669575539138 0.9187688173703786
7.474401948664178 -1.112385001182332 0.4667792979589132
7.081351738131296 -8.235426877241931 1.591414233238057
6.090596905916616 -8.978268835820511 1.826452467002797
1.342440108696698 -8.927172179370741 1.839745007885719
4.077993600818862 -9.964277746156904 0.537381773826006
5.60244866580746 -8.224008951881093 2.357511497846933
3.718612020308426 -7.803635186011448 2.7564626893336
1.984070977535495 -8.070034626246747 2.443258770650607
2.83914727085185 -9.958075100735366 0.5500536122985586
2.90060330482087 -7.676634428919553 2.764810023774744
3.278675196864982 -8.070426882219296 2.612189544850609
5.312499999996397 -9.952328964299493 0.5391625194263082
4.25788844120811 -7.738318610348745 2.768577431048707
1.562500000000791 -9.939320097840755 0.5378537900525
6.384788811524674 -9.355911526253529 1.463677439072546
5.786055394848619 -9.391708335772085 1.526882325486829
5.450545527548211 -9.000499326951587 1.917436432553878
5.105131261498307 -9.424634852640704 1.58184897932789
3.918505806682696 -8.234378359246106 2.537433722298969
3.583193968706237 -8.702759096780019 2.259545637705958
2.924031439820856 -8.642519795459927 2.264800751075065
3.224961939092065 -9.13099224416575 1.929755064512051
3.851109297317156 -9.175323829459053 1.903841801362423
3.527128330873659 -9.533613933595296 1.528374568234587
2.578968049458516 -9.078116190506599 1.922276540459224
0.7633251719589738 -9.640645715742174 1.071142475999762
4.121014988003745 -9.564298451608455 1.485113398277239
6.113138808283368 -9.715147338066679 1.065999717867127
4.822660939584511 -8.953856503614745 2.029765590680663
4.889209539090152 -7.566018461249931 2.771830601609499
6.453906379107946 -9.914703880216186 0.5839903295615492
4.637190804680558 -8.254386686047429 2.483211881035903
2.381327657314797 -7.493435907360489 2.760814918609055
4.23960183711613 -8.723601611609023 2.234658296513368
2.270963456745185 -8.599217517130214 2.214846211592697
2.614773891064883 -8.105942814276748 2.530634142764681
2.903933064779763 -9.495009914805522 1.546389030738639
2.255667482833188 -9.467019064300352 1.514502322289193
1.956321768028432 -9.043949388289583 1.865848428365632
1.642575835765782 -9.397035910500751 1.502725265683334
1.930210671049876 -9.756563499756489 1.058393893706779
1.062689060067119 -9.91460039188067 0.5778109260682952
3.470644125407132 -9.962581901852655 0.5483069188973607
2.208086618508336 -9.949678489521158 0.5492504835811939
2.550785469511855 -9.78061068071926 1.080335397433579
4.699315802292479 -9.96075462150224 0.5350060702941414
4.980892486085338 -9.796385016445932 1.048511390470054
1.637477467001409 -8.499620389442736 2.159349581980129
5.801136669564052 -8.582158299870207 2.131798403203737
5.144379368050464 -8.542577127994949 2.262424811571019
3.178389170866159 -9.802039015967152 1.079981968710455
5.909433722776323 -9.942676981606878 0.5328570127739835
1.051405554462969 -9.313436261125393 1.479815676651222
3.792969172903267 -9.817961803677077 1.058157619922338
5.232635538798466 -7.990733362361235 2.533937091782944
0.5872368813449211 -9.860582714447983 0.6707277569932437
4.391111753366076 -9.826403253246886 1.02249902129066
6.695301081081526 -9.640069454496436 1.091262982270968
1.37420108167774 -9.728363448900581 1.032746960915655
5.528534407185193 -9.72135145049895 1.133061075755327
4.666954830113649 -8.63406643839644 2.261973158351401
4.574481709454572 -9.590128054660527 1.427600442464355
4.439347130061782 -9.255259439056314 1.810307391792791
6.960387573179672 -9.866153341816348 0.6627309613825392
1.10363648993165 -5.562517313340867 2.753925165536709
0.7110699164890505 -1.614648573735486 1.827390184222311
-0.02865230759533921 -5.323270724154805 0.53491377845744
0.8343084404549863 -7.919501238697479 2.078717957600047
1.007175280283146 -4.372965186084253 2.684394651594761
-0.01661549266367943 -3.538167107686637 0.485511056511696
1.423171544763366 -3.493356643576258 2.757904183114288
0.5595742070619621 -8.329546695267112 1.740632834131667
-0.01925074879740932 -6.56249999999997 0.5409234314306828
1.208233890906697 -6.369031792196937 2.690820427886294
1.226157254205406 -2.429020583845351 2.384504353631628
0.8204980380154283 -5.931184274281878 2.527602195786668
0.8859089276903382 -3.758905847745543 2.514737653527927
1.414725702565126 -7.152629688219125 2.599143165727489
0.3639122998860019 -7.735400959065743 1.703315491144002
0.0156649012654568 -1.550232595076102 0.4421192130834968
0.01120762065623692 -8.381443674213362 0.432619540878513
0.6370801689793837 -7.297657814492344 2.105774905752785
0.2154962564240824 -7.113412286522966 1.659872910844285
0.06817213265977026 -7.493800734464275 1.1698435061849
1.751169000992085 -3.095392176971392 2.787470216897399
1.025991808709589 -4.825882107584146 2.728316386476939
1.129683067597794 -3.022246636118993 2.498859547750352
0.5582977334776431 -3.25324829433181 2.15320879321305
0.3353272826338098 -3.852106938691445 2.033975700902779
0.1616935310269606 -3.344529829216992 1.652647647903864
0.03375499598097828 -3.972862870452575 1.467703600166726
0.1596195739656622 -4.462831881856895 1.852783996575626
0.3338764979984099 -2.746024649990135 1.774295123518893
-0.030742006296736 -4.537452962943286 1.253032016859379
0.03949452569324868 -5.195245073304624 1.604566219974099
0.5242730121006184 -4.338971568874976 2.307781969073543
0.6789220236386676 -5.263590939882344 2.476550953553685
0.05953440791088831 -2.875002644285412 1.227696360745576
0.1949353057055139 -2.191918795170686 1.375890341144867
0.5379812002853031 -2.168867765836965 1.842252194596179
0.459041814260045 -6.672862676782552 2.090741918035913
0.1038915180889078 -6.472926979286328 1.595842176255929
0.9685718971919918 -6.856975092340208 2.44980996962687
0.2118069672239913 -0.7900574634617317 1.001253948337115
0.01757223966737924 -2.406174950108145 0.7815575123934215
0.1776897912572407 -9.034789278151553 1.00364828118775
0.1737073049361781 -8.120998387288953 1.265246529301935
0.3095003449522024 -5.574761336280822 2.085268309511821
-0.03854279689822906 -4.098303704457456 0.8340272551243662
0.2295486490737 -1.611650705288809 1.262970211430555
-0.009094467247795782 -7.187499999999675 0.5411894683622395
1.563128664683503 -6.743498883421723 2.7663025990452
-0.02984672727968986 -4.666366763689834 0.5556003012230786
0.7405221943167788 -2.618072534552719 2.144671170423799
0.007763821487508885 -6.852079591754477 1.114622624229239
-0.02577853042073627 -5.945789807899931 0.5395454878676365
-0.04413488849574113 -5.635086920723525 1.066071374383055
0.009747829564198665 -7.900930564134187 0.5951083083489486
-0.02676283774973329 -6.228634858875107 1.080578427565476
1.125695244221578 -7.503484178082347 2.368472324116202
0.9500914445801972 -2.009750457366488 2.110904341070441
0.05765899812293122 -5.875179036177548 1.59301894306449
0.06397549196151688 -0.6435972093854702 0.5706501099335959
0.3687118148302442 -8.713658943598475 1.4156692629097
0.05818259921136585 -9.349508157496796 0.5681449135570495
-0.006031937905091583 -3.485665273967225 1.105336180638513
-0.009923106708526355 -2.976378296257527 0.5466677336431334
0.3430679359633177 -4.940470649844872 2.148523429708164
-0.05009708091123304 -5.074789107974857 1.040224112334135
0.4277748891808804 -1.243636325392569 1.446993835273118
0.3703184663197842 -6.175804604435249 2.086645173534258
0.673871824805911 -4.759935659440308 2.471225939400318
0.06381734917570901 -1.89702875039107 0.8867039599619027
0.002489743239844803 -2.067607835494544 0.3446439492200569
-0.01350655394665213 -4.062499999999984 0.3596814640839746
0.7549206889252028 -6.42347776009124 2.399488824768341
0.1078506953693846 -8.566356420261105 0.9480049593416024
1.531215704803766 -2.698590415958222 2.594767879651494
0.02815109988401662 -1.097451707571347 0.4605616502386654
0.1199638278013445 -1.31634194351367 0.9187702722892843
0.0255973441991961 -8.887614941941361 0.4667794669955628
0.4186127908970848 -1.764603586510214 1.591397070260296
2.899305555555554 -8 -0.5133101851851856
4.600694444444445 -8 -0.5133101851851852
4.03761574074074 -8 -0.5022183641975311
3.46170910493827 -8 -0.502588091563786
2.437499999999999 -8 -0.5798611111111123
5.062500000000002 -8 -0.5798611111111134
2 -2.924999999999999 -0.4883333333333329
2 -7.075 -0.5116666666666674
2 -3.499999999999997 -0.4999999999999982
2 -6.500000000000002 -0.5000000000000022
2 -5.299999999999999 -0.4999999999999998
2 -4.699999999999998 -0.4999999999999985
2 -4.099999999999998 -0.4999999999999983
2 -5.899999999999999 -0.5000000000000002
2 -2.449999999999999 -0.4299999999999992
2 -7.550000000000002 -0.5700000000000026
2.899305555555555 -2 -0.4866898148148141
4.600694444444446 -2 -0.5133101851851857
4.03761574074074 -2 -0.5022183641975306
3.461709104938271 -2 -0.498151363168724
5.062500000000002 -2 -0.5798611111111124
2.437499999999998 -2 -0.4201388888888864
5.5 -2.925 -0.5116666666666674
5.5 -7.075 -0.4883333333333329
5.5 -6.500000000000004 -0.4999999999999982
5.5 -3.499999999999998 -0.5000000000000022
5.5 -5.300000000000004 -0.4999999999999969
5.5 -5.900000000000002 -0.4999999999999981
5.5 -4.700000000000001 -0.4999999999999999
5.5 -4.100000000000001 -0.5000000000000003
5.5 -7.550000000000002 -0.4299999999999992
5.5 -2.449999999999998 -0.5700000000000026
7.5 -8.437500000000009 -0.5
7.5 -9.036458333333336 -0.5091145833333321
7.5 -7.187500000000012 -0.5
7.5 -6.562500000000011 -0.5
7.5 -7.812500000000007 -0.5
7.5 -5.937500000000014 -0.5
7.5 -5.312500000000016 -0.5
7.5 -4.687500000000016 -0.5
7.5 -0.9635416666666687 -0.4908854166666668
7.5 -1.562500000000004 -0.5
7.5 -2.187500000000006 -0.5
7.5 -2.812500000000008 -0.5
7.5 -3.437500000000012 -0.5
7.5 -4.062500000000012 -0.5
7.5 -9.53125 -0.5546874999999934
7.5 -0.4687500000000009 -0.4453125000000008
4.062499999999988 0 -0.5
3.43749999999999 0 -0.5
2.812499999999992 0 -0.5
4.687499999999988 0 -0.5
1.562499999999996 0 -0.5
2.187499999999994 0 -0.5
0.9635416666666641 0 -0.4908854166666665
5.312499999999986 0 -0.5
5.937499999999989 0 -0.5
6.536458333333325 0 -0.5091145833333318
7.031249999999993 0 -0.5546874999999912
0.4687499999999988 0 -0.4453124999999991
0 -0.9635416666666625 -0.4908854166666677
0 -1.562499999999988 -0.5
0 -4.062499999999986 -0.5
0 -3.437499999999989 -0.5
0 -2.812499999999988 -0.5
0 -2.187499999999993 -0.5
0 -4.687499999999984 -0.5
0 -5.312499999999984 -0.5
0 -8.437499999999996 -0.5
0 -6.562499999999988 -0.5
0 -7.812499999999994 -0.5
0 -7.187499999999992 -0.5
0 -5.937499999999988 -0.5
0 -9.036458333333332 -0.5091145833333331
0 -0.4687500000000018 -0.4453125000000067
0 -9.53125 -0.5546874999999992
4.06250000000001 -10 -0.5
2.812500000000012 -10 -0.5
4.687500000000008 -10 -0.5
3.437500000000012 -10 -0.5
6.536458333333336 -10 -0.4908854166666665
5.937500000000004 -10 -0.5
5.312500000000006 -10 -0.5
2.187500000000014 -10 -0.5
1.562500000000011 -10 -0.5
0.963541666666675 -10 -0.5091145833333318
0.4687500000000071 -10 -0.5546874999999912
7.031250000000001 -10 -0.445312499999999
6.95970083248424 -8.441402237990403 -1
0.5341562085324281 -1.558597762009597 -1
5.976584963365451 -9.389925076548064 -1
1.53157583557344 -0.5779741027153147 -1
0.5412658773652756 -8.437499999999996 -1
6.958734122634724 -1.562500000000004 -1
1.544479971864174 -9.465733843060118 -1
5.955520028135826 -0.5342661569398821 -1
4.048611111111109 -1.500114519250705 -1
3.451388888888891 -8.499885480749295 -1
4.63048815432222 -8.494220213584747 -1
2.854166666666665 -1.498475197374969 -1
1.487553598273824 -5.302125850340139 -1
6.012446401726175 -4.697874149659859 -1
1.491995454556315 -4.087499999999999 -1
6.008004545443685 -5.912500000000001 -1
6.010222936934783 -3.479166666666669 -1
1.489777063065217 -6.520833333333331 -1
1.493174098517447 -2.870833333333333 -1
6.006825901482553 -7.129166666666667 -1
5.247222222222218 -1.490531329875667 -1
2.252777777777782 -8.509468670124333 -1
6.012398363905791 -2.299999999999999 -1
1.487601636094209 -7.699999999999999 -1
6.965641787572105 -5.312500000000015 -1
0.5343582124278945 -4.687499999999984 -1
3.43749999999999 -0.5345840510917128 -1
4.06250000000001 -9.465415948908287 -1
0.5412658773652756 -5.937499999999987 -1
6.958734122634723 -4.062500000000013 -1
2.812500000000014 -9.46636382309852 -1
4.687499999999986 -0.5336361769014797 -1
6.958734122634729 -6.562500000000013 -1
0.5412658773652717 -3.437499999999987 -1
6.958734122634723 -2.812500000000009 -1
0.5412658773652761 -7.187499999999991 -1
1.648044815744299 -8.384123306151285 -1
5.851955184255701 -1.615876693848715 -1
6.567224154315147 -0.5335952468431024 -1
0.9327758456848536 -9.466404753156898 -1
0.5329187113045126 -7.828056058948681 -1
0.5412658773652761 -6.562499999999989 -1
0.5284950289557542 -2.186849627001592 -1
1.03276858839423 -1.886195615926565 -1
1.126884638175715 -1.172199911715868 -1
6.967081288695487 -2.171943941051319 -1
6.970481144547024 -7.813150372998408 -1
6.458886184188975 -8.091354255529868 -1
6.36781180086027 -8.794766651365524 -1
6.958734122634725 -3.437500000000011 -1
5.314645241444729 -0.5160625174504272 -1
6.958734122634728 -5.937500000000015 -1
3.437500000000012 -9.473047468690201 -1
0.5340585254512291 -5.312499999999985 -1
4.683505523997531 -9.4578767884513 -1
6.965941474548771 -4.687500000000014 -1
2.182345972595568 -0.5361959121574227 -1
1.868844629889622 -1.078913694931103 -1
0.9070464016080884 -0.5434978557241426 -1
4.062499999999988 -0.5269525313097994 -1
0.5412658773652721 -4.062499999999985 -1
6.568558518784599 -9.460488489381147 -1
5.614185784996927 -8.878785066350984 -1
5.304429190273007 -9.407711726508847 -1
2.812186951688256 -0.5301231201962597 -1
2.185354758555271 -9.483937482549571 -1
0.5412658773652712 -2.81249999999999 -1
6.958734122634729 -7.187500000000011 -1
6.006156263998939 -6.52777777777778 -1
1.493843736001061 -3.472222222222219 -1
1.494755645536381 -5.916326530612242 -1
6.005244354463619 -4.083673469387758 -1
6.002434391908226 -5.305895691609976 -1
1.497565608091772 -4.69410430839002 -1
1.491189131073106 -7.132638888888886 -1
6.008810868926894 -2.867361111111114 -1
1.077393439757397 -8.146310953850014 -1
1.159908677102487 -8.854883181561499 -1
6.422606560242603 -1.853689046149987 -1
6.340091322897512 -1.145116818438501 -1
4.048368396090743 -8.497175934624664 -1
3.449074074074071 -1.501606633868622 -1
4.653472222222217 -1.496641302462869 -1
2.846527777777783 -8.503358697537131 -1
5.235860145048609 -8.458850675149531 -1
2.291666666666667 -1.502671722878874 -1
1.501508911772197 -2.300000000000002 -1
5.981050345691507 -7.740113402740758 -1
0.5041273270587157 -9.064861793452877 -1
6.995872672941284 -0.9351382065471219 -1
6.999599210698609 -9.062500000000002 -1
0.4737208061503164 -0.9362878331162348 -1
3.749614197530856 -1.010412237211166 -1
3.749959547496613 -8.989384857537715 -1
1.006749023182397 -4.999999999999985 -1
6.493250976817588 -4.999999999999993 -1
3.125000000000013 -9.000392156126921 -1
4.374999999999987 -0.99960784387308 -1
3.124999999999991 -0.9996078438730702 -1
4.364841505578264 -8.991915764668006 -1
6.500904427461892 -4.375000000000017 -1
0.9990955725381077 -5.624999999999984 -1
0.9990955725380939 -4.374999999999984 -1
6.500904427461906 -5.625000000000016 -1
1.591979447752063 -1.602039610214135 -1
2.499999999999993 -0.9937531030387872 -1
0.9921076393411332 -6.249999999999987 -1
6.507892360658866 -3.750000000000012 -1
0.9921076393411212 -3.749999999999985 -1
6.507892360658879 -6.250000000000015 -1
0.9913656980116676 -2.499999999999993 -1
6.501622755715221 -7.492897260600438 -1
4.999999999999986 -0.9895941217777642 -1
2.500000000000017 -9.010405878222233 -1
6.514214776408509 -3.125000000000011 -1
0.9857852235914906 -6.87499999999999 -1
6.514214776408519 -6.875000000000012 -1
0.9857852235914812 -3.124999999999988 -1
6.516029136312278 -2.500000000000008 -1
0.9839708636877207 -7.499999999999995 -1
5.911955686489187 -8.32015949424801 -1
5.618238999825995 -1.048574606388493 -1
1.881761000174005 -8.951425393611505 -1
4.972218384036093 -8.948226705785569 -1
7.045650459653089 -9.545650459653089 -1
0.45434954034691 -9.545650459653089 -1
7.04565045965309 -0.4543495403469109 -1
0.4477645087463826 -0.4477645087463813 -1
1.192731622226466 -1.269568323029879 0.4977314042814275
6.30727777495219 -8.730442246658917 0.4977422057246921
4.078604188545116 -8.877368944633783 0.5912808316416829
6.338704972613541 -1.269963923407734 0.4983891832589562
1.161285882836675 -8.730041146970446 0.4983913430530739
6.266780624536391 -3.71632437592174 1.431343261887148
2.874999999999998 -1.117167848847576 0.5506683645972285
5.601533915211469 -7.600553605264769 1.572390395575648
1.992310677053225 -6.865112817006381 1.804751409928254
2.875000000000002 -8.86621462622039 0.5891515528937437
5.507856110478164 -3.137445255889774 1.805101931678251
1.552224873955039 -4.701213992423174 1.872223118555894
4.624999999999998 -1.127856141950112 0.5793985768680903
1.154072463149186 -7.293807776810358 1.218685025767292
1.197211983068726 -6.289046103366802 1.47130279039714
3.084545909799862 -1.78061737268931 1.333626694425957
4.425478941092949 -8.26814762794338 1.337063668147257
5.344883499682917 -8.615037947182033 0.9329611846979853
5.46432168288151 -6.387706319398202 1.950364554495942
2.418127136921906 -8.252843990860182 1.265649605795987
5.976921694798101 -2.170963393752893 1.3368793816682
3.817295937853795 -0.9999999999999998 -8.024470263001682e-05
0.9518384147071012 -5.341177186123207 1.121015806510554
6.551954579601891 -4.658231249722466 1.109240745625737
1.839005009273251 -5.974767740142896 2.096190348855556
2.100054171459544 -1.966106678396364 1.39313899721493
0.991069570281105 -3.750045672624534 1.25253938090061
5.312500000000006 -9.015625 -0.01860481502564906
6.322202244367421 -6.146238935304731 1.486005718600882
6.065096193691837 -5.217284085212211 1.801238882750477
6.56885083494411 -4.688378899407214 -0.06933828548222654
0.931149165055893 -5.311621100592777 -0.06933828548222976
1.194543183819725 -2.657550762046808 1.229304740328846
0.9949115075313131 -3.298193132498296 -0.005117190620160528
0.9395649882679888 -7.187368457294739 -0.059676971487167
6.560435011732013 -2.812631542705263 -0.05967697148716833
6.550232673299722 -7.184810938048662 -0.04961965701453619
3.315706634206445 -7.221278173675943 1.908620273015634
6.303737137525399 -8.019974181831216 1.111475296530379
3.37636068299842 -2.812167608376233 1.916738964080944
1.867223023738068 -3.231508138237239 1.780168319607863
2.187500000000014 -9.075703976829915 -0.07497035161687284
4.531862528730134 -2.965631774081568 1.99062546620746
2.187499999999994 -0.9074695826666973 -0.09197190121126575
5.312499999999986 -0.919796832752543 -0.07942272400683026
5.077549157197417 -1.715185391746517 1.266297389486811
4.075592406901542 -1.608022537021136 1.274422864159752
4.316450595652665 -7.379082950831616 1.818857240073898
6.62408136154111 -5.936161861469502 -0.1239695479447389
1.00691337562637 -2.077091632030287 0.1760594848699823
1.466450816092435 -8.19536159324775 1.227395825685023
3.479248651960001 -8.481956461199665 1.24943483917175
3.439670082506892 -9.119247300186165 -0.1205569150867928
0.9357232124859309 -6.249489494754026 -0.06380063660339937
6.466541228497701 -3.721014384004508 0.06486271396546575
6.552432485920518 -2.827602361631655 0.9114506455282987
5.803284587003592 -4.320697004746674 2.011428027834483
6.464532693501567 -7.047571847971694 1.113491826373624
6.634798270870019 -5.594789985777 0.7695792626289244
1.840243227642628 -5.245733839082922 2.299999999999999
1.187090603495296 -4.131032892980955 -0.1830773535994249
2.022774602730411 -1.198174471803077 0.8905013211457209
6.591654794628735 -8.096533573580238 -0.09587648984974784
1.997051940100488 -8.896555531903632 0.7943296146792149
0.9051417766324082 -8.097289430347907 -0.1060121168700382
6.59485917896567 -1.902711460484785 -0.1060131654096331
4.485826282625402 -8.829961247230564 -0.164388405253617
1.111508652559826 -1.828417332255734 1.120120912625262
5.504878226684119 -1.093972314760242 0.7796459414198769
0.842398479027278 -6.6232006302636 0.7327987456884982
0.8051219267366388 -4.339981682308821 0.601963914478698
6.512926173491445 -0.7909785611035556 -0.1872085921744588
0.9870764920556258 -9.209022664957573 -0.1872100919707643
0.8221507739570294 -0.8852582832607097 -0.1973806962832806
2.511960876435625 -7.579038066072836 1.829121241936827
1.995616791773502 -4.029332541718627 2.090266328062803
3.66773952575481 -1.002679474827984 0.8374100898737847
2.688836950774657 -3.278532346940064 1.895770656755826
6.709325244461996 -8.97694395272932 -0.2074543429869149
6.754176411104288 -3.800407810128628 0.7526854381671635
6.409601296355094 -6.356308367173033 0.7238039463507362
2.716716619196506 -6.715112372914926 2.182715951402691
3.002708311704483 -0.7956124001953608 -0.2043075248483212
4.530550524731598 -2.130814017650284 1.783755524850701
4.567298756281266 -1.232947745464654 -0.2301141014522522
0.8831068445213537 -4.561011742305449 1.399438206523661
1.886525418239458 -7.543642878221302 1.354776063606241
6.619434517503575 -1.993503528374004 0.8234149901764281
5.965743817241243 -8.606694426446657 -0.2500000000000004
0.8492960252567918 -7.909166557593628 0.719787453565025
2.616680187551056 -2.431161173813191 1.883264275970952
5.157597398119837 -3.702314274513165 2.221575949298438
5.588466462838382 -5.667541378348804 2.224976804080154
5.273545186026267 -2.390346068395498 1.645945968250174
4.815227562953829 -9.175735135280583 0.5804269488669171
3.711663201611125 -7.929936319865217 1.806759539150511
6.235751098483099 -2.859627225319609 1.641217345403934
1.57384027586886 -8.613663516435414 -0.2500000000000004
4.740423501643287 -6.702593130735496 1.830586446188464
1.505935119083279 -1.315948116371906 -0.2474635641424752
1.735229119186141 -2.48183445287383 1.81965999513585
2.823908745750101 -8.687474858672884 -0.2058165824315014
3.675496703846793 -2.072854784421886 1.797911371692356
0.7462384350233562 -5.865890901539809 0.5853857778830553
6.79967328593972 -7.888124583177744 0.5809475039824662
0.7550303920347721 -3.151180909362552 0.7569740075327274
6.219299931992703 -5.320962616813002 -0.2794258512428511
6.217211407447265 -6.550000625243554 -0.2781458630282483
6.019274301895747 -6.943541352449207 1.77560181028054
3.09181222556047 -7.791627103274408 1.327749945428407
6.011997021868245 -9.286394030817069 0.07849597146706615
5.156112222438166 -8.224451003268291 1.565029124145303
6.051651530603225 -1.432786782241026 1.180951788769397
1.171796929483146 -3.700029703271769 0.5610560309023571
1.246650989852736 -2.67948821211655 -0.3272706399566876
0.6591174232990319 -4.639988649678525 -0.1820383439509122
0.6732344568410973 -1.739793576058648 0.5831908796996563
6.862226697329858 -6.562500000000013 0.1747064735448807
3.473637595575775 -9.153668490288869 0.9023694823861405
3.907177150594134 -6.970416643284274 2.299641894324812
1.447121134549762 -0.6920215289108285 0.1288449301367078
1.160098355050279 -5.579549528998191 1.873641837680914
6.866194246970277 -5.312500000000016 0.1469101388905897
5.925038847021891 -1.385309473479032 -0.2500000000000003
6.027666767346374 -8.68807157301733 1.165181930634832
2.354120142250072 -6.236641643580415 1.667090097693238
1.329368107399663 -4.799524112928203 -0.3297515500010847
3.458333333333336 -8.562790416335726 0.3204957045265954
5.047305844516901 -7.369903102434908 2.048339121097004
0.6401373410962012 -5.043157335260735 0.5381093596636839
0.6098851100671117 -1.562499999999994 -0.1523437500000006
5.932550242151502 -0.7245689548858846 0.2439590765030301
1.566994841423496 -9.275571682206959 0.2441765401246045
4.007170914183464 -2.688065066912772 1.541032952381114
6.736101386813215 -5.303036449951954 1.460960670921984
3.749601415709606 -8.598209755689297 -0.4073753393686664
0.6136797422503807 -3.749999999999988 -0.3786409417791045
4.677224058827711 -8.471239986913767 0.6873229335536967
1.393517683236673 -6.790057332523478 -0.3797933732476642
6.069853633617668 -3.22821611008219 -0.3467914791446529
4.478373696253568 -8.946510995045657 1.16421602665883
2.664032095786284 -1.179511265938131 1.254914021946821
4.06250000000001 -9.374166471416242 0.09078282951865313
2.851108929003895 -8.822625700707995 1.304085810931636
6.514394039367438 -4.329808132591649 1.780070984475372
1.139902836672101 -3.202522020512899 1.713368592506158
0.7717393301949401 -2.438992015212916 0.6957194035599099
5.763089579236352 -6.487217477666527 1.363170235719163
2.81108061095251 -9.369262019795347 0.0930493809565017
3.182412704656953 -1.40514684224575 -0.398926298515378
4.62982321962466 -1.165042671056064 1.288046916188337
2.315804331765059 -1.448352417472407 0.3175521440234435
2.361145184373465 -8.46271325039902 0.4332404420976387
6.155550546534147 -4.219793298770036 -0.3470236058343777
1.344449453465854 -5.78020670122996 -0.3470236058343783
2.766419641758657 -7.000022238445351 1.558563812371118
1.279745767092153 -6.912662533885019 1.809418495824026
6.378149141319104 -4.996091471566689 0.5273073066628008
4.374999999999988 -0.5987772018983321 -0.3966246457919554
1.545459532874001 -3.383903439445384 1.218178114832345
6.767570177860813 -9.243337394044293 0.4291587860051174
1.389100453962232 -1.199142691292977 1.161003227558358
6.810320733411008 -0.8270904763164582 0.6150990102916052
0.6896738389178473 -9.172910687328059 0.6151026671514829
0.5950280167400472 -2.49999999999999 -0.39883202692456
5.804823814593544 -7.119435495484713 1.16035308255013
1.508789070008475 -4.228520802958865 1.343199759389466
1.10890897515542 -4.135333805744351 1.936772017359254
0.7291222242081286 -0.7781298848925791 0.562124630530373
6.86597064898884 -4.450890912739784 0.5186426116191161
5.675050415018362 -4.943510121880013 2.327982939635792
1.499643939163167 -1.883539972782852 1.660496427225299
6.876376764663163 -3.200925558119016 0.4226527981694125
5.977451862586817 -4.341496670253139 1.338868562726403
6.331094630669162 -7.546509059068096 1.621128449964033
0.9869795759007176 -8.664599057769866 1.147810290989127
2.195694756529886 -3.42513950578726 2.353945635249501
5.160842508235975 -1.450723351227772 0.315625957195674
6.139452553832401 -5.263205126357998 1.116904712681309
5.552089183709326 -9.223489635021222 0.6214006184744951
5.969314659172849 -8.144379779905803 1.667023806834687
5.711341147978114 -5.776208239908386 1.528572299920881
0.6000957973753719 -8.667728964947742 -0.2962368530923409
6.899905010007435 -1.332272310521751 -0.2962360559239074
1.99544702224782 -4.690207309534947 2.454910828522452
6.822030468272252 -3.349691286724386 1.265130053778537
3.509083264833869 -1.481492780227715 0.3754427171013255
4.846661172728429 -9.363581350186111 -0.3551504186552054
5.683016909227043 -2.771123466744355 1.270173045937057
5.584692561733144 -1.765152819883211 0.8204011987662301
1.319588480953303 -2.009068675191047 -0.4232550168993734
5.101619433359757 -3.047410366663806 2.324160421526105
4.292347710567581 -0.6094447228478355 0.2906948673074071
6.296610651237518 -2.433512310556601 0.4297056420630935
6.092302753033486 -2.345836596880285 -0.2110117742551766
5.446783838648084 -7.95454944348575 1.020149579366853
0.6106315535208916 -6.039590640803285 1.230250217397356
3.970698702088149 -2.62721143661341 2.237811910869835
1.448587592767198 -4.893903740772414 1.231084736465242
2.667705026306359 -1.796664610344749 1.8187436844095
4.860691898576307 -7.582257777805321 1.372422431100695
1.409491163174821 -7.652846905017448 -0.2381981828901454
4.005337083057332 -6.819042374002747 1.600384339232848
0.7398490019304309 -6.782592027487216 1.384274315738015
2.977075815521254 -8.261543860142949 0.8622821095293505
1.177297506390342 -7.347523696448928 0.5487061591205682
5.226073557891544 -7.028610635743459 1.494680767482934
6.094537179306313 -7.790111962230016 -0.3678516713784749
0.9535817282284565 -4.960584395810406 1.915340864401941
1.125148989935993 -5.532650112178861 2.415717460729306
3.087676463551058 -2.48747737248378 1.358597346479825
3.336098344415756 -0.6735784227934066 0.3608301584550735
0.5662848465788903 -2.821806739707025 0.1869859204256304
2.333970086415654 -0.7092937961584976 0.5392786102199066
6.838533823995996 -6.496401361734846 1.226659249330236
5.954178828360838 -3.627294114417239 2.064378939389411
1.931014115246296 -5.457768791002812 1.652106765949139
6.774263243098677 -8.469897512126778 0.8587140903201296
5.670946560459897 -8.588040125750023 0.3498462922050249
1.36172353744648 -7.654891549285253 1.758457327321294
4.836755979684048 -3.517484189737846 1.659053315076942
5.463683058624375 -3.796241673691475 1.613010016440517
2.401112652983735 -3.804990088109825 1.619779864908324
0.5862923908897604 -3.808392641563998 0.2871312979190691
6.327996046165106 -7.402366861950963 0.552485301254222
0.6167984111267641 -6.721121747541027 -0.3752648836879293
6.883201588873239 -3.278878252458969 -0.3752648836879325
3.514783083367214 -1.276676314174453 1.428705894958198
5.625000000000005 -9.429171373804687 -0.4297245900270575
3.863839014575301 -7.915926718558132 1.128917259033977
4.678525936308989 -2.672777613393971 1.3836191559188
4.544790941700328 -2.086204933963135 1.041350313178392
6.888886201581765 -8.554020128993027 0.2361075924011869
4.641224777155955 -7.950779191250547 1.873777881430152
0.6153353765696734 -5.783938741990872 -0.3768486650542481
6.884664623430329 -4.216061258009126 -0.3768486650542501
4.968789638285604 -0.6005347329862031 0.3837071021867865
6.944913081696379 -7.50000000000001 -0.4420695343008101
1.930737644742661 -8.113364185592859 1.700298773207768
1.281952354006209 -6.732721766495447 0.2616499271758975
2.450556607613843 -1.694677405531856 0.9100559977593682
3.665812149665646 -3.196661347304186 2.366324118872468
1.238896199069172 -6.166824669100315 2.088073956241048
0.5963970137611344 -7.231437992197423 0.8568071501517698
1.810134530921309 -6.414116176109887 1.40601166303142
4.14886129985272 -1.462022887265097 0.3025800333005395
0.8968041625806346 -7.911277194391315 1.370491887692533
6.859549250418809 -1.607933856803593 0.3852572345387381
4.550805201988947 -7.0637666882907 2.338610472477948
6.917221873112157 -6.808342412278958 -0.4120929216815202
0.6391931287856453 -8.397099082771664 0.3805174385774153
0.6016515527342483 -7.614089284262337 -0.3991545811336207
6.898348958746553 -2.385911894304912 -0.3991551629567223

CELLS 6417 29539
1 0
1 1
1 2
1 3
1 4
1 5
1 6
1 7
1 8
1 9
1 10
1 11
1 12
1 13
1 14
1 15
1 16
1 17
1 18
1 19
1 20
1 21
1 22
1 23
1 24
1 25
2 0 26
2 26 27
2 27 1
2 1 28
2 28 29
2 29 30
2 30 31
2 31 32
2 32 33
2 33 34
2 34 35
2 35 36
2 36 37
2 37 38
2 38 39
2 39 1
2 0 40
2 40 41
2 41 42
2 42 43
2 43 44
2 44 45
2 45 46
2 46 47
2 47 48
2 48 49
2 49 50
2 50 51
2 51 0
2 2 52
2 52 53
2 53 54
2 54 3
2 4 55
2 55 56
2 56 57
2 57 58
2 58 2
2 5 59
2 59 60
2 60 61
2 61 4
2 3 62
2 62 63
2 63 64
2 64 65
2 65 5
2 6 66
2 66 67
2 67 68
2 68 69
2 69 70
2 70 7
2 2 71
2 71 72
2 72 73
2 73 7
2 6 74
2 74 75
2 75 76
2 76 3
2 7 77
2 77 78
2 78 79
2 79 80
2 80 81
2 81 82
2 82 83
2 83 84
2 84 85
2 85 8
2 4 86
2 86 87
2 87 88
2 88 8
2 8 89
2 89 90
2 90 91
2 91 92
2 92 93
2 93 9
2 5 94
2 94 95
2 95 96
2 96 9
2 9 97
2 97 98
2 98 99
2 99 100
2 100 101
2 101 102
2 102 103
2 103 104
2 104 105
2 105 6
2 10 106
2 106 107
2 107 108
2 108 109
2 109 11
2 12 110
2 110 111
2 111 112
2 112 113
2 113 114
2 114 115
2 115 10
2 13 116
2 116 117
2 117 118
2 118 119
2 119 12
2 11 120
2 120 121
2 121 122
2 122 123
2 123 124
2 124 125
2 125 13
2 14 126
2 126 127
2 127 128
2 128 129
2 129 130
2 130 131
2 131 132
2 132 133
2 133 11
2 15 134
2 134 135
2 135 136
2 136 137
2 137 138
2 138 139
2 139 140
2 140 141
2 141 10
2 15 142
2 142 143
2 143 144
2 144 145
2 145 146
2 146 147
2 147 148
2 148 149
2 149 150
2 150 151
2 151 152
2 152 14
2 16 153
2 153 154
2 154 155
2 155 156
2 156 157
2 157 158
2 158 159
2 159 160
2 160 13
2 14 161
2 161 162
2 162 163
2 163 164
2 164 165
2 165 166
2 166 167
2 167 168
2 168 169
2 169 170
2 170 171
2 171 172
2 172 173
2 173 174
2 174 175
2 175 16
2 17 176
2 176 177
2 177 178
2 178 179
2 179 180
2 180 181
2 181 182
2 182 183
2 183 12
2 16 184
2 184 185
2 185 186
2 186 187
2 187 188
2 188 189
2 189 190
2 190 191
2 191 192
2 192 193
2 193 194
2 194 17
2 17 195
2 195 196
2 196 197
2 197 198
2 198 199
2 199 200
2 200 201
2 201 202
2 202 203
2 203 204
2 204 205
2 205 206
2 206 207
2 207 208
2 208 209
2 209 15
2 8 210
2 210 18
2 19 211
2 211 212
2 212 213
2 213 214
2 214 215
2 215 18
2 9 216
2 216 19
2 20 217
2 217 218
2 218 219
2 219 220
2 220 221
2 221 222
2 222 223
2 223 224
2 224 225
2 225 19
2 6 226
2 226 20
2 21 227
2 227 228
2 228 229
2 229 230
2 230 231
2 231 20
2 7 232
2 232 21
2 18 233
2 233 234
2 234 235
2 235 236
2 236 237
2 237 238
2 238 239
2 239 240
2 240 241
2 241 21
2 16 242
2 242 22
2 23 243
2 243 244
2 244 245
2 245 246
2 246 247
2 247 248
2 248 249
2 249 250
2 250 251
2 251 252
2 252 253
2 253 254
2 254 255
2 255 256
2 256 257
2 257 22
2 14 258
2 258 23
2 24 259
2 259 260
2 260 261
2 261 262
2 262 263
2 263 264
2 264 265
2 265 266
2 266 267
2 267 268
2 268 269
2 269 23
2 15 270
2 270 24
2 25 271
2 271 272
2 272 273
2 273 274
2 274 275
2 275 276
2 276 277
2 277 278
2 278 279
2 279 280
2 280 281
2 281 282
2 282 283
2 283 284
2 284 285
2 285 24
2 17 286
2 286 25
2 22 287
2 287 288
2 288 289
2 289 290
2 290 291
2 291 292
2 292 293
2 293 294
2 294 295
2 295 296
2 296 297
2 297 25
3 26 0 324
3 0 26 325
3 40 0 325
3 0 51 324
3 1 27 322
3 27 1 323
3 1 28 323
3 39 1 322
3 26 27 298
3 27 26 299
3 26 298 325
3 299 26 324
3 298 27 323
3 27 299 322
3 28 29 312
3 28 312 323
3 29 30 319
3 312 29 319
3 30 31 300
3 30 300 319
3 31 32 318
3 300 31 318
3 32 33 303
3 32 303 318
3 33 34 321
3 303 33 321
3 34 35 314
3 34 314 321
3 35 36 308
3 35 308 314
3 36 37 302
3 36 302 308
3 37 38 320
3 302 37 320
3 38 39 310
3 38 310 320
3 310 39 322
3 41 40 309
3 309 40 325
3 42 41 305
3 305 41 309
3 43 42 313
3 42 305 313
3 44 43 304
3 304 43 313
3 45 44 315
3 44 304 315
3 46 45 307
3 307 45 315
3 47 46 301
3 301 46 307
3 48 47 316
3 47 301 316
3 49 48 317
3 48 316 317
3 50 49 306
3 306 49 317
3 51 50 311
3 50 306 311
3 51 311 324
3 309 298 312
3 298 309 325
3 312 298 323
3 310 299 311
3 299 310 322
3 311 299 324
3 300 304 313
3 304 300 318
3 305 300 313
3 300 305 319
3 301 307 321
3 308 301 314
3 301 308 316
3 314 301 321
3 302 306 317
3 306 302 320
3 308 302 316
3 316 302 317
3 304 303 315
3 303 304 318
3 303 307 315
3 307 303 321
3 305 309 312
3 305 312 319
3 306 310 311
3 310 306 320
3 1 326 28
3 39 332 1
3 1 332 326
3 28 333 29
3 326 333 28
3 29 333 30
3 30 328 31
3 30 333 328
3 31 334 32
3 328 334 31
3 32 334 33
3 33 327 34
3 33 334 327
3 34 330 35
3 327 330 34
3 35 330 36
3 36 330 37
3 37 329 38
3 37 330 329
3 38 332 39
3 329 332 38
3 326 332 331
3 331 333 326
3 327 331 330
3 327 334 331
3 328 333 331
3 331 334 328
3 330 331 329
3 331 332 329
3 52 2 356
3 2 58 341
3 2 341 356
3 3 54 342
3 62 3 357
3 3 342 357
3 55 4 351
3 4 61 340
3 4 340 351
3 59 5 352
3 5 65 352
3 53 52 338
3 338 52 356
3 54 53 354
3 53 338 354
3 342 54 354
3 56 55 351
3 57 56 335
3 335 56 351
3 58 57 355
3 57 335 355
3 341 58 355
3 60 59 337
3 337 59 352
3 61 60 353
3 60 337 353
3 340 61 353
3 63 62 336
3 336 62 357
3 64 63 343
3 63 336 343
3 65 64 339
3 339 64 343
3 65 339 352
3 348 335 350
3 335 348 355
3 350 335 351
3 343 336 344
3 344 336 358
3 336 357 358
3 337 345 349
3 345 337 352
3 337 349 353
3 338 341 348
3 341 338 356
3 347 338 348
3 338 347 354
3 339 343 344
3 339 344 345
3 339 345 352
3 340 349 351
3 349 340 353
3 348 341 355
3 347 342 354
3 342 347 358
3 357 342 358
3 345 344 346
3 346 344 347
3 347 344 358
3 345 346 349
3 346 347 348
3 346 348 350
3 349 346 350
3 349 350 351
3 52 366 2
3 2 366 71
3 3 364 54
3 76 364 3
3 66 361 6
3 6 361 74
3 7 367 70
3 73 360 7
3 360 367 7
3 53 365 52
3 365 367 52
3 52 367 366
3 54 363 53
3 363 365 53
3 54 364 363
3 67 361 66
3 68 368 67
3 67 368 361
3 69 362 68
3 362 368 68
3 70 367 69
3 69 367 362
3 71 366 72
3 72 360 73
3 72 366 360
3 74 359 75
3 74 361 359
3 75 364 76
3 359 364 75
3 361 364 359
3 366 367 360
3 363 364 361
3 361 368 363
3 362 365 363
3 363 368 362
3 362 367 365
3 2 377 58
3 71 377 2
3 4 55 86
3 7 77 73
3 85 8 88
3 56 373 55
3 55 372 86
3 55 379 372
3 373 379 55
3 57 370 56
3 370 373 56
3 58 371 57
3 57 376 370
3 371 376 57
3 58 377 369
3 369 378 58
3 58 378 371
3 72 375 71
3 71 375 369
3 369 377 71
3 73 375 72
3 77 375 73
3 78 375 77
3 79 378 78
3 369 375 78
3 78 378 369
3 80 378 79
3 81 376 80
3 80 376 371
3 371 378 80
3 82 370 81
3 370 376 81
3 83 380 82
3 82 380 370
3 84 380 83
3 85 374 84
3 84 374 372
3 372 380 84
3 88 374 85
3 86 374 87
3 372 374 86
3 87 374 88
3 370 380 373
3 379 380 372
3 373 380 379
3 4 391 61
3 86 388 4
3 388 391 4
3 59 392 5
3 5 392 94
3 89 88 8
3 9 382 93
3 96 382 9
3 60 386 59
3 386 393 59
3 59 393 392
3 61 387 60
3 60 387 386
3 61 391 387
3 87 388 86
3 88 381 87
3 381 388 87
3 89 381 88
3 90 384 89
3 89 384 381
3 91 390 90
3 90 390 384
3 92 383 91
3 383 390 91
3 93 389 92
3 92 389 383
3 382 389 93
3 94 385 95
3 94 392 385
3 95 385 96
3 96 385 382
3 384 388 381
3 385 389 382
3 386 387 383
3 383 393 386
3 387 390 383
3 389 393 383
3 384 391 388
3 390 391 384
3 385 393 389
3 392 393 385
3 387 391 390
3 76 3 62
3 5 402 65
3 94 402 5
3 74 105 6
3 96 9 97
3 63 398 62
3 62 397 76
3 62 404 397
3 398 404 62
3 64 395 63
3 395 398 63
3 65 396 64
3 64 401 395
3 396 401 64
3 65 402 394
3 394 403 65
3 65 403 396
3 75 399 74
3 74 399 105
3 76 397 75
3 397 399 75
3 95 400 94
3 94 400 394
3 394 402 94
3 96 400 95
3 97 400 96
3 98 400 97
3 99 403 98
3 394 400 98
3 98 403 394
3 100 403 99
3 101 401 100
3 100 401 396
3 396 403 100
3 102 395 101
3 395 401 101
3 103 405 102
3 102 405 395
3 104 405 103
3 105 399 104
3 104 399 397
3 397 405 104
3 395 405 398
3 404 405 397
3 398 405 404
3 40 411 0
3 0 408 51
3 0 421 408
3 411 421 0
3 10 418 106
3 115 414 10
3 414 418 10
3 109 409 11
3 11 423 120
3 409 423 11
3 12 406 110
3 119 424 12
3 12 424 406
3 13 415 116
3 125 415 13
3 41 414 40
3 40 414 411
3 42 418 41
3 41 418 414
3 43 416 42
3 416 418 42
3 44 409 43
3 409 416 43
3 45 407 44
3 407 423 44
3 44 423 409
3 46 410 45
3 45 420 407
3 410 420 45
3 47 412 46
3 46 422 410
3 412 422 46
3 48 415 47
3 47 415 412
3 49 417 48
3 48 417 415
3 50 413 49
3 413 417 49
3 51 406 50
3 406 424 50
3 50 424 413
3 51 419 406
3 408 419 51
3 106 418 107
3 107 416 108
3 107 418 416
3 108 416 109
3 109 416 409
3 110 419 111
3 406 419 110
3 111 408 112
3 111 419 408
3 112 421 113
3 408 421 112
3 113 411 114
3 113 421 411
3 114 414 115
3 411 414 114
3 116 417 117
3 415 417 116
3 117 417 118
3 118 413 119
3 118 417 413
3 413 424 119
3 120 407 121
3 120 423 407
3 121 420 122
3 407 420 121
3 122 410 123
3 122 420 410
3 123 422 124
3 410 422 123
3 124 412 125
3 124 422 412
3 412 415 125
3 10 106 452
3 141 10 452
3 109 11 455
3 11 133 455
3 14 152 126
3 15 134 142
3 106 107 435
3 106 435 452
3 107 108 429
3 107 429 435
3 108 109 432
3 429 108 433
3 108 432 433
3 432 109 455
3 127 126 478
3 126 152 478
3 128 127 448
3 448 127 478
3 129 128 475
3 128 448 475
3 130 129 426
3 426 129 475
3 131 130 470
3 130 426 470
3 132 131 430
3 430 131 470
3 133 132 455
3 132 430 455
3 134 135 486
3 142 134 486
3 135 136 480
3 135 480 486
3 136 137 437
3 136 437 480
3 137 138 425
3 137 425 437
3 138 139 471
3 425 138 471
3 139 140 428
3 139 428 471
3 140 141 477
3 428 140 477
3 141 452 477
3 143 142 453
3 453 142 486
3 144 143 474
3 143 453 474
3 145 144 434
3 434 144 474
3 146 145 468
3 145 434 468
3 147 146 427
3 427 146 468
3 148 147 465
3 147 427 465
3 149 148 431
3 431 148 465
3 150 149 466
3 149 431 466
3 151 150 436
3 436 150 466
3 152 151 464
3 151 436 464
3 152 464 478
3 437 425 438
3 438 425 439
3 439 425 471
3 461 426 462
3 426 461 470
3 462 426 475
3 465 427 476
3 427 468 479
3 476 427 479
3 471 428 472
3 472 428 477
3 429 433 441
3 435 429 441
3 455 430 458
3 430 457 458
3 457 430 470
3 431 465 473
3 466 431 467
3 467 431 473
3 433 432 458
3 432 455 458
3 441 433 442
3 442 433 443
3 443 433 458
3 468 434 469
3 469 434 482
3 434 474 482
3 435 441 454
3 452 435 454
3 463 436 466
3 436 463 481
3 464 436 481
3 437 438 450
3 437 450 480
3 438 439 440
3 438 440 482
3 450 438 482
3 440 439 451
3 451 439 472
3 439 471 472
3 440 451 485
3 440 469 482
3 469 440 484
3 484 440 485
3 441 442 456
3 454 441 456
3 442 443 444
3 442 444 445
3 442 445 456
3 444 443 447
3 447 443 457
3 457 443 458
3 445 444 446
3 446 444 459
3 444 447 459
3 445 446 449
3 445 449 485
3 456 445 485
3 449 446 476
3 446 459 473
3 446 473 476
3 447 457 461
3 459 447 460
3 460 447 461
3 464 448 478
3 448 464 481
3 475 448 481
3 449 476 479
3 449 479 484
3 449 484 485
3 453 450 474
3 450 453 480
3 474 450 482
3 456 451 483
3 451 456 485
3 451 472 483
3 452 454 477
3 480 453 486
3 454 456 483
3 454 472 477
3 472 454 483
3 461 457 470
3 459 460 467
3 459 467 473
3 460 461 462
3 460 462 463
3 460 463 467
3 463 462 481
3 462 475 481
3 463 466 467
3 473 465 476
3 468 469 479
3 479 469 484
3 11 120 534
3 133 11 534
3 125 13 507
3 13 160 507
3 14 126 161
3 175 153 16
3 120 121 496
3 120 496 534
3 121 122 487
3 121 487 498
3 496 121 498
3 122 123 508
3 487 122 519
3 122 508 519
3 123 124 491
3 123 491 508
3 124 125 493
3 491 124 499
3 124 493 499
3 493 125 507
3 126 127 547
3 161 126 547
3 127 128 528
3 127 528 547
3 128 129 546
3 528 128 546
3 129 130 494
3 129 494 546
3 130 131 490
3 130 490 494
3 131 132 542
3 490 131 542
3 132 133 500
3 132 500 542
3 500 133 534
3 154 153 545
3 153 175 545
3 155 154 526
3 526 154 545
3 156 155 552
3 155 526 552
3 157 156 488
3 488 156 552
3 158 157 543
3 157 488 543
3 159 158 497
3 497 158 543
3 160 159 560
3 159 497 560
3 507 160 560
3 162 161 563
3 161 547 563
3 163 162 503
3 503 162 563
3 164 163 540
3 163 503 540
3 165 164 533
3 533 164 540
3 166 165 495
3 495 165 533
3 167 166 538
3 166 495 538
3 168 167 489
3 489 167 538
3 169 168 535
3 168 489 535
3 170 169 557
3 169 535 557
3 171 170 492
3 492 170 557
3 172 171 549
3 171 492 549
3 173 172 556
3 527 172 549
3 172 527 556
3 174 173 502
3 502 173 556
3 175 174 561
3 174 502 561
3 545 175 561
3 498 487 519
3 488 522 543
3 522 488 564
3 488 552 564
3 535 489 551
3 489 538 539
3 489 539 551
3 494 490 501
3 501 490 504
3 504 490 542
3 491 499 518
3 508 491 554
3 491 518 554
3 492 531 548
3 531 492 557
3 492 548 549
3 499 493 509
3 493 507 509
3 494 501 529
3 494 529 546
3 495 533 537
3 495 537 541
3 538 495 541
3 496 498 558
3 496 525 534
3 525 496 558
3 509 497 536
3 497 509 560
3 536 497 543
3 498 519 530
3 498 530 553
3 498 553 558
3 499 509 510
3 499 510 511
3 499 511 518
3 525 500 534
3 500 525 542
3 501 504 505
3 501 505 506
3 501 506 529
3 555 502 556
3 502 555 562
3 561 502 562
3 540 503 559
3 559 503 563
3 505 504 523
3 523 504 525
3 525 504 542
3 506 505 537
3 505 523 524
3 505 524 537
3 529 506 540
3 533 506 537
3 506 533 540
3 509 507 560
3 519 508 554
3 510 509 536
3 511 510 512
3 512 510 515
3 515 510 536
3 511 512 513
3 511 513 514
3 511 514 518
3 513 512 548
3 512 515 520
3 512 520 548
3 514 513 516
3 516 513 531
3 531 513 548
3 514 516 517
3 514 517 550
3 518 514 550
3 520 515 521
3 521 515 522
3 522 515 536
3 517 516 551
3 516 531 535
3 516 535 551
3 530 517 544
3 517 530 550
3 517 539 544
3 539 517 551
3 518 550 554
3 530 519 550
3 550 519 554
3 520 521 527
3 520 527 549
3 548 520 549
3 521 522 564
3 527 521 555
3 521 532 555
3 532 521 564
3 522 536 543
3 524 523 553
3 523 525 558
3 553 523 558
3 537 524 541
3 541 524 544
3 544 524 553
3 526 545 561
3 552 526 562
3 526 561 562
3 527 555 556
3 528 546 559
3 547 528 563
3 528 559 563
3 529 540 559
3 546 529 559
3 530 544 553
3 535 531 557
3 532 552 562
3 552 532 564
3 555 532 562
3 539 538 541
3 539 541 544
3 119 12 595
3 12 183 595
3 13 116 592
3 160 13 592
3 16 153 184
3 194 176 17
3 116 117 575
3 116 575 592
3 117 118 569
3 117 569 575
3 118 119 572
3 569 118 573
3 118 572 573
3 572 119 595
3 153 154 626
3 184 153 626
3 154 155 620
3 154 620 626
3 155 156 577
3 155 577 620
3 156 157 565
3 156 565 577
3 157 158 611
3 565 157 611
3 158 159 568
3 158 568 611
3 159 160 617
3 568 159 617
3 160 592 617
3 177 176 618
3 176 194 618
3 178 177 588
3 588 177 618
3 179 178 615
3 178 588 615
3 180 179 566
3 566 179 615
3 181 180 610
3 180 566 610
3 182 181 570
3 570 181 610
3 183 182 595
3 182 570 595
3 185 184 593
3 593 184 626
3 186 185 614
3 185 593 614
3 187 186 574
3 574 186 614
3 188 187 608
3 187 574 608
3 189 188 567
3 567 188 608
3 190 189 605
3 189 567 605
3 191 190 571
3 571 190 605
3 192 191 606
3 191 571 606
3 193 192 576
3 576 192 606
3 194 193 604
3 193 576 604
3 194 604 618
3 577 565 578
3 578 565 579
3 579 565 611
3 601 566 602
3 566 601 610
3 602 566 615
3 605 567 616
3 567 608 619
3 616 567 619
3 611 568 612
3 612 568 617
3 569 573 581
3 575 569 581
3 595 570 598
3 570 597 598
3 597 570 610
3 571 605 613
3 606 571 607
3 607 571 613
3 573 572 598
3 572 595 598
3 581 573 582
3 582 573 583
3 583 573 598
3 608 574 609
3 609 574 622
3 574 614 622
3 575 581 594
3 592 575 594
3 603 576 606
3 576 603 621
3 604 576 621
3 577 578 590
3 577 590 620
3 578 579 580
3 578 580 622
3 590 578 622
3 580 579 591
3 591 579 612
3 579 611 612
3 580 591 625
3 580 609 622
3 609 580 624
3 624 580 625
3 581 582 596
3 594 581 596
3 582 583 584
3 582 584 585
3 582 585 596
3 584 583 587
3 587 583 597
3 597 583 598
3 585 584 586
3 586 584 599
3 584 587 599
3 585 586 589
3 585 589 625
3 596 585 625
3 589 586 616
3 586 599 613
3 586 613 616
3 587 597 601
3 599 587 600
3 600 587 601
3 604 588 618
3 588 604 621
3 615 588 621
3 589 616 619
3 589 619 624
3 589 624 625
3 593 590 614
3 590 593 620
3 614 590 622
3 596 591 623
3 591 596 625
3 591 612 623
3 592 594 617
3 620 593 626
3 594 596 623
3 594 612 617
3 612 594 623
3 601 597 610
3 599 600 607
3 599 607 613
3 600 601 602
3 600 602 603
3 600 603 607
3 603 602 621
3 602 615 621
3 603 606 607
3 613 605 616
3 608 609 619
3 619 609 624
3 115 10 647
3 10 141 647
3 12 110 674
3 183 12 674
3 209 134 15
3 195 17 176
3 110 111 636
3 110 636 674
3 111 112 627
3 111 627 638
3 636 111 638
3 112 113 648
3 627 112 659
3 112 648 659
3 113 114 631
3 113 631 648
3 114 115 633
3 631 114 639
3 114 633 639
3 633 115 647
3 135 134 685
3 134 209 685
3 136 135 666
3 666 135 685
3 137 136 692
3 136 666 692
3 138 137 628
3 628 137 692
3 139 138 683
3 138 628 683
3 140 139 637
3 637 139 683
3 141 140 700
3 140 637 700
3 647 141 700
3 176 177 687
3 195 176 687
3 177 178 668
3 177 668 687
3 178 179 686
3 668 178 686
3 179 180 634
3 179 634 686
3 180 181 630
3 180 630 634
3 181 182 682
3 630 181 682
3 182 183 640
3 182 640 682
3 640 183 674
3 196 195 703
3 195 687 703
3 197 196 643
3 643 196 703
3 198 197 680
3 197 643 680
3 199 198 673
3 673 198 680
3 200 199 635
3 635 199 673
3 201 200 678
3 200 635 678
3 202 201 629
3 629 201 678
3 203 202 675
3 202 629 675
3 204 203 697
3 203 675 697
3 205 204 632
3 632 204 697
3 206 205 689
3 205 632 689
3 207 206 696
3 667 206 689
3 206 667 696
3 208 207 642
3 642 207 696
3 209 208 701
3 208 642 701
3 685 209 701
3 638 627 659
3 628 662 683
3 662 628 704
3 628 692 704
3 675 629 691
3 629 678 679
3 629 679 691
3 634 630 641
3 641 630 644
3 644 630 682
3 631 639 658
3 648 631 694
3 631 658 694
3 632 671 688
3 671 632 697
3 632 688 689
3 639 633 649
3 633 647 649
3 634 641 669
3 634 669 686
3 635 673 677
3 635 677 681
3 678 635 681
3 636 638 698
3 636 665 674
3 665 636 698
3 649 637 676
3 637 649 700
3 676 637 683
3 638 659 670
3 638 670 693
3 638 693 698
3 639 649 650
3 639 650 651
3 639 651 658
3 665 640 674
3 640 665 682
3 641 644 645
3 641 645 646
3 641 646 669
3 695 642 696
3 642 695 702
3 701 642 702
3 680 643 699
3 699 643 703
3 645 644 663
3 663 644 665
3 665 644 682
3 646 645 677
3 645 663 664
3 645 664 677
3 669 646 680
3 673 646 677
3 646 673 680
3 649 647 700
3 659 648 694
3 650 649 676
3 651 650 652
3 652 650 655
3 655 650 676
3 651 652 653
3 651 653 654
3 651 654 658
3 653 652 688
3 652 655 660
3 652 660 688
3 654 653 656
3 656 653 671
3 671 653 688
3 654 656 657
3 654 657 690
3 658 654 690
3 660 655 661
3 661 655 662
3 662 655 676
3 657 656 691
3 656 671 675
3 656 675 691
3 670 657 684
3 657 670 690
3 657 679 684
3 679 657 691
3 658 690 694
3 670 659 690
3 690 659 694
3 660 661 667
3 660 667 689
3 688 660 689
3 661 662 704
3 667 661 695
3 661 672 695
3 672 661 704
3 662 676 683
3 664 663 693
3 663 665 698
3 693 663 698
3 677 664 681
3 681 664 684
3 684 664 693
3 666 685 701
3 692 666 702
3 666 701 702
3 667 695 696
3 668 686 699
3 687 668 703
3 668 699 703
3 669 680 699
3 686 669 699
3 670 684 693
3 675 671 697
3 672 692 702
3 692 672 704
3 695 672 702
3 679 678 681
3 679 681 684
3 8 710 89
3 210 710 8
3 93 709 9
3 9 709 216
3 18 710 210
3 215 710 18
3 19 709 211
3 216 709 19
3 89 706 90
3 89 710 706
3 90 707 91
3 706 707 90
3 91 708 92
3 707 708 91
3 92 705 93
3 92 708 705
3 705 709 93
3 211 705 212
3 211 709 705
3 212 708 213
3 705 708 212
3 213 707 214
3 213 708 707
3 214 706 215
3 214 707 706
3 706 710 215
3 105 719 6
3 6 719 226
3 9 720 97
3 216 720 9
3 19 720 216
3 225 720 19
3 20 719 217
3 226 719 20
3 97 712 98
3 97 720 712
3 98 714 99
3 712 714 98
3 99 718 100
3 714 718 99
3 100 715 101
3 100 718 715
3 101 716 102
3 715 716 101
3 102 717 103
3 716 717 102
3 103 713 104
3 103 717 713
3 104 711 105
3 104 713 711
3 711 719 105
3 217 711 218
3 217 719 711
3 218 713 219
3 711 713 218
3 219 717 220
3 713 717 219
3 220 716 221
3 220 717 716
3 221 715 222
3 221 716 715
3 222 718 223
3 715 718 222
3 223 714 224
3 223 718 714
3 224 712 225
3 224 714 712
3 712 720 225
3 6 726 66
3 226 726 6
3 70 725 7
3 7 725 232
3 20 726 226
3 231 726 20
3 21 725 227
3 232 725 21
3 66 721 67
3 66 726 721
3 67 724 68
3 721 724 67
3 68 723 69
3 68 724 723
3 69 722 70
3 69 723 722
3 722 725 70
3 227 722 228
3 227 725 722
3 228 723 229
3 722 723 228
3 229 724 230
3 723 724 229
3 230 721 231
3 230 724 721
3 721 726 231
3 7 736 77
3 232 736 7
3 85 735 8
3 8 735 210
3 210 735 18
3 18 735 233
3 21 736 232
3 241 736 21
3 77 727 78
3 77 736 727
3 78 730 79
3 727 730 78
3 79 734 80
3 730 734 79
3 80 733 81
3 80 734 733
3 81 731 82
3 81 733 731
3 82 732 83
3 731 732 82
3 83 729 84
3 83 732 729
3 84 728 85
3 84 729 728
3 728 735 85
3 233 728 234
3 233 735 728
3 234 729 235
3 728 729 234
3 235 732 236
3 729 732 235
3 236 731 237
3 236 732 731
3 237 733 238
3 731 733 237
3 238 734 239
3 733 734 238
3 239 730 240
3 239 734 730
3 240 727 241
3 240 730 727
3 727 736 241
3 161 752 14
3 14 752 258
3 16 751 175
3 242 751 16
3 22 751 242
3 257 751 22
3 23 752 243
3 258 752 23
3 162 745 161
3 745 752 161
3 163 746 162
3 162 746 745
3 164 747 163
3 163 747 746
3 165 748 164
3 164 748 747
3 166 749 165
3 165 749 748
3 167 750 166
3 166 750 749
3 168 744 167
3 744 750 167
3 169 743 168
3 743 744 168
3 170 742 169
3 742 743 169
3 171 740 170
3 740 742 170
3 172 739 171
3 739 740 171
3 173 741 172
3 172 741 739
3 174 737 173
3 737 741 173
3 175 738 174
3 174 738 737
3 175 751 738
3 243 745 244
3 243 752 745
3 244 746 245
3 745 746 244
3 245 747 246
3 746 747 245
3 246 748 247
3 747 748 246
3 247 749 248
3 748 749 247
3 248 750 249
3 749 750 248
3 249 744 250
3 249 750 744
3 250 743 251
3 250 744 743
3 251 742 252
3 251 743 742
3 252 740 253
3 252 742 740
3 253 739 254
3 253 740 739
3 254 741 255
3 739 741 254
3 255 737 256
3 255 741 737
3 256 738 257
3 737 738 256
3 738 751 257
3 14 763 152
3 258 763 14
3 142 764 15
3 15 764 270
3 23 763 258
3 269 763 23
3 24 764 259
3 270 764 24
3 143 759 142
3 759 764 142
3 144 757 143
3 757 759 143
3 145 758 144
3 144 758 757
3 146 755 145
3 755 758 145
3 147 754 146
3 754 755 146
3 148 753 147
3 753 754 147
3 149 756 148
3 148 756 753
3 150 760 149
3 149 760 756
3 151 761 150
3 150 761 760
3 152 762 151
3 151 762 761
3 152 763 762
3 259 759 260
3 259 764 759
3 260 757 261
3 260 759 757
3 261 758 262
3 757 758 261
3 262 755 263
3 262 758 755
3 263 754 264
3 263 755 754
3 264 753 265
3 264 754 753
3 265 756 266
3 753 756 265
3 266 760 267
3 756 760 266
3 267 761 268
3 760 761 267
3 268 762 269
3 761 762 268
3 762 763 269
3 15 779 209
3 270 779 15
3 195 780 17
3 17 780 286
3 24 779 270
3 285 779 24
3 25 780 271
3 286 780 25
3 196 778 195
3 778 780 195
3 197 773 196
3 773 778 196
3 198 775 197
3 197 775 773
3 199 776 198
3 198 776 775
3 200 774 199
3 774 776 199
3 201 777 200
3 200 777 774
3 202 772 201
3 772 777 201
3 203 771 202
3 771 772 202
3 204 767 203
3 767 771 203
3 205 768 204
3 204 768 767
3 206 769 205
3 205 769 768
3 207 770 206
3 206 770 769
3 208 766 207
3 766 770 207
3 209 765 208
3 765 766 208
3 209 779 765
3 271 778 272
3 271 780 778
3 272 773 273
3 272 778 773
3 273 775 274
3 773 775 273
3 274 776 275
3 775 776 274
3 275 774 276
3 275 776 774
3 276 777 277
3 774 777 276
3 277 772 278
3 277 777 772
3 278 771 279
3 278 772 771
3 279 767 280
3 279 771 767
3 280 768 281
3 767 768 280
3 281 769 282
3 768 769 281
3 282 770 283
3 769 770 282
3 283 766 284
3 283 770 766
3 284 765 285
3 284 766 765
3 765 779 285
3 184 792 16
3 16 792 242
3 17 791 194
3 286 791 17
3 242 792 22
3 22 792 287
3 25 791 286
3 297 791 25
3 185 785 184
3 785 792 184
3 186 786 185
3 185 786 785
3 187 787 186
3 186 787 786
3 188 783 187
3 783 787 187
3 189 781 188
3 781 783 188
3 190 784 189
3 189 784 781
3 191 782 190
3 782 784 190
3 192 788 191
3 191 788 782
3 193 789 192
3 192 789 788
3 194 790 193
3 193 790 789
3 194 791 790
3 287 785 288
3 287 792 785
3 288 786 289
3 785 786 288
3 289 787 290
3 786 787 289
3 290 783 291
3 290 787 783
3 291 781 292
3 291 783 781
3 292 784 293
3 781 784 292
3 293 782 294
3 293 784 782
3 294 788 295
3 782 788 294
3 295 789 296
3 788 789 295
3 296 790 297
3 789 790 296
3 790 791 297
3 18 877 215
3 233 880 18
3 18 913 877
3 880 913 18
3 211 814 19
3 19 816 225
3 814 829 19
3 19 829 816
3 217 879 20
3 20 878 231
3 20 897 878
3 879 897 20
3 227 813 21
3 21 815 241
3 813 830 21
3 21 830 815
3 22 917 257
3 287 917 22
3 243 919 23
3 23 919 269
3 259 920 24
3 24 920 285
3 271 918 25
3 25 918 297
3 212 876 211
3 211 876 814
3 213 802 212
3 802 876 212
3 214 873 213
3 213 873 802
3 215 803 214
3 803 873 214
3 215 877 803
3 218 811 217
3 811 879 217
3 219 862 218
3 218 862 811
3 220 807 219
3 807 862 219
3 221 866 220
3 220 866 807
3 222 805 221
3 805 866 221
3 223 863 222
3 222 863 805
3 224 810 223
3 810 863 223
3 225 867 224
3 224 867 810
3 816 867 225
3 228 875 227
3 227 875 813
3 229 801 228
3 801 875 228
3 230 874 229
3 229 874 801
3 231 804 230
3 804 874 230
3 231 878 804
3 234 812 233
3 812 880 233
3 235 861 234
3 234 861 812
3 236 808 235
3 808 861 235
3 237 865 236
3 236 865 808
3 238 806 237
3 806 865 237
3 239 864 238
3 238 864 806
3 240 809 239
3 809 864 239
3 241 868 240
3 240 868 809
3 815 868 241
3 244 882 243
3 882 919 243
3 245 798 244
3 798 882 244
3 246 838 245
3 245 838 798
3 247 827 246
3 827 838 246
3 248 842 247
3 247 842 827
3 249 822 248
3 822 842 248
3 250 848 249
3 249 848 822
3 251 817 250
3 817 848 250
3 252 844 251
3 251 844 817
3 253 825 252
3 825 844 252
3 254 860 253
3 253 860 825
3 255 839 254
3 839 860 254
3 256 793 255
3 793 839 255
3 257 883 256
3 256 883 793
3 257 917 883
3 260 851 259
3 851 920 259
3 261 796 260
3 796 851 260
3 262 849 261
3 261 849 796
3 263 857 262
3 262 857 849
3 264 819 263
3 819 857 263
3 265 852 264
3 264 852 819
3 266 824 265
3 824 852 265
3 267 843 266
3 266 843 824
3 268 800 267
3 800 843 267
3 269 831 268
3 268 831 800
3 269 919 831
3 272 881 271
3 881 918 271
3 273 797 272
3 797 881 272
3 274 833 273
3 273 833 797
3 275 828 274
3 828 833 274
3 276 834 275
3 275 834 828
3 277 821 276
3 821 834 276
3 278 846 277
3 277 846 821
3 279 818 278
3 818 846 278
3 280 853 279
3 279 853 818
3 281 826 280
3 826 853 280
3 282 859 281
3 281 859 826
3 283 835 282
3 835 859 282
3 284 794 283
3 794 835 283
3 285 884 284
3 284 884 794
3 285 920 884
3 288 854 287
3 854 917 287
3 289 795 288
3 795 854 288
3 290 856 289
3 289 856 795
3 291 847 290
3 847 856 290
3 292 820 291
3 820 847 291
3 293 845 292
3 292 845 820
3 294 823 293
3 823 845 293
3 295 858 294
3 294 858 823
3 296 799 295
3 799 858 295
3 297 832 296
3 296 832 799
3 297 918 832
3 793 840 839
3 793 841 840
3 793 883 841
3 794 836 835
3 794 837 836
3 794 884 837
3 841 854 795
3 795 855 841
3 795 856 855
3 796 850 837
3 837 851 796
3 849 850 796
3 833 869 797
3 869 870 797
3 870 881 797
3 838 871 798
3 871 872 798
3 872 882 798
3 832 870 799
3 799 915 858
3 870 915 799
3 831 872 800
3 800 914 843
3 872 914 800
3 874 885 801
3 801 890 875
3 885 890 801
3 873 886 802
3 802 889 876
3 886 889 802
3 803 892 873
3 877 916 803
3 803 916 892
3 804 891 874
3 878 898 804
3 804 898 891
3 863 894 805
3 805 887 866
3 805 894 887
3 864 893 806
3 806 888 865
3 806 893 888
3 807 901 862
3 866 895 807
3 895 901 807
3 808 902 861
3 865 896 808
3 896 902 808
3 809 900 864
3 868 907 809
3 809 907 900
3 810 899 863
3 867 908 810
3 810 908 899
3 862 910 811
3 811 903 879
3 811 910 903
3 861 909 812
3 812 904 880
3 812 909 904
3 813 914 830
3 875 905 813
3 905 914 813
3 814 915 829
3 876 906 814
3 906 915 814
3 830 871 815
3 815 911 868
3 871 911 815
3 829 869 816
3 816 912 867
3 869 912 816
3 844 896 817
3 817 888 848
3 817 896 888
3 818 887 846
3 853 895 818
3 818 895 887
3 852 885 819
3 819 891 857
3 885 891 819
3 845 886 820
3 820 892 847
3 886 892 820
3 821 899 834
3 846 894 821
3 894 899 821
3 822 900 842
3 848 893 822
3 893 900 822
3 823 889 845
3 858 906 823
3 823 906 889
3 843 905 824
3 824 890 852
3 824 905 890
3 825 902 844
3 860 909 825
3 825 909 902
3 826 901 853
3 859 910 826
3 826 910 901
3 827 911 838
3 842 907 827
3 907 911 827
3 828 912 833
3 834 908 828
3 908 912 828
3 829 870 869
3 829 915 870
3 830 872 871
3 830 914 872
3 831 882 872
3 831 919 882
3 832 881 870
3 832 918 881
3 833 912 869
3 899 908 834
3 836 903 835
3 835 903 859
3 837 897 836
3 836 897 879
3 879 903 836
3 850 897 837
3 837 884 851
3 838 911 871
3 840 904 839
3 839 904 860
3 841 913 840
3 880 904 840
3 840 913 880
3 841 883 854
3 855 913 841
3 900 907 842
3 843 914 905
3 844 902 896
3 845 889 886
3 887 894 846
3 847 916 856
3 892 916 847
3 888 893 848
3 849 898 850
3 857 898 849
3 878 897 850
3 850 898 878
3 884 920 851
3 852 890 885
3 853 901 895
3 883 917 854
3 856 916 855
3 877 913 855
3 855 916 877
3 891 898 857
3 858 915 906
3 903 910 859
3 904 909 860
3 902 909 861
3 901 910 862
3 863 899 894
3 864 900 893
3 888 896 865
3 887 895 866
3 867 912 908
3 868 911 907
3 873 892 886
3 874 891 885
3 890 905 875
3 889 906 876
4 551 979 944 1078
4 924 73 986 1114
4 232 813 965 1044
4 819 753 754 1079
4 96 971 925 984
4 753 819 852 1079
4 399 1067 1035 1133
4 551 1078 944 1090
4 216 814 962 1018
4 826 859 768 1085
4 769 768 859 1085
4 817 743 744 951
4 848 817 744 951
4 943 1042 935 1137
4 819 754 942 1079
4 607 984 930 1069
4 501 976 941 1008
4 1019 1049 939 1169
4 941 976 501 1017
4 633 1066 961 1088
4 607 606 984 1069
4 801 723 942 1070
4 633 961 996 1088
4 577 155 620 1081
4 713 954 862 981
4 96 984 925 1073
4 823 788 782 962
4 826 768 1057 1085
4 954 399 1035 1133
4 311 406 945 1002
4 583 940 995 1030
4 756 824 760 965
4 970 1035 399 1067
4 743 951 817 1043
4 232 813 725 965
4 976 1008 533 1114
4 789 788 858 962
4 491 950 949 1013
4 577 155 1081 1138
4 823 858 788 962
4 921 74 982 988
4 958 1123 1016 1150
4 926 1065 1000 1106
4 761 760 843 965
4 315 407 420 977
4 946 982 74 988
4 551 535 979 1078
4 760 824 843 965
4 377 926 1109 1142
4 535 1078 551 1090
4 823 962 782 1069
4 164 1114 986 1173
4 544 1000 1065 1106
4 862 954 713 1035
4 789 962 799 1053
4 954 1057 768 1085
4 544 1000 944 1065
4 946 76 1011 1021
4 820 892 886 987
4 470 966 941 1014
4 756 824 965 1079
4 761 965 800 1052
4 857 755 758 964
4 961 1021 75 1080
4 479 484 927 997
4 308 301 412 939
4 878 898 964 1070
4 68 723 724 1070
4 937 972 596 1016
4 226 964 878 1020
4 982 1041 450 1134
4 924 1110 73 1114
4 769 205 768 1133
4 164 956 1114 1173
4 799 962 1018 1053
4 583 940 1030 1064
4 819 942 754 1003
4 801 942 723 1005
4 800 965 1044 1052
4 941 966 470 1033
4 732 969 83 1028
4 583 1016 972 1030
4 1016 1123 968 1150
4 984 1018 925 1073
4 232 965 725 1098
4 958 386 1123 1150
4 401 952 1024 1050
4 583 1030 972 1064
4 401 1024 943 1050
4 782 962 788 1069
4 68 942 723 1070
4 540 1008 986 1114
4 961 1011 76 1021
4 103 954 713 981
4 936 967 368 1107
4 757 759 994 1041
4 924 1008 546 1033
4 953 75 1021 1080
4 862 713 711 1035
4 210 948 877 1009
4 315 977 420 1091
4 946 1131 359 1161
4 757 849 758 964
4 560 507 1029 1049
4 621 984 925 1096
4 857 755 964 1003
4 799 1018 993 1053
4 450 1041 982 1082
4 96 971 984 1073
4 606 962 984 1069
4 857 758 849 964
4 800 1044 992 1052
4 494 501 941 1008
4 96 985 925 1010
4 801 724 723 1070
4 216 9 962 1022
4 205 954 768 1133
4 944 979 551 1055
4 557 492 1001 1038
4 557 531 979 1001
4 596 937 585 972
4 621 602 984 1096
4 924 1033 546 1083
4 925 985 9 1018
4 74 953 946 988
4 533 1093 976 1114
4 577 1081 922 1138
4 886 987 892 1056
4 929 1007 995 1140
4 557 1001 979 1038
4 929 945 12 1002
4 939 1029 507 1049
4 963 1014 1004 1112
4 601 984 971 1159
4 566 971 601 984
4 199 635 990 1146
4 33 950 977 1091
4 732 808 969 1028
4 921 988 982 1082
4 473 997 933 1071
4 83 732 82 969
4 585 972 937 1061
4 950 1065 977 1091
4 9 925 1018 1073
4 927 997 484 1062
4 518 949 950 1055
4 490 494 501 941
4 557 492 531 1001
4 951 1027 817 1043
4 386 60 1123 1150
4 28 932 323 996
4 949 1013 950 1102
4 540 986 164 1114
4 978 1038 549 1145
4 1043 1078 535 1090
4 732 969 808 1027
4 96 925 9 1073
4 91 90 923 1056
4 782 784 845 973
4 724 801 874 1070
4 560 928 159 1049
4 513 1055 979 1135
4 845 823 782 973
4 106 998 960 1162
4 535 1043 979 1078
4 955 990 199 1164
4 817 951 888 1027
4 820 845 784 973
4 781 820 784 973
4 546 1008 924 1168
4 96 925 971 1010
4 401 1050 943 1119
4 924 1008 1110 1114
4 132 1014 941 1017
4 316 308 301 412
4 601 940 984 1159
4 878 964 726 1070
4 877 916 948 987
4 743 817 969 1043
4 878 804 898 1070
4 132 941 131 1017
4 602 566 601 984
4 927 1107 936 1161
4 1036 1047 991 1050
4 523 926 558 1136
4 726 1070 964 1072
4 490 941 501 1017
4 653 991 947 1006
4 789 858 799 962
4 742 743 844 969
4 974 990 635 1146
4 817 844 743 969
4 789 799 993 1053
4 761 800 992 1052
4 901 862 954 981
4 922 983 88 1025
4 921 982 74 1072
4 131 941 132 1014
4 439 982 946 1082
4 460 989 966 1071
4 90 987 923 1056
4 926 1017 976 1109
4 457 966 470 1014
4 308 939 415 1019
4 540 533 1008 1114
4 744 951 743 1043
4 796 964 757 1041
4 315 407 977 1012
4 198 1010 955 1164
4 898 1003 964 1070
4 406 12 945 1002
4 940 984 971 1073
4 475 546 1033 1083
4 848 888 817 951
4 979 1055 949 1135
4 761 843 800 965
4 922 88 959 1025
4 226 726 964 1072
4 801 942 885 1070
4 435 960 1011 1023
4 439 1082 946 1092
4 785 999 854 1031
4 198 955 1010 1172
4 906 962 823 1069
4 996 961 1087 1088
4 96 940 971 1073
4 74 921 970 988
4 1080 1087 961 1088
4 518 949 491 950
4 726 66 1070 1072
4 192 962 789 1053
4 583 940 597 995
4 877 210 710 948
4 971 984 940 1159
4 757 759 796 994
4 226 726 878 964
4 968 1016 958 1123
4 728 812 957 1128
4 199 990 955 1146
4 823 782 973 1069
4 960 998 452 1011
4 969 979 373 1001
4 744 743 168 1043
4 192 788 789 962
4 540 986 1008 1168
4 781 820 973 1063
4 377 1109 931 1142
4 961 998 76 1011
4 922 1045 577 1138
4 924 1083 546 1168
4 396 935 943 1024
4 585 1039 972 1061
4 473 446 997 1071
4 560 1029 928 1049
4 550 1055 950 1065
4 761 150 965 1052
4 396 990 935 1024
4 557 979 969 1038
4 936 967 1107 1148
4 926 1000 976 1106
4 1035 1067 970 1133
4 513 949 1055 1135
4 959 978 521 1025
4 820 886 973 1063
4 481 989 924 1033
4 671 947 653 991
4 933 997 473 1113
4 958 1002 413 1040
4 982 988 946 1082
4 728 957 812 1028
4 183 182 929 995
4 924 1098 1044 1110
4 531 1001 492 1135
4 921 1041 982 1072
4 324 299 419 980
4 939 1013 949 1102
4 671 991 653 1006
4 412 415 308 939
4 1020 1041 921 1072
4 936 1107 368 1161
4 996 1088 932 1105
4 889 823 973 1069
4 150 760 761 965
4 874 801 885 1070
4 63 323 28 932
4 985 1010 955 1172
4 533 540 164 1114
4 889 1022 823 1069
4 525 523 558 1136
4 546 475 128 1083
4 823 906 858 962
4 946 988 953 1092
4 817 1027 969 1043
4 989 1098 924 1110
4 82 969 732 1027
4 756 760 149 965
4 989 1044 924 1098
4 768 954 205 1057
4 970 988 921 1037
4 461 470 966 1033
4 885 801 890 1005
4 549 957 1025 1145
4 757 796 849 964
4 754 942 147 1003
4 104 711 713 1035
4 74 982 946 1161
4 906 823 1022 1069
4 9 925 96 985
4 360 1014 966 1152
4 931 1109 926 1142
4 521 978 959 1095
4 479 449 484 997
4 785 795 786 1031
4 1066 1080 961 1088
4 877 948 710 987
4 461 966 460 989
4 998 1011 961 1097
4 216 962 9 1018
4 607 930 984 1064
4 544 539 944 1000
4 130 494 941 1033
4 580 1032 938 1061
4 929 995 182 1140
4 494 1008 941 1033
4 957 549 1038 1145
4 744 168 951 1043
4 755 145 758 964
4 757 758 144 964
4 843 824 905 965
4 982 1041 921 1082
4 885 942 801 1005
4 946 953 75 1021
4 932 996 28 1087
4 198 1010 985 1172
4 482 982 450 1134
4 141 1011 961 1021
4 467 989 1071 1157
4 590 577 922 1045
4 141 961 1011 1097
4 311 945 310 1002
4 531 979 1001 1135
4 692 921 1037 1089
4 796 757 994 1041
4 399 1026 953 1067
4 364 359 946 1131
4 527 1025 978 1145
4 450 921 1041 1082
4 66 927 1070 1072
4 725 965 813 1005
4 308 415 316 1019
4 382 940 96 1073
4 692 1037 921 1082
4 549 1038 978 1135
4 933 1071 989 1157
4 601 984 940 1064
4 886 1056 973 1063
4 885 942 819 1003
4 692 1082 921 1089
4 66 927 67 1070
4 757 964 144 1041
4 877 803 916 987
4 460 966 461 1071
4 824 905 965 1079
4 635 974 200 1024
4 386 958 1030 1150
4 523 1017 926 1136
4 756 965 149 1079
4 889 973 1022 1069
4 450 1041 474 1134
4 933 1098 966 1152
4 619 616 589 923
4 1016 1030 958 1150
4 655 652 1026 1066
4 104 713 954 1035
4 728 957 85 1128
4 585 589 1039 1061
4 554 950 550 1055
4 396 64 943 1137
4 72 360 1109 1110
4 1014 1109 360 1110
4 621 615 602 1096
4 1 323 63 932
4 674 12 929 945
4 132 931 1014 1017
4 129 475 546 1033
4 987 1063 820 1108
4 807 713 862 981
4 964 1041 1020 1072
4 906 1022 962 1069
4 655 1026 953 1066
4 73 986 1114 1115
4 723 942 68 1166
4 364 359 75 946
4 947 991 671 1144
4 385 995 940 1030
4 30 1054 960 1162
4 995 1140 1007 1159
4 755 145 964 1003
4 572 958 995 1002
4 925 984 621 1053
4 484 469 479 927
4 103 104 713 954
4 795 785 854 1031
4 742 969 844 1170
4 33 321 950 1091
4 796 1020 964 1041
4 692 988 1037 1082
4 452 960 106 998
4 957 1028 1001 1038
4 741 839 737 983
4 600 984 601 1064
4 940 995 385 1007
4 820 892 987 1108
4 544 1065 553 1106
4 546 1008 494 1033
4 717 713 807 981
4 96 940 382 1007
4 924 989 481 1052
4 963 1054 300 1162
4 929 1007 934 1165
4 76 1011 998 1131
4 88 983 922 1139
4 817 896 969 1027
4 499 949 939 1013
4 635 990 974 1024
4 946 982 439 1062
4 91 923 1048 1056
4 820 1063 781 1108
4 967 997 446 1071
4 467 989 460 1071
4 30 960 54 998
4 457 1004 966 1014
4 692 1037 702 1089
4 811 862 711 1035
4 964 1070 1003 1072
4 966 1014 360 1110
4 607 984 600 1064
4 310 1002 945 1046
4 85 728 84 957
4 96 971 940 1007
4 982 1041 964 1072
4 673 955 199 1164
4 795 999 1009 1031
4 590 1031 922 1081
4 910 954 862 1035
4 31 300 963 1054
4 583 995 573 1030
4 969 1027 979 1043
4 943 1024 935 1117
4 30 300 1054 1162
4 606 984 962 1053
4 183 929 12 1002
4 938 1058 381 1139
4 806 733 1027 1074
4 159 560 497 928
4 710 210 8 948
4 489 535 551 1090
4 943 691 1006 1050
4 579 938 580 1032
4 723 1005 942 1166
4 652 947 1026 1066
4 619 567 616 923
4 300 313 963 1162
4 63 932 28 1087
4 446 997 967 1148
4 945 1002 929 1046
4 88 1025 983 1145
4 934 1007 971 1126
4 786 1031 795 1149
4 619 923 589 1061
4 6 970 921 1020
4 147 1003 942 1132
4 523 525 1017 1136
4 316 308 412 415
4 966 989 461 1033
4 501 976 505 1017
4 830 1044 232 1115
4 479 997 927 1132
4 590 922 1031 1100
4 952 1047 1036 1050
4 799 962 915 1018
4 314 939 35 1102
4 301 412 939 1013
4 583 597 598 995
4 216 709 9 1022
4 921 1037 988 1082
4 74 988 970 1067
4 136 1082 692 1089
4 74 953 988 1067
4 88 959 1025 1145
4 862 910 901 954
4 536 1029 978 1095
4 605 1039 973 1069
4 597 995 940 1159
4 965 1005 725 1098
4 582 596 972 1016
4 572 119 958 1002
4 813 965 905 1005
4 800 965 914 1044
4 740 742 844 1170
4 844 825 740 1170
4 583 573 1016 1030
4 76 946 75 1021
4 979 1043 1027 1078
4 849 898 857 964
4 944 1000 926 1065
4 553 1065 926 1106
4 898 857 964 1003
4 311 406 419 945
4 462 989 481 1033
4 580 591 1032 1061
4 306 413 1002 1040
4 304 300 313 963
4 923 1048 972 1150
4 182 1140 995 1159
4 132 131 542 1017
4 567 923 619 1063
4 924 986 1008 1114
4 299 945 419 980
4 577 1045 156 1138
4 510 978 536 1029
4 490 130 494 941
4 934 1077 929 1165
4 923 1015 619 1063
4 31 30 300 1054
4 552 155 577 1138
4 590 1045 922 1100
4 878 726 804 1070
4 27 323 1 932
4 901 981 954 1057
4 399 74 970 1067
4 785 185 999 1031
4 538 1000 166 1090
4 3 998 54 1131
4 549 527 978 1145
4 531 513 979 1135
4 978 1029 510 1135
4 1029 1049 939 1127
4 877 710 803 987
4 455 1004 1014 1112
4 621 925 1084 1096
4 71 1141 931 1151
4 29 30 54 998
4 387 1123 60 1150
4 795 854 999 1031
4 166 1000 975 1090
4 759 851 796 994
4 28 1087 996 1143
4 930 984 962 1069
4 996 1087 961 1143
4 513 949 511 1055
4 952 1047 101 1075
4 469 927 484 1062
4 567 619 1015 1063
4 416 963 313 1162
4 961 1087 1080 1143
4 428 946 1011 1021
4 435 1011 454 1023
4 939 949 499 1029
4 829 1018 216 1122
4 88 922 959 1139
4 497 928 560 1029
4 454 1023 1011 1120
4 978 1038 1001 1135
4 885 942 1003 1070
4 598 573 583 995
4 688 947 671 1144
4 315 977 303 1012
4 925 1018 984 1053
4 951 975 371 1090
4 962 1018 984 1073
4 430 941 131 1014
4 1010 1126 955 1164
4 406 12 110 945
4 596 585 937 1061
4 589 923 616 1039
4 323 932 27 1105
4 742 169 743 969
4 605 973 1039 1063
4 633 996 961 1097
4 444 967 446 1071
4 401 101 952 1047
4 75 946 74 953
4 782 784 973 1069
4 552 577 156 1138
4 301 939 314 1013
4 399 1026 954 1034
4 299 311 419 945
4 6 970 1020 1111
4 926 1065 558 1136
4 210 8 948 1009
4 796 994 1020 1041
4 382 940 385 1007
4 941 1109 1014 1110
4 946 1062 439 1120
4 793 737 839 983
4 616 923 567 1039
4 446 967 444 1148
4 991 1036 981 1047
4 613 930 607 1064
4 84 957 728 1028
4 846 772 952 1036
4 781 973 784 1063
4 129 546 494 1033
4 845 889 823 973
4 795 1031 1009 1149
4 949 510 1029 1135
4 94 1007 929 1165
4 439 471 1082 1092
4 582 596 585 972
4 544 541 1000 1106
4 450 1041 921 1089
4 183 674 12 929
4 995 1030 385 1076
4 428 1011 946 1120
4 737 983 793 999
4 399 953 74 1067
4 457 458 1004 1014
4 979 1001 969 1038
4 959 1116 1086 1145
4 120 977 407 1012
4 953 988 662 1092
4 957 1038 1001 1145
4 937 1058 923 1150
4 1045 1116 959 1139
4 886 845 820 973
4 558 926 553 1065
4 968 1016 569 1040
4 360 366 1014 1152
4 660 655 652 1026
4 971 1007 96 1126
4 715 101 1047 1075
4 683 953 662 1092
4 549 1025 527 1145
4 303 977 315 1091
4 439 946 471 1092
4 676 953 683 1021
4 73 7 924 986
4 936 1131 946 1161
4 921 6 1020 1072
4 136 437 1082 1089
4 166 1090 975 1156
4 439 471 425 1082
4 688 1026 947 1144
4 924 1044 989 1052
4 984 1018 962 1053
4 844 817 896 969
4 461 470 457 966
4 926 1017 523 1106
4 482 450 474 1134
4 781 784 189 1063
4 608 188 1015 1108
4 579 580 591 1032
4 743 969 169 1043
4 500 931 132 1017
4 506 976 501 1008
4 515 536 510 978
4 145 1003 468 1134
4 969 979 557 1043
4 1003 1070 927 1072
4 70 725 1005 1098
4 782 190 784 1069
4 923 972 937 1150
4 71 931 1109 1151
4 8 1009 983 1139
4 372 1001 957 1028
4 371 975 951 1074
4 999 1031 185 1081
4 707 873 706 987
4 304 1012 963 1112
4 376 81 951 1027
4 418 998 106 1162
4 307 315 420 1091
4 782 788 191 1069
4 975 1000 371 1090
4 607 613 571 930
4 499 939 493 1013
4 527 521 978 1025
4 934 1007 929 1077
4 471 425 1082 1092
4 95 96 1007 1126
4 930 1039 571 1069
4 125 415 412 939
4 613 1039 930 1064
4 366 1151 1014 1152
4 526 1081 155 1138
4 96 985 1010 1126
4 674 945 929 1163
4 937 1116 1058 1121
4 1001 1038 978 1145
4 560 160 507 1049
4 6 921 74 1072
4 567 1039 923 1063
4 885 819 891 1003
4 384 1058 1116 1121
4 1001 1038 492 1135
4 571 930 613 1039
4 515 536 978 1095
4 558 523 553 926
4 571 606 607 1069
4 806 1027 951 1074
4 188 1063 1015 1108
4 166 167 1090 1156
4 156 1045 488 1138
4 552 577 155 156
4 554 518 950 1055
4 493 939 499 1029
4 28 63 1 323
4 972 1039 923 1061
4 950 1013 508 1091
4 163 986 540 1168
4 571 607 930 1069
4 662 953 661 988
4 308 314 301 939
4 131 430 470 941
4 737 983 999 1153
4 605 571 1039 1069
4 372 957 1001 1145
4 905 1005 965 1079
4 985 1010 680 1171
4 997 1107 967 1148
4 613 607 599 1064
4 96 1122 985 1126
4 929 1007 94 1076
4 30 319 960 998
4 754 147 146 1003
4 158 159 497 928
4 812 904 957 1128
4 197 985 680 1171
4 921 1082 450 1089
4 430 470 941 1014
4 889 906 823 1022
4 623 1032 937 1154
4 524 544 553 1106
4 198 680 985 1010
4 937 972 923 1061
4 559 546 1083 1168
4 946 953 1021 1092
4 784 973 189 1063
4 621 1084 615 1096
4 76 75 961 1021
4 944 1000 371 1094
4 757 143 759 1041
4 933 1152 967 1166
4 608 187 188 1108
4 385 1007 995 1076
4 95 1007 934 1126
4 931 1017 500 1136
4 788 962 191 1069
4 947 1080 1066 1088
4 990 1024 396 1160
4 601 971 566 1159
4 812 904 909 957
4 741 839 983 1158
4 683 1021 953 1092
4 190 973 784 1069
4 989 1052 1044 1098
4 479 927 469 1134
4 923 987 90 1058
4 660 953 655 1026
4 922 983 1009 1139
4 589 923 1039 1061
4 61 1019 968 1121
4 443 966 1004 1071
4 924 986 7 1044
4 944 371 1000 1090
4 906 814 962 1022
4 373 969 370 979
4 489 1043 535 1090
4 539 944 1000 1090
4 631 1088 996 1105
4 885 1003 891 1070
4 910 954 1035 1085
4 656 1006 691 1050
4 964 1041 982 1134
4 603 607 606 984
4 401 952 396 1024
4 670 943 1042 1117
4 656 991 1006 1050
4 947 1087 1080 1088
4 430 457 470 1014
4 395 991 1047 1050
4 54 998 960 1131
4 399 970 74 1035
4 1003 1132 468 1134
4 172 549 957 1025
4 462 481 475 1033
4 802 708 705 1022
4 916 948 987 1108
4 403 935 396 990
4 683 676 662 953
4 149 1079 965 1157
4 580 1015 938 1100
4 706 873 803 987
4 389 1030 940 1125
4 304 318 963 1012
4 631 932 1088 1105
4 574 948 187 1015
4 455 1004 458 1014
4 324 311 419 299
4 674 929 1077 1163
4 72 1109 941 1110
4 85 1128 957 1145
4 637 676 683 1021
4 398 981 991 1034
4 608 1015 187 1108
4 977 1094 33 1142
4 958 569 1016 1040
4 923 390 1048 1150
4 132 1014 931 1112
4 909 812 957 1028
4 811 910 862 1035
4 61 1019 1121 1127
4 29 319 30 998
4 141 140 1011 1021
4 72 73 941 1114
4 717 103 713 981
4 27 980 932 1137
4 197 198 680 985
4 540 163 164 986
4 401 396 943 1024
4 803 710 706 987
4 935 990 934 1124
4 146 1003 147 1132
4 72 941 1109 1114
4 660 661 953 1067
4 841 795 999 1009
4 188 608 1015 1063
4 76 961 75 1080
4 670 1042 943 1129
4 922 1045 959 1139
4 888 951 806 1027
4 926 371 1000 1094
4 65 1137 935 1165
4 451 456 483 1120
4 657 943 691 1006
4 74 921 6 970
4 928 87 1121 1127
4 476 473 997 1113
4 461 966 447 1071
4 931 1017 926 1109
4 1011 1120 1023 1131
4 818 771 772 1036
4 846 818 772 1036
4 381 1116 938 1139
4 623 591 937 1032
4 977 1012 120 1136
4 62 397 404 1080
4 955 1146 990 1160
4 958 1002 320 1076
4 9 962 1022 1073
4 846 952 887 1036
4 516 551 979 1055
4 9 1022 93 1073
4 546 559 1008 1168
4 680 1010 198 1164
4 511 949 518 1055
4 671 653 656 1006
4 408 324 419 980
4 87 1116 928 1121
4 387 968 1123 1150
4 935 1077 934 1165
4 318 963 1012 1141
4 924 1052 481 1083
4 141 961 700 1021
4 925 1053 621 1084
4 488 1045 959 1138
4 443 1004 967 1071
4 990 1146 974 1160
4 586 585 589 1039
4 201 1024 952 1050
4 370 979 969 1027
4 937 1032 1058 1116
4 583 582 972 1016
4 510 515 978 1135
4 1006 1050 991 1119
4 304 963 409 1112
4 967 1004 442 1023
4 661 988 953 1067
4 948 1058 938 1139
4 226 6 726 1072
4 567 605 1039 1063
4 938 1015 580 1061
4 830 232 815 1115
4 937 1016 596 1154
4 369 1000 975 1093
4 952 1024 974 1075
4 946 936 1120 1131
4 987 1015 948 1058
4 953 1026 660 1067
4 186 187 574 948
4 902 969 808 1028
4 469 927 1062 1134
4 415 316 1019 1169
4 384 937 1058 1121
4 544 541 539 1000
4 946 1082 988 1092
4 1 27 932 1137
4 948 1015 938 1058
4 901 807 862 981
4 1032 1116 937 1121
4 671 656 991 1006
4 850 964 796 1020
4 901 954 910 1057
4 491 949 499 1013
4 386 387 60 1150
4 92 1073 930 1125
4 516 979 513 1055
4 93 1022 92 1073
4 92 1022 930 1073
4 362 368 967 1107
4 504 501 505 1017
4 96 1010 971 1126
4 376 944 1094 1099
4 437 480 450 1089
4 608 567 619 1015
4 799 858 915 962
4 158 568 159 928
4 515 978 521 1095
4 443 966 457 1004
4 470 130 941 1033
4 785 786 185 1031
4 505 1017 976 1106
4 674 110 12 945
4 519 487 977 1091
4 936 927 1062 1148
4 460 461 447 1071
4 597 940 583 1064
4 802 708 1022 1056
4 538 166 167 1090
4 806 888 893 951
4 805 887 894 952
4 90 390 91 923
4 395 1047 952 1050
4 447 966 443 1071
4 520 549 978 1135
4 988 1037 970 1067
4 193 789 993 1053
4 761 992 151 1052
4 953 1021 676 1066
4 467 459 473 1071
4 935 1137 945 1165
4 314 1013 939 1102
4 389 385 940 1030
4 635 200 678 1024
4 476 465 473 1113
4 200 201 1024 1155
4 1044 1052 965 1098
4 123 508 1013 1091
4 67 1070 927 1107
4 389 93 92 1073
4 395 1050 401 1119
4 841 999 983 1009
4 971 1010 934 1126
4 128 546 129 475
4 79 1060 975 1074
4 99 1059 974 1075
4 375 72 1109 1114
4 653 947 651 1006
4 941 1110 1008 1114
4 390 923 1058 1150
4 603 984 606 1053
4 843 914 800 965
4 369 377 58 926
4 492 1038 549 1135
4 935 1042 945 1137
4 746 838 747 1173
4 773 833 775 1172
4 590 593 1031 1081
4 519 977 487 1065
4 74 1072 982 1161
4 878 897 226 1020
4 452 998 10 1097
4 946 1120 1011 1131
4 384 1116 381 1121
4 82 370 969 1027
4 173 741 737 983
4 619 1015 923 1061
4 714 1059 99 1075
4 730 1060 79 1074
4 7 73 924 1110
4 468 479 469 1134
4 1011 1023 960 1131
4 500 133 132 931
4 847 820 781 1108
4 31 53 30 1054
4 369 976 926 1000
4 183 595 182 995
4 616 567 605 1039
4 130 129 494 1033
4 896 808 969 1027
4 396 1024 974 1160
4 406 110 419 945
4 145 964 1003 1134
4 596 625 585 1061
4 473 933 1113 1157
4 520 527 521 978
4 396 1024 952 1075
4 935 1024 990 1117
4 714 810 1059 1075
4 730 809 1060 1074
4 847 781 783 1108
4 948 187 1015 1108
4 373 949 979 1099
4 182 640 183 929
4 932 1119 1 1137
4 841 793 983 999
4 701 1037 1051 1089
4 575 569 968 1016
4 376 1027 951 1078
4 158 928 497 1095
4 975 1000 166 1093
4 53 960 30 1054
4 472 946 439 1120
4 378 926 371 1000
4 365 967 363 1023
4 871 1044 986 1104
4 374 85 84 957
4 4 939 35 1019
4 673 198 955 1164
4 437 450 1082 1089
4 785 185 184 999
4 511 949 513 1135
4 519 1065 950 1091
4 707 873 987 1056
4 933 997 967 1071
4 651 1006 947 1088
4 137 138 628 1082
4 305 418 998 1097
4 869 1018 985 1103
4 146 468 145 1003
4 587 597 583 1064
4 9 985 96 1122
4 466 1052 989 1157
4 53 54 30 960
4 9 709 93 1022
4 660 661 655 953
4 569 575 968 1040
4 488 156 157 1045
4 930 1048 92 1125
4 387 1121 968 1150
4 943 1119 1042 1137
4 693 1042 935 1117
4 951 371 1078 1090
4 976 1109 941 1114
4 928 1086 87 1127
4 926 1000 944 1094
4 848 951 744 1156
4 846 952 772 1155
4 935 1042 693 1163
4 943 1050 1006 1119
4 596 623 591 937
4 459 446 473 1071
4 395 952 401 1050
4 92 930 1022 1048
4 1014 1017 931 1109
4 941 1017 1014 1109
4 393 385 1030 1076
4 89 1058 948 1139
4 732 729 808 1028
4 519 977 1065 1091
4 871 986 1044 1115
4 893 806 951 1074
4 805 952 894 1075
4 198 985 197 1172
4 164 986 163 1173
4 64 1119 943 1137
4 200 1024 974 1155
4 878 964 850 1020
4 89 987 948 1058
4 583 972 584 1064
4 364 3 54 1131
4 466 463 989 1052
4 457 443 447 966
4 966 1033 941 1110
4 710 948 89 987
4 925 984 971 1096
4 300 304 318 963
4 970 921 1020 1051
4 802 705 876 1022
4 770 835 766 1051
4 974 1059 99 1160
4 360 1098 966 1110
4 8 983 88 1139
4 915 962 814 1018
4 418 305 998 1162
4 506 505 501 976
4 649 961 633 1066
4 914 965 813 1044
4 877 948 855 1009
4 143 994 759 1041
4 941 73 1110 1114
4 7 965 232 1098
4 456 936 1023 1120
4 722 801 723 1005
4 125 939 412 1013
4 363 362 368 967
4 714 863 810 1075
4 730 864 809 1074
4 944 1078 371 1090
4 924 1008 1033 1110
4 933 966 1071 1152
4 887 952 805 1047
4 701 208 994 1051
4 574 186 948 1100
4 385 94 1007 1076
4 567 1015 608 1063
4 549 527 520 978
4 564 959 521 1138
4 232 965 7 1044
4 385 382 389 940
4 944 1055 517 1065
4 933 1071 967 1152
4 33 321 34 950
4 676 1021 637 1066
4 396 974 1024 1075
4 599 1039 613 1064
4 493 939 125 1013
4 733 731 865 1027
4 967 997 933 1166
4 829 216 816 1122
4 963 1118 1054 1162
4 1023 1120 936 1131
4 605 571 613 1039
4 802 1022 889 1056
4 522 521 564 959
4 314 308 35 939
4 156 488 552 1138
4 968 1121 937 1150
4 73 72 941 1110
4 960 998 319 1162
4 973 1039 930 1069
4 591 937 1032 1061
4 394 934 935 990
4 586 972 585 1039
4 899 1059 810 1075
4 900 1060 809 1074
4 717 866 716 1047
4 866 717 807 1047
4 384 1058 381 1116
4 307 303 315 1091
4 978 1025 959 1145
4 89 381 1058 1139
4 385 392 94 1076
4 723 69 1005 1166
4 8 983 1009 1128
4 869 985 1018 1122
4 507 939 493 1029
4 170 1038 969 1170
4 770 835 1051 1085
4 700 961 141 1097
4 671 688 653 947
4 580 938 578 1100
4 578 938 579 1045
4 488 1045 157 1101
4 450 982 438 1082
4 373 979 949 1001
4 517 1055 550 1065
4 580 609 1015 1100
4 371 376 951 1078
4 943 1024 679 1050
4 375 1109 976 1114
4 923 973 1056 1063
4 531 513 516 979
4 923 1056 987 1063
4 130 490 131 941
4 808 902 896 969
4 525 500 1017 1136
4 957 1025 983 1158
4 955 1010 985 1126
4 85 957 374 1145
4 389 1073 92 1125
4 435 960 452 1011
4 574 948 1015 1100
4 960 1023 435 1118
4 471 439 472 946
4 950 1055 944 1065
4 131 470 130 941
4 374 957 84 1028
4 517 544 944 1065
4 363 1054 1023 1131
4 365 1023 363 1054
4 305 998 312 1097
4 395 991 1050 1119
4 402 94 5 1165
4 1 932 63 1119
4 192 606 962 1053
4 605 973 190 1069
4 835 836 1051 1085
4 701 1051 994 1089
4 394 934 1007 1165
4 923 973 1048 1056
4 774 834 777 1155
4 750 749 842 1156
4 834 821 777 1155
4 842 822 750 1156
4 88 959 1116 1139
4 497 928 1029 1095
4 136 480 437 1089
4 718 863 714 1075
4 734 864 730 1074
4 184 999 185 1081
4 394 935 934 1165
4 846 887 818 1036
4 138 988 628 1082
4 201 952 1024 1155
4 865 806 733 1027
4 201 629 1024 1050
4 390 923 90 1058
4 369 377 926 1109
4 75 76 364 946
4 572 958 573 995
4 924 1008 986 1168
4 553 926 523 1106
4 125 13 415 939
4 932 980 648 1129
4 871 1044 830 1115
4 437 137 136 1082
4 997 1062 927 1148
4 321 1013 950 1091
4 3 961 1080 1143
4 144 1041 964 1134
4 989 965 1052 1098
4 516 551 535 979
4 936 1062 451 1148
4 158 928 1095 1101
4 579 1032 611 1101
4 1004 1054 1023 1152
4 385 95 96 1007
4 298 325 309 1105
4 662 661 704 988
4 976 1017 926 1106
4 674 183 640 929
4 970 1067 696 1133
4 799 870 993 1018
4 133 500 534 931
4 943 1006 657 1129
4 781 1063 188 1108
4 661 662 655 953
4 9 1018 985 1122
4 942 1070 68 1107
4 800 872 992 1044
4 572 995 595 1002
4 875 813 905 1005
4 991 1087 1006 1119
4 601 587 600 1064
4 187 948 186 1149
4 717 981 807 1047
4 651 947 1066 1088
4 372 957 374 1028
4 911 868 1060 1115
4 931 963 1014 1151
4 490 501 504 1017
4 670 657 943 1117
4 323 996 932 1105
4 5 929 94 1076
4 579 611 1045 1101
4 461 989 462 1033
4 182 995 570 1159
4 1051 1085 836 1111
4 189 973 605 1063
4 195 1084 993 1103
4 161 1083 992 1104
4 861 808 729 1028
4 938 381 1058 1116
4 522 564 488 959
4 521 959 522 1095
4 369 976 1000 1093
4 376 1078 944 1099
4 921 1051 1037 1089
4 106 960 107 1162
4 938 1116 1045 1139
4 754 755 857 1003
4 857 819 754 1003
4 778 780 881 993
4 648 1129 980 1130
4 133 132 931 1112
4 97 400 1059 1122
4 10 452 106 998
4 143 1041 453 1089
4 369 926 976 1109
4 549 171 957 1038
4 488 959 1045 1101
4 1004 1023 967 1152
4 424 406 311 1002
4 432 458 455 1004
4 695 672 661 1037
4 500 132 542 1017
4 586 584 972 1039
4 796 994 837 1020
4 389 940 382 1073
4 648 980 932 1105
4 641 645 644 934
4 435 106 452 960
4 679 691 943 1050
4 444 443 967 1071
4 645 934 641 1164
4 372 374 957 1145
4 805 1047 952 1075
4 449 485 484 1148
4 370 979 1027 1078
4 853 1036 895 1057
4 818 853 767 1036
4 700 961 649 1021
4 418 10 998 1097
4 468 1003 146 1132
4 944 950 1065 1094
4 899 974 1059 1075
4 900 975 1060 1074
4 564 521 532 1138
4 774 1146 834 1155
4 749 1147 842 1156
4 767 771 818 1036
4 837 1020 1051 1111
4 911 1060 956 1115
4 623 937 596 1154
4 958 1016 968 1040
4 761 800 762 992
4 789 799 790 993
4 442 967 443 1004
4 974 1024 990 1160
4 305 319 998 1162
4 544 524 541 1106
4 869 1018 829 1122
4 923 1039 973 1063
4 850 849 796 964
4 940 984 930 1064
4 930 984 940 1073
4 192 606 191 962
4 95 934 400 1126
4 374 1086 87 1145
4 678 200 201 1024
4 515 520 521 978
4 820 847 892 1108
4 457 430 458 1014
4 928 1049 1029 1127
4 867 1059 912 1122
4 485 1062 484 1148
4 656 675 991 1050
4 772 202 952 1036
4 434 1041 144 1134
4 580 579 578 938
4 970 1085 1051 1111
4 54 960 53 1131
4 430 131 132 1014
4 526 620 155 1081
4 186 1031 948 1100
4 554 518 491 950
4 1014 1109 931 1151
4 91 923 390 1048
4 375 1060 77 1115
4 670 943 657 1129
4 841 983 840 1009
4 302 1019 316 1169
4 633 639 1066 1088
4 605 189 190 973
4 606 191 962 1069
4 672 704 661 988
4 889 1022 973 1056
4 931 1014 963 1112
4 432 1004 963 1118
4 737 793 738 999
4 674 929 640 1077
4 584 585 586 972
4 617 928 568 1032
4 644 934 645 1124
4 924 986 1044 1104
4 3 998 961 1143
4 488 959 564 1138
4 305 312 309 1097
4 925 985 1018 1103
4 902 969 1028 1170
4 949 1029 939 1068
4 933 989 966 1098
4 966 989 933 1071
4 931 1141 963 1151
4 395 991 981 1047
4 396 65 64 1137
4 7 924 1044 1110
4 428 1011 477 1021
4 928 1086 959 1116
4 972 1039 584 1064
4 82 380 83 969
4 71 931 377 1109
4 88 1086 87 1116
4 912 1059 955 1122
4 801 722 875 1005
4 495 166 1000 1093
4 136 137 692 1082
4 840 841 793 983
4 642 701 1037 1051
4 652 947 688 1026
4 865 731 732 1027
4 967 1107 997 1166
4 27 932 980 1105
4 201 952 202 1050
4 466 989 463 1157
4 957 172 1025 1158
4 403 394 935 990
4 776 955 199 1172
4 165 748 956 1173
4 104 954 399 1035
4 737 173 983 1153
4 380 969 373 1001
4 373 949 1099 1102
4 456 1023 936 1148
4 1 1119 63 1137
4 955 1059 400 1122
4 670 684 657 1117
4 37 958 320 1076
4 692 988 672 1037
4 413 118 958 1040
4 118 958 119 1002
4 947 991 1034 1087
4 199 955 776 1146
4 165 956 748 1147
4 55 372 379 1068
4 451 456 936 1148
4 805 715 1047 1075
4 895 1036 981 1057
4 451 1062 936 1120
4 73 7 986 1115
4 159 568 617 928
4 865 732 808 1027
4 725 813 875 1005
4 413 958 118 1002
4 924 1044 992 1104
4 70 1098 1005 1166
4 918 881 780 993
4 955 400 1059 1160
4 554 519 550 950
4 925 1018 993 1103
4 144 964 145 1134
4 672 988 661 1037
4 473 446 476 997
4 931 1112 1012 1136
4 451 936 456 1120
4 925 1010 985 1171
4 629 679 1024 1050
4 53 960 1054 1131
4 893 888 848 951
4 894 887 846 952
4 519 550 950 1065
4 781 188 783 1108
4 428 477 1011 1120
4 92 1022 708 1056
4 877 913 210 1009
4 472 428 471 946
4 871 872 1044 1104
4 1001 1028 969 1038
4 90 707 706 987
4 778 993 881 1103
4 394 402 65 1165
4 371 944 376 1078
4 744 168 167 951
4 772 202 201 952
4 869 870 1018 1103
4 158 568 928 1101
4 601 597 940 1159
4 949 1029 978 1135
4 598 995 597 1159
4 838 746 798 1173
4 773 797 833 1172
4 375 956 1060 1115
4 745 992 882 1104
4 1026 1034 947 1144
4 546 128 528 1083
4 982 1072 964 1134
4 141 700 140 1021
4 906 814 915 962
4 88 983 1128 1145
4 94 929 5 1165
4 422 1013 307 1091
4 88 87 1086 1145
4 447 461 457 966
4 198 199 673 955
4 491 508 950 1013
4 538 495 166 1000
4 937 1016 968 1150
4 633 996 114 1088
4 438 982 439 1082
4 322 945 299 980
4 908 955 912 1059
4 911 907 956 1060
4 941 1014 966 1110
4 905 813 914 965
4 398 1034 991 1087
4 467 463 989 1157
4 968 1019 61 1123
4 361 1107 927 1161
4 523 1017 504 1106
4 69 723 68 1166
4 853 767 1036 1057
4 977 1065 950 1094
4 938 1045 578 1100
4 394 934 95 1007
4 514 513 511 1055
4 692 672 702 1037
4 163 746 986 1104
4 773 985 197 1103
4 802 876 889 1022
4 57 33 34 950
4 196 703 1103 1171
4 143 142 1041 1089
4 721 804 726 1070
4 835 794 766 1051
4 964 1003 927 1072
4 87 1086 928 1116
4 649 1021 961 1066
4 962 984 930 1073
4 216 829 814 1018
4 150 965 1052 1157
4 491 518 499 949
4 461 460 462 989
4 88 1086 1116 1145
4 973 1039 923 1048
4 934 641 1164 1167
4 386 1030 958 1076
4 621 984 603 1053
4 528 559 546 1083
4 232 830 813 1044
4 792 751 917 999
4 563 1083 1104 1168
4 563 1104 162 1168
4 703 1084 1103 1171
4 765 884 994 1051
4 394 1007 94 1165
4 949 950 1055 1099
4 877 916 855 948
4 607 603 600 984
4 948 1108 916 1149
4 473 1113 431 1157
4 695 1037 661 1067
4 641 934 644 1167
4 143 142 994 1041
4 320 1002 38 1076
4 965 1079 1005 1157
4 578 1045 590 1100
4 927 1132 1003 1134
4 551 944 539 1090
4 304 409 1012 1112
4 596 1016 581 1154
4 96 382 385 1007
4 645 1124 934 1164
4 467 463 460 989
4 661 1037 988 1067
4 942 1079 147 1113
4 988 1082 138 1092
4 640 682 1077 1140
4 478 161 547 1083
4 195 687 618 1084
4 831 762 800 992
4 799 832 790 993
4 959 1086 978 1145
4 391 937 1121 1150
4 929 1163 945 1165
4 748 1147 956 1173
4 776 1146 955 1172
4 428 946 472 1120
4 970 1051 1020 1111
4 994 1051 921 1089
4 136 692 666 1089
4 702 666 692 1089
4 71 2 1141 1151
4 744 951 167 1156
4 772 952 201 1155
4 37 320 958 1040
4 617 928 1032 1049
4 456 1023 454 1120
4 150 1052 466 1157
4 938 1032 1101 1116
4 994 1041 142 1089
4 303 977 33 1142
4 422 307 410 1091
4 968 1016 937 1154
4 5 1046 929 1076
4 991 395 1087 1119
4 837 1020 994 1051
4 308 35 939 1019
4 1012 1112 534 1136
4 632 1026 688 1144
4 909 957 904 1158
4 693 1117 935 1124
4 167 951 168 1090
4 88 1116 959 1145
4 180 971 1140 1159
4 521 959 1025 1138
4 396 952 401 1075
4 371 951 376 1074
4 302 1040 1019 1169
4 510 499 949 1029
4 765 766 794 1051
4 81 733 80 1074
4 938 1101 1045 1116
4 322 39 1046 1137
4 989 1033 966 1110
4 517 544 539 944
4 10 106 418 998
4 515 521 522 1095
4 993 1084 925 1103
4 992 1083 924 1104
4 29 54 3 998
4 925 1103 1084 1171
4 463 481 989 1052
4 362 1107 967 1166
4 681 990 1117 1124
4 205 1057 954 1144
4 938 1058 1032 1116
4 144 758 145 964
4 409 963 109 1112
4 924 1104 1083 1168
4 939 1049 1019 1127
4 912 908 828 955
4 907 827 911 956
4 950 1094 944 1099
4 707 987 90 1056
4 983 1025 172 1158
4 305 309 414 1097
4 108 1118 963 1162
4 33 977 303 1091
4 191 788 192 962
4 106 435 107 960
4 519 950 508 1091
4 1030 1064 940 1125
4 325 411 309 1105
4 450 482 438 982
4 817 888 896 1027
4 662 676 655 953
4 133 931 534 1112
4 575 1154 968 1169
4 70 1005 69 1166
4 922 1025 959 1138
4 934 1140 644 1167
4 362 967 365 1152
4 718 714 99 1075
4 734 730 79 1074
4 960 1118 107 1162
4 384 937 391 1150
4 679 943 657 1117
4 450 453 1041 1089
4 572 119 118 958
4 401 943 64 1119
4 795 854 841 999
4 972 1064 1030 1125
4 416 109 409 963
4 995 1007 929 1076
4 721 726 66 1070
4 941 1033 1008 1110
4 586 584 1039 1064
4 568 1032 928 1101
4 299 310 311 945
4 929 1077 1163 1165
4 505 504 1017 1106
4 397 953 399 1026
4 774 777 200 1155
4 750 166 749 1156
4 115 996 633 1097
4 160 560 159 1049
4 455 1014 132 1112
4 1015 1063 987 1108
4 918 780 791 993
4 978 1086 959 1095
4 187 1108 948 1149
4 681 677 990 1124
4 584 583 582 972
4 715 100 101 1075
4 2 377 71 931
4 322 310 299 945
4 600 602 601 984
4 83 969 380 1028
4 931 534 1112 1136
4 375 976 369 1093
4 899 821 834 1155
4 842 900 822 1156
4 159 928 617 1049
4 991 947 1034 1144
4 728 85 735 1128
4 557 969 170 1038
4 488 522 959 1095
4 149 760 150 965
4 704 628 662 988
4 1042 1119 932 1137
4 628 988 138 1092
4 435 454 441 1023
4 696 970 207 1037
4 946 1021 428 1092
4 693 670 1042 1117
4 673 680 198 1164
4 448 475 481 1083
4 621 588 615 1084
4 494 529 501 1008
4 579 611 565 1045
4 873 892 803 987
4 651 1066 650 1088
4 927 1070 1003 1107
4 957 1128 983 1145
4 361 368 1107 1161
4 169 969 557 1043
4 71 2 931 1141
4 186 948 1031 1149
4 837 1051 836 1111
4 417 1040 317 1169
4 88 983 8 1128
4 737 999 174 1153
4 970 1037 696 1067
4 476 449 479 997
4 679 1024 943 1117
4 376 944 371 1094
4 899 810 863 1075
4 900 809 864 1074
4 738 793 883 999
4 64 401 396 943
4 105 399 74 1035
4 663 693 935 1124
4 534 931 500 1136
4 700 649 637 1021
4 867 908 912 1059
4 911 868 907 1060
4 473 431 467 1157
4 919 752 763 992
4 861 728 812 1028
4 9 1018 962 1073
4 930 1039 973 1048
4 649 637 1021 1066
4 13 125 507 939
4 369 378 975 1000
4 389 940 1073 1125
4 440 1062 982 1134
4 403 990 396 1160
4 57 1094 950 1099
4 151 761 762 992
4 789 790 193 993
4 479 476 997 1132
4 193 192 789 1053
4 828 955 908 1146
4 827 956 907 1147
4 761 151 150 1052
4 422 301 307 1013
4 982 1062 946 1161
4 517 944 551 1055
4 632 688 671 1144
4 698 1077 663 1163
4 656 691 675 1050
4 893 951 848 1156
4 846 894 952 1155
4 384 391 937 1121
4 168 951 1043 1090
4 322 1046 945 1137
4 774 200 1146 1155
4 166 1147 749 1156
4 383 972 1048 1150
4 171 172 549 957
4 950 1099 949 1102
4 935 1042 943 1117
4 942 1113 147 1132
4 972 1016 937 1150
4 663 1077 935 1163
4 521 555 532 1138
4 949 1001 979 1135
4 572 573 598 995
4 510 949 511 1135
4 899 834 1146 1155
4 842 1147 900 1156
4 891 1003 898 1070
4 926 1017 931 1136
4 929 1046 5 1165
4 464 1052 992 1083
4 953 1066 1026 1080
4 604 1053 993 1084
4 319 30 960 1162
4 741 983 173 1158
4 164 956 165 1093
4 207 1051 970 1085
4 911 956 827 1173
4 912 955 828 1172
4 969 1001 380 1028
4 732 83 729 1028
4 7 232 725 1098
4 887 1036 952 1047
4 505 523 504 1106
4 949 1055 979 1099
4 62 1087 28 1143
4 938 1015 948 1100
4 92 1048 1022 1056
4 7 1044 1098 1110
4 205 954 1133 1144
4 144 145 434 1134
4 477 1011 140 1021
4 580 578 622 1100
4 398 991 395 1087
4 298 309 996 1105
4 396 65 935 1165
4 840 1009 983 1128
4 401 952 395 1047
4 203 991 675 1036
4 37 59 958 1076
4 656 657 691 1006
4 465 147 1113 1132
4 37 1040 958 1123
4 203 1036 1057 1144
4 74 1035 970 1111
4 451 439 1062 1120
4 941 1008 976 1114
4 316 417 317 1169
4 1026 1066 947 1080
4 602 615 566 1096
4 693 663 935 1163
4 526 155 552 1138
4 397 953 1026 1080
4 778 195 780 993
4 203 991 1036 1144
4 491 123 508 1013
4 873 892 987 1056
4 647 700 141 1097
4 488 543 1095 1101
4 440 439 982 1062
4 776 199 198 1172
4 165 164 748 1173
4 446 444 445 1148
4 394 95 94 1007
4 590 1031 614 1100
4 938 1100 948 1139
4 378 371 975 1000
4 947 1006 991 1087
4 710 8 89 948
4 679 629 691 1050
4 778 195 993 1103
4 363 365 362 967
4 729 728 861 1028
4 302 1019 1040 1123
4 949 1001 978 1068
4 32 303 33 1142
4 934 1077 935 1124
4 488 1095 959 1101
4 574 187 608 1015
4 7 1044 965 1098
4 950 1013 34 1102
4 936 1062 927 1161
4 916 855 948 1149
4 35 939 55 1102
4 770 1051 207 1085
4 464 481 1052 1083
4 531 492 548 1135
4 928 959 1086 1095
4 376 1094 57 1099
4 604 621 1053 1084
4 663 935 1077 1124
4 529 494 546 1008
4 505 976 506 1106
4 975 1093 166 1147
4 429 435 1023 1118
4 33 303 321 1091
4 632 1133 1026 1144
4 785 184 792 999
4 765 794 884 1051
4 369 926 378 1000
4 602 603 621 984
4 655 953 676 1066
4 530 517 550 1065
4 444 443 442 967
4 395 398 981 991
4 165 956 164 1173
4 199 955 198 1172
4 427 465 476 1132
4 300 318 31 963
4 830 815 871 1115
4 399 75 74 953
4 387 968 61 1123
4 801 724 229 723
4 397 1026 399 1034
4 909 957 1158 1170
4 38 1046 5 1076
4 955 985 1122 1126
4 998 1011 960 1131
4 73 360 72 1110
4 180 971 1096 1167
4 762 831 763 992
4 790 832 791 993
4 405 954 103 981
4 205 1133 632 1144
4 194 993 195 1084
4 152 992 161 1083
4 745 161 992 1104
4 978 1029 949 1068
4 434 474 144 1041
4 866 807 895 1047
4 34 950 321 1013
4 2 377 931 1142
4 968 937 1121 1154
4 361 359 1131 1161
4 481 462 463 989
4 529 506 501 1008
4 557 979 535 1043
4 642 208 701 1051
4 359 74 946 1161
4 306 320 302 1040
4 576 603 606 1053
4 675 1036 991 1050
4 143 453 142 1089
4 466 436 463 1052
4 173 983 172 1158
4 648 932 631 1105
4 839 840 793 983
4 967 1023 442 1148
4 92 705 708 1022
4 853 818 895 1036
4 851 837 796 994
4 121 420 407 977
4 5 94 392 1076
4 537 506 976 1106
4 180 971 566 1096
4 37 320 38 1076
4 171 1158 957 1170
4 537 976 533 1093
4 373 380 370 969
4 303 1012 977 1142
4 701 702 1037 1089
4 148 1079 149 1157
4 794 994 884 1051
4 696 206 207 970
4 306 317 413 1040
4 1004 1014 963 1151
4 311 306 424 1002
4 919 763 831 992
4 918 791 832 993
4 580 622 609 1100
4 76 961 3 998
4 607 600 599 1064
4 967 1152 362 1166
4 471 946 428 1092
4 799 915 870 1018
4 971 1010 925 1096
4 435 107 960 1118
4 170 557 169 969
4 934 1010 971 1167
4 204 1057 205 1144
4 800 914 872 1044
4 999 1009 922 1153
4 635 681 677 990
4 983 922 1009 1153
4 609 580 1015 1061
4 508 554 491 950
4 168 1043 489 1090
4 904 957 1128 1158
4 994 1020 921 1051
4 372 374 84 1028
4 388 1121 87 1127
4 221 866 715 716
4 733 237 865 731
4 485 451 1062 1148
4 400 955 1122 1126
4 807 981 895 1047
4 906 876 814 1022
4 983 1009 999 1153
4 206 970 696 1133
4 38 1002 1046 1076
4 997 1113 933 1166
4 652 651 653 947
4 724 801 229 874
4 56 57 34 950
4 1003 1070 942 1107
4 305 414 418 1097
4 738 883 751 999
4 150 149 965 1157
4 434 474 1041 1134
4 742 170 169 969
4 927 1107 1003 1132
4 31 963 318 1141
4 85 88 1128 1145
4 575 581 569 1016
4 691 657 679 943
4 62 63 28 1087
4 872 992 1044 1104
4 955 1126 990 1164
4 488 543 522 1095
4 548 492 549 1135
4 679 657 684 1117
4 926 944 1065 1094
4 960 1054 1118 1162
4 993 1018 870 1103
4 411 996 309 1105
4 727 1060 868 1115
4 968 1040 575 1169
4 837 994 794 1051
4 444 967 442 1148
4 699 1010 1096 1171
4 609 624 580 1061
4 844 743 251 817
4 834 774 777 276
4 749 750 842 248
4 743 844 251 742
4 252 844 740 742
4 252 844 825 740
4 821 834 777 276
4 750 842 248 822
4 521 1025 555 1138
4 889 845 886 973
4 426 470 461 1033
4 281 826 859 768
4 859 281 768 769
4 517 539 551 944
4 891 898 804 1070
4 899 1059 974 1146
4 900 1060 975 1147
4 469 1062 440 1134
4 105 719 1035 1111
4 923 1039 972 1048
4 945 1042 935 1163
4 995 1002 958 1076
4 4 939 1019 1127
4 148 1113 1079 1157
4 899 1146 974 1155
4 900 1147 975 1156
4 467 460 459 1071
4 370 380 82 969
4 986 1115 871 1173
4 565 157 156 1045
4 610 601 566 1159
4 375 78 77 1060
4 590 578 577 1045
4 906 915 858 962
4 733 81 731 1027
4 883 917 751 999
4 856 916 1108 1149
4 79 378 975 1060
4 644 1077 934 1124
4 130 426 129 1033
4 361 936 368 1161
4 209 486 685 1089
4 1079 1113 1005 1157
4 407 120 121 977
4 4 1068 939 1127
4 878 898 850 964
4 180 1140 971 1167
4 737 738 174 999
4 909 1028 957 1170
4 440 439 438 982
4 934 1077 644 1140
4 1003 1107 942 1132
4 537 976 1093 1106
4 911 871 1115 1173
4 693 698 663 1163
4 201 202 629 1050
4 470 426 130 1033
4 932 1119 1042 1129
4 784 820 292 845
4 664 1117 693 1124
4 56 950 34 1102
4 820 784 292 781
4 753 819 264 852
4 866 715 805 221
4 733 237 806 865
4 279 818 767 771
4 772 818 278 771
4 744 817 250 743
4 570 995 598 1159
4 819 753 264 754
4 818 772 278 846
4 817 744 250 848
4 279 818 853 767
4 957 983 1025 1145
4 88 1116 381 1139
4 654 653 651 1006
4 794 835 836 1051
4 983 1025 922 1153
4 389 393 385 1030
4 375 1114 956 1115
4 495 1000 541 1106
4 610 566 180 971
4 847 781 291 783
4 781 847 291 820
4 889 973 886 1056
4 488 564 552 1138
4 975 1147 166 1156
4 974 1146 200 1155
4 203 1036 767 1057
4 322 945 980 1137
4 452 10 141 1097
4 383 1048 972 1125
4 669 1096 1010 1167
4 980 1042 932 1137
4 940 1007 971 1159
4 190 189 784 973
4 37 302 320 1040
4 905 914 843 965
4 180 610 971 1159
4 780 194 791 993
4 322 310 945 1046
4 151 992 464 1052
4 193 993 604 1053
4 316 302 308 1019
4 533 537 506 976
4 930 1073 940 1125
4 87 388 1116 1121
4 927 1003 964 1134
4 477 141 140 1011
4 8 948 1009 1139
4 610 566 971 1159
4 784 782 845 293
4 754 263 857 755
4 829 816 869 1122
4 956 1147 827 1173
4 955 1146 828 1172
4 819 263 857 754
4 161 752 745 992
4 722 723 69 1005
4 715 716 866 1047
4 180 181 610 1140
4 972 1039 930 1048
4 758 755 857 262
4 936 1023 967 1148
4 180 1096 634 1167
4 731 236 865 732
4 866 220 717 716
4 823 845 782 293
4 737 741 255 839
4 283 835 766 770
4 1049 1154 592 1169
4 495 1093 1000 1106
4 678 201 629 1024
4 537 505 506 1106
4 554 508 519 950
4 844 896 902 969
4 968 1154 1049 1169
4 203 697 991 1144
4 614 590 593 1031
4 180 1140 610 1159
4 104 399 105 1035
4 425 138 137 1082
4 207 1037 970 1051
4 1005 1098 933 1166
4 792 175 751 999
4 929 1002 995 1076
4 423 407 315 1012
4 688 652 653 947
4 640 182 682 1140
4 942 1107 68 1166
4 361 1131 936 1161
4 510 512 515 1135
4 556 1025 173 1153
4 728 735 812 1128
4 985 1122 869 1172
4 61 968 391 1121
4 172 527 549 1025
4 378 369 975 1060
4 565 1045 611 1101
4 972 1048 930 1125
4 895 1036 887 1047
4 921 970 1037 1051
4 926 1136 931 1142
4 696 1037 695 1067
4 887 895 818 1036
4 386 958 59 1076
4 930 940 1064 1125
4 712 1059 867 1122
4 916 803 892 987
4 617 1049 1032 1154
4 455 458 430 1014
4 97 400 98 1059
4 976 1017 941 1109
4 912 869 1122 1172
4 554 550 518 1055
4 866 805 715 1047
4 861 902 808 1028
4 958 1040 968 1123
4 443 457 458 1004
4 704 672 692 988
4 7 1044 986 1115
4 557 531 535 979
4 236 808 865 732
4 807 866 220 717
4 56 57 950 1099
4 674 1077 665 1163
4 438 439 425 1082
4 918 832 881 993
4 919 831 882 992
4 456 441 454 1023
4 504 523 525 1017
4 482 440 982 1134
4 985 1103 925 1171
4 717 219 807 713
4 732 235 808 729
4 55 35 4 939
4 878 850 897 1020
4 515 520 978 1135
4 114 996 631 1088
4 62 1080 1087 1143
4 511 518 514 1055
4 929 1077 1007 1140
4 895 981 901 1057
4 575 592 1154 1169
4 706 710 89 987
4 372 1001 978 1145
4 923 1058 937 1061
4 986 1104 924 1168
4 539 1000 538 1090
4 923 1015 987 1058
4 570 598 597 1159
4 165 166 1093 1147
4 113 648 631 1105
4 572 595 119 1002
4 855 1009 948 1149
4 406 424 12 1002
4 361 67 66 927
4 449 997 446 1148
4 890 1005 905 1079
4 194 780 195 993
4 103 405 104 954
4 932 1042 980 1129
4 61 1121 391 1127
4 975 1090 951 1156
4 495 541 537 1106
4 980 1129 1042 1130
4 507 493 509 1029
4 857 758 262 849
4 699 1010 669 1096
4 391 968 387 1121
4 604 993 194 1084
4 464 992 152 1083
4 43 304 313 409
4 9 216 1018 1122
4 730 734 239 864
4 714 718 223 863
4 118 569 958 1040
4 173 1025 983 1153
4 965 1005 933 1157
4 403 974 99 1160
4 88 374 87 1145
4 361 368 936 1131
4 837 794 836 1051
4 956 911 1115 1173
4 89 90 987 1058
4 79 975 378 1074
4 704 692 628 988
4 586 1039 599 1064
4 978 1001 949 1135
4 646 645 641 1164
4 582 585 584 972
4 855 795 1009 1149
4 509 493 499 1029
4 58 926 377 1142
4 966 1098 989 1110
4 235 861 808 729
4 862 807 219 713
4 495 537 1093 1106
4 64 63 1119 1137
4 722 725 875 1005
4 858 789 295 788
4 843 761 267 760
4 944 1055 950 1099
4 590 620 593 1081
4 933 1005 965 1098
4 963 931 1112 1141
4 99 974 403 1075
4 727 77 1060 1115
4 209 701 208 994
4 660 652 688 1026
4 779 920 764 994
4 383 1048 390 1150
4 47 316 301 412
4 734 733 238 1074
4 718 715 222 1075
4 138 1082 425 1092
4 391 1121 387 1150
4 939 949 1068 1102
4 416 108 963 1162
4 366 71 1109 1151
4 361 67 927 1107
4 207 970 206 1085
4 273 833 775 773
4 838 746 747 245
4 712 97 1059 1122
4 865 888 806 1027
4 839 840 983 1158
4 952 1036 202 1050
4 121 498 487 977
4 840 1128 983 1158
4 942 1113 997 1166
4 989 1052 965 1157
4 309 312 996 1097
4 455 430 132 1014
4 1000 1093 976 1106
4 394 400 95 934
4 772 771 202 1036
4 955 912 1122 1172
4 34 314 35 1102
4 913 1009 840 1128
4 32 1012 303 1142
4 864 239 730 809
4 810 714 223 863
4 974 1024 952 1155
4 837 884 794 994
4 538 539 541 1000
4 701 994 209 1089
4 981 1036 991 1144
4 184 175 792 999
4 631 996 114 1105
4 717 716 102 1047
4 1019 1049 968 1121
4 890 801 875 1005
4 671 656 675 991
4 181 610 1140 1159
4 400 955 1126 1160
4 38 5 59 1076
4 765 884 779 994
4 733 806 238 1074
4 715 805 222 1075
4 29 54 30 342
4 917 883 854 999
4 630 644 1140 1167
4 121 977 120 1136
4 840 904 1128 1158
4 175 999 184 1081
4 945 1137 1046 1165
4 361 927 66 1072
4 517 530 544 1065
4 366 1109 1014 1151
4 442 1023 456 1148
4 930 1022 962 1073
4 403 396 974 1160
4 2 931 1141 1142
4 394 934 990 1126
4 981 1036 895 1047
4 654 1006 651 1088
4 814 876 709 1022
4 451 472 439 1120
4 999 1081 174 1153
4 987 1015 923 1063
4 963 1112 1012 1141
4 167 951 1090 1156
4 414 996 115 1097
4 646 1010 1164 1167
4 36 61 1019 1123
4 981 1057 1036 1144
4 612 1032 623 1154
4 123 1013 422 1091
4 957 1038 171 1170
4 900 907 1060 1147
4 908 1059 899 1146
4 916 987 892 1108
4 1019 1049 1121 1127
4 697 675 203 991
4 586 599 584 1064
4 850 898 849 964
4 920 779 884 994
4 8 89 948 1139
4 717 102 981 1047
4 451 485 456 1148
4 463 462 460 989
4 936 946 1120 1161
4 1042 1119 943 1129
4 302 36 1019 1123
4 465 427 147 1132
4 305 319 312 998
4 755 146 145 1003
4 959 1045 1101 1116
4 974 1075 899 1155
4 900 975 1074 1156
4 948 1015 987 1108
4 909 904 860 1158
4 569 573 958 1016
4 593 185 1031 1081
4 238 864 734 1074
4 863 718 222 1075
4 765 994 208 1051
4 675 202 1036 1050
4 26 324 408 980
4 944 979 1055 1099
4 255 793 737 839
4 74 75 359 946
4 64 1 63 1137
4 913 210 1009 1128
4 997 1113 942 1132
4 463 436 481 1052
4 576 621 603 1053
4 37 302 1040 1123
4 602 600 603 984
4 507 125 493 939
4 35 36 4 1019
4 668 178 1084 1096
4 646 1164 641 1167
4 903 1085 1035 1111
4 754 146 755 1003
4 1040 1123 1019 1169
4 203 1057 204 1144
4 85 374 88 1145
4 3 961 76 1080
4 663 664 693 1124
4 172 957 171 1158
4 498 558 1065 1136
4 707 706 873 214
4 526 562 1081 1138
4 142 209 994 1089
4 681 1117 664 1124
4 261 849 758 757
4 312 1097 998 1143
4 1032 1049 928 1121
4 932 996 1087 1088
4 930 962 1022 1069
4 635 990 677 1164
4 391 61 387 968
4 895 901 853 1057
4 806 864 238 1074
4 863 222 805 1075
4 456 454 483 1120
4 763 752 152 992
4 414 309 411 996
4 489 167 168 1090
4 442 1004 433 1023
4 1062 1120 946 1161
4 956 165 1093 1147
4 58 33 1094 1142
4 722 70 725 1005
4 906 889 876 1022
4 520 548 549 1135
4 737 174 173 1153
4 852 885 890 1079
4 441 429 435 1023
4 1026 1133 954 1144
4 479 427 476 1132
4 1023 1054 960 1131
4 901 895 807 981
4 626 545 175 1081
4 120 1012 534 1136
4 908 955 1059 1146
4 907 956 1060 1147
4 699 1096 1084 1171
4 26 299 324 980
4 605 190 571 1069
4 924 1033 989 1110
4 432 109 963 1112
4 143 142 759 994
4 410 422 46 307
4 70 7 725 1098
4 59 37 38 1076
4 1022 1048 973 1056
4 794 283 835 766
4 901 910 826 1057
4 1026 1034 397 1080
4 896 865 808 1027
4 836 1085 903 1111
4 630 641 644 1167
4 935 1163 1077 1165
4 203 675 202 1036
4 188 567 608 1063
4 535 531 516 979
4 944 1078 979 1099
4 711 104 105 1035
4 922 1100 1045 1139
4 910 903 859 1085
4 323 298 996 1105
4 787 1108 187 1149
4 63 932 1087 1119
4 148 147 1079 1113
4 322 980 27 1137
4 623 612 591 1032
4 681 664 677 1124
4 992 1052 924 1083
4 674 640 665 1077
4 423 120 407 1012
4 993 1053 925 1084
4 910 1035 903 1085
4 376 370 81 1027
4 478 152 161 1083
4 618 194 195 1084
4 561 174 1081 1153
4 933 367 1098 1152
4 440 469 484 1062
4 164 165 533 1093
4 1005 1113 933 1157
4 722 801 228 723
4 705 802 212 708
4 898 891 857 1003
4 954 981 405 1034
4 916 856 855 1149
4 631 1088 932 1129
4 699 668 1084 1096
4 992 1044 924 1052
4 990 1126 955 1160
4 993 1018 925 1053
4 560 507 509 1029
4 61 4 1019 1127
4 301 46 422 307
4 824 890 905 1079
4 428 477 140 1021
4 449 476 446 997
4 706 873 214 803
4 909 1158 860 1170
4 489 551 539 1090
4 893 1074 951 1156
4 894 1075 952 1155
4 317 417 413 1040
4 546 559 529 1008
4 1007 1077 934 1140
4 413 118 119 1002
4 965 933 1098 1157
4 578 579 565 1045
4 180 566 179 1096
4 909 861 812 1028
4 482 469 440 1134
4 972 1125 1030 1150
4 819 857 891 1003
4 510 509 499 1029
4 713 862 711 218
4 728 729 861 234
4 565 157 1045 1101
4 727 868 736 1115
4 902 1028 909 1170
4 322 39 310 1046
4 611 1032 568 1101
4 180 179 634 1096
4 752 161 152 992
4 56 1099 950 1102
4 29 3 54 342
4 542 525 500 1017
4 393 392 385 1076
4 312 996 1097 1143
4 889 886 802 1056
4 648 631 932 1129
4 499 518 511 949
4 459 444 446 1071
4 977 1065 926 1136
4 966 1014 1004 1152
4 966 1098 367 1152
4 1025 1138 922 1153
4 922 1009 999 1031
4 629 679 678 1024
4 1049 1121 1032 1154
4 926 1094 977 1142
4 524 553 523 1106
4 356 32 341 1141
4 793 737 738 256
4 309 996 414 1097
4 315 304 423 1012
4 383 1125 972 1150
4 694 1088 631 1129
4 728 861 812 234
4 615 1084 178 1096
4 926 977 1136 1142
4 94 95 385 1007
4 689 660 1026 1067
4 938 1058 1015 1061
4 91 707 90 1056
4 787 187 186 1149
4 121 420 977 1091
4 649 676 637 1066
4 940 995 1007 1159
4 973 1022 930 1048
4 873 886 892 1056
4 971 1007 934 1140
4 978 1001 372 1068
4 555 1025 502 1138
4 3 29 998 1143
4 371 926 58 1094
4 958 1030 995 1076
4 321 307 1013 1091
4 306 302 317 1040
4 930 1039 972 1064
4 556 502 1025 1153
4 372 978 1068 1086
4 1006 1088 658 1129
4 418 414 10 1097
4 152 464 151 992
4 604 193 194 993
4 432 963 108 1118
4 3 1080 62 1143
4 693 684 670 1117
4 444 442 445 1148
4 795 785 786 288
4 802 212 876 705
4 228 875 801 722
4 862 811 711 218
4 701 702 642 1037
4 669 1010 646 1167
4 121 977 487 1091
4 877 855 913 1009
4 667 696 1067 1133
4 26 408 421 980
4 175 174 999 1081
4 203 767 204 1057
4 493 125 124 1013
4 58 371 378 926
4 35 4 36 340
4 573 572 118 958
4 812 880 904 1128
4 502 555 556 1025
4 543 158 497 1095
4 930 1022 973 1069
4 497 1029 536 1095
4 542 490 504 1017
4 586 589 616 1039
4 192 576 606 1053
4 397 75 953 1080
4 150 436 466 1052
4 361 359 364 1131
4 614 1031 186 1100
4 226 1020 897 1111
4 32 1141 1012 1142
4 915 814 829 1018
4 50 424 311 306
4 376 370 1027 1078
4 295 799 789 858
4 267 800 761 843
4 914 813 830 1044
4 66 67 721 1070
4 947 1034 1026 1080
4 841 855 795 1009
4 872 831 800 992
4 832 799 870 993
4 426 461 462 1033
4 1023 1054 1004 1118
4 796 260 759 757
4 204 768 205 1057
4 67 68 1070 1107
4 969 1038 1028 1170
4 308 302 36 1019
4 900 1074 893 1156
4 894 899 1075 1155
4 738 751 175 999
4 182 595 570 995
4 316 415 417 1169
4 448 128 475 1083
4 588 178 615 1084
4 815 868 911 1115
4 139 428 1021 1092
4 467 466 463 1157
4 386 393 1030 1076
4 180 630 1140 1167
4 669 634 686 1096
4 416 43 313 409
4 698 665 663 1077
4 109 416 108 963
4 776 828 1146 1172
4 748 827 1147 1173
4 655 650 652 1066
4 105 6 719 1111
4 648 694 631 1129
4 668 686 178 1096
4 890 875 905 1005
4 869 985 797 1103
4 798 871 986 1104
4 498 1065 977 1136
4 739 1158 171 1170
4 92 708 91 1056
4 1035 1085 954 1133
4 959 1101 928 1116
4 930 1064 972 1125
4 47 316 412 415
4 168 535 489 1043
4 669 634 1096 1167
4 712 867 720 1122
4 78 727 77 1060
4 140 139 428 1021
4 27 322 299 980
4 689 1026 632 1133
4 674 636 945 1163
4 143 757 144 1041
4 62 1080 404 1087
4 815 911 871 1115
4 1014 1151 1004 1152
4 913 841 840 1009
4 991 1034 981 1144
4 98 1059 400 1160
4 150 466 149 1157
4 309 41 305 414
4 938 1045 1100 1139
4 595 183 12 1002
4 148 147 753 1079
4 667 696 695 1067
4 527 172 556 1025
4 589 585 625 1061
4 970 206 1085 1133
4 482 440 438 982
4 619 589 624 1061
4 163 1104 986 1168
4 92 91 1048 1056
4 618 604 194 1084
4 464 152 478 1083
4 426 475 129 1033
4 197 1103 985 1171
4 926 1065 977 1094
4 410 123 422 1091
4 882 992 872 1104
4 881 993 870 1103
4 929 1046 1002 1076
4 642 696 207 1037
4 321 307 301 1013
4 678 1024 679 1117
4 378 975 371 1074
4 519 122 487 1091
4 390 384 391 1150
4 50 424 406 311
4 36 61 4 1019
4 851 920 884 994
4 111 1130 945 1163
4 310 306 311 1002
4 534 1012 11 1112
4 581 575 594 1154
4 642 1037 207 1051
4 142 486 209 1089
4 133 455 132 1112
4 921 1020 994 1041
4 849 261 796 757
4 394 1126 990 1160
4 694 658 1088 1129
4 419 945 111 980
4 833 273 797 773
4 245 838 746 798
4 70 722 69 1005
4 1004 1054 963 1118
4 433 1023 1004 1118
4 515 512 520 1135
4 474 450 453 1041
4 31 963 52 1054
4 574 1015 609 1100
4 478 126 547 161
4 687 176 195 618
4 649 633 639 1066
4 121 496 977 1136
4 82 732 731 1027
4 396 403 974 1075
4 954 981 1034 1144
4 509 510 536 1029
4 435 452 454 1011
4 79 730 78 1060
4 770 766 207 1051
4 487 977 498 1065
4 103 717 102 981
4 756 149 148 1079
4 78 375 369 1060
4 27 299 26 980
4 983 1128 957 1158
4 665 1077 698 1163
4 925 1096 1010 1171
4 512 510 511 1135
4 926 58 1094 1142
4 738 793 256 883
4 980 1042 945 1130
4 34 1013 314 1102
4 175 561 174 1081
4 158 1095 543 1101
4 361 368 67 1107
4 526 562 561 1081
4 367 1152 933 1166
4 26 980 421 1105
4 189 605 567 1063
4 936 1120 1062 1161
4 836 835 903 1085
4 945 1046 929 1165
4 77 1114 375 1115
4 724 67 68 1070
4 97 98 712 1059
4 510 499 511 949
4 118 569 573 958
4 764 142 779 994
4 796 260 851 759
4 502 1138 1025 1153
4 762 761 268 800
4 296 799 790 789
4 1084 1096 925 1171
4 383 1030 1125 1150
4 927 964 1072 1134
4 839 904 840 1158
4 745 162 161 1104
4 746 745 244 1104
4 372 978 1086 1145
4 272 773 778 1103
4 563 547 161 1083
4 687 195 703 1084
4 77 73 375 1114
4 934 971 1140 1167
4 644 663 1077 1124
4 778 196 195 1103
4 871 872 830 1044
4 574 614 186 1100
4 583 573 582 1016
4 401 395 101 1047
4 850 796 837 1020
4 639 633 114 1088
4 829 869 870 1018
4 982 1062 927 1134
4 4 55 939 1068
4 399 397 75 953
4 654 657 656 1006
4 400 1122 96 1126
4 735 880 812 1128
4 945 1163 935 1165
4 113 631 114 1105
4 594 596 581 1154
4 885 891 874 1070
4 1012 1136 977 1142
4 785 795 854 288
4 945 1042 980 1137
4 767 203 771 1036
4 519 508 122 1091
4 956 1093 975 1147
4 400 97 96 1122
4 186 185 786 1031
4 361 927 1072 1161
4 73 1114 77 1115
4 323 27 298 1105
4 449 446 445 1148
4 4 61 36 340
4 575 1040 117 1169
4 816 867 912 1122
4 671 991 697 1144
4 205 632 204 1144
4 403 394 990 1160
4 612 617 568 1032
4 434 482 474 1134
4 98 99 714 1059
4 450 480 453 1089
4 611 612 568 1032
4 529 540 506 1008
4 680 1010 699 1171
4 495 165 166 1093
4 816 912 869 1122
4 531 548 513 1135
4 968 1019 1123 1169
4 677 990 1124 1164
4 41 418 305 414
4 989 1098 933 1157
4 582 581 596 1016
4 499 493 124 1013
4 902 909 825 1170
4 398 405 981 1034
4 790 791 194 993
4 152 762 763 992
4 1029 939 1068 1127
4 680 646 1010 1164
4 965 1098 989 1157
4 495 538 541 1000
4 89 90 706 987
4 876 705 709 1022
4 908 810 899 1059
4 809 900 907 1060
4 654 658 1006 1088
4 617 1032 612 1154
4 74 970 6 1111
4 611 579 612 1032
4 577 565 156 1045
4 832 296 799 790
4 268 831 762 800
4 922 1031 999 1081
4 933 1113 1005 1166
4 1005 1113 942 1166
4 606 571 191 1069
4 394 400 934 1126
4 388 86 4 1127
4 444 447 443 1071
4 959 1045 922 1138
4 927 1062 982 1161
4 653 654 656 1006
4 831 872 882 992
4 881 832 870 993
4 699 669 686 1096
4 448 481 464 1083
4 588 621 604 1084
4 186 1031 786 1149
4 772 277 846 1155
4 744 249 848 1156
4 975 1060 956 1147
4 951 1078 1043 1090
4 142 209 779 994
4 209 208 765 994
4 1029 1068 978 1086
4 1006 943 1119 1129
4 765 208 766 1051
4 556 173 502 1153
4 372 380 1001 1028
4 685 701 209 1089
4 205 689 632 1133
4 1035 1085 970 1111
4 307 321 303 1091
4 968 1123 1040 1169
4 921 1041 994 1089
4 593 184 185 1081
4 163 162 1104 1168
4 442 443 433 1004
4 658 654 1006 1129
4 841 883 793 999
4 745 882 244 1104
4 675 697 671 991
4 272 778 881 1103
4 379 372 1001 1068
4 390 90 384 1058
4 383 386 1030 1150
4 798 872 871 1104
4 870 869 797 1103
4 71 366 2 1151
4 681 678 679 1117
4 1009 1031 948 1149
4 275 776 828 1146
4 827 247 748 1147
4 579 591 612 1032
4 959 1095 928 1101
4 787 856 290 1108
4 114 633 115 996
4 197 196 1103 1171
4 972 1030 1016 1150
4 622 578 590 1100
4 310 38 1002 1046
4 1031 1100 922 1139
4 318 1012 32 1141
4 8 1009 210 1128
4 498 977 496 1136
4 569 117 575 1040
4 559 540 1008 1168
4 670 657 690 1129
4 320 310 38 1002
4 134 685 209 486
4 626 545 153 175
4 290 783 787 1108
4 650 1066 639 1088
4 674 665 636 1163
4 375 369 976 1109
4 689 1067 1026 1133
4 427 479 468 1132
4 55 939 1068 1102
4 660 667 661 1067
4 1010 1096 971 1167
4 32 356 31 1141
4 897 1020 837 1111
4 729 84 728 1028
4 383 1030 389 1125
4 53 30 54 354
4 319 300 30 1162
4 432 433 1004 1118
4 927 982 1072 1161
4 689 667 660 1067
4 413 424 306 1002
4 44 423 315 304
4 371 376 80 1074
4 759 142 764 994
4 1 322 27 1137
4 954 1057 981 1144
4 452 141 477 1011
4 623 596 594 1154
4 609 608 619 1015
4 426 462 475 1033
4 421 325 26 1105
4 525 534 500 1136
4 514 516 513 1055
4 1004 1151 1054 1152
4 301 422 412 1013
4 110 674 636 945
4 169 557 535 1043
4 587 583 584 1064
4 952 1075 974 1155
4 951 1074 975 1156
4 635 677 673 1164
4 133 534 11 1112
4 111 980 945 1130
4 108 432 109 963
4 557 170 492 1038
4 509 536 497 1029
4 325 26 0 421
4 145 468 434 1134
4 1027 1043 951 1078
4 699 686 668 1096
4 396 401 100 1075
4 111 638 627 1130
4 821 846 277 1155
4 822 848 249 1156
4 609 574 608 1015
4 974 1146 1059 1160
4 996 961 1097 1143
4 902 861 909 1028
4 413 119 424 1002
4 669 680 646 1010
4 740 171 170 1170
4 112 980 648 1105
4 1059 1146 955 1160
4 27 980 26 1105
4 7 232 1044 1115
4 450 438 437 1082
4 626 175 184 1081
4 682 644 1077 1140
4 12 119 595 1002
4 373 979 370 1099
4 856 847 290 1108
4 738 175 174 999
4 456 442 441 1023
4 61 391 4 1127
4 32 33 58 1142
4 526 552 562 1138
4 963 1054 1004 1151
4 303 32 318 1012
4 776 275 774 1146
4 748 247 749 1147
4 35 308 36 1019
4 79 78 378 1060
4 777 277 772 1155
4 744 750 249 1156
4 163 503 162 1168
4 360 367 966 1098
4 896 888 865 1027
4 1005 1079 942 1113
4 275 828 834 1146
4 842 247 827 1147
4 935 1117 990 1124
4 715 101 716 1047
4 699 680 669 1010
4 970 1085 1035 1133
4 70 367 1098 1166
4 53 1054 363 1131
4 599 586 613 1039
4 575 592 594 1154
4 847 783 290 1108
4 148 431 1113 1157
4 121 120 496 1136
4 171 1038 170 1170
4 148 149 431 1157
4 112 648 113 1105
4 998 1097 961 1143
4 31 52 53 1054
4 711 719 811 1035
4 927 1072 982 1134
4 654 651 658 1088
4 990 1126 934 1164
4 741 173 172 1158
4 31 52 963 1141
4 354 30 54 342
4 197 643 196 1171
4 916 892 847 1108
4 736 868 815 1115
4 544 530 553 1065
4 572 598 595 995
4 934 1164 1010 1167
4 525 542 504 1017
4 369 58 378 926
4 63 1087 395 1119
4 415 116 417 1169
4 298 309 312 996
4 395 981 102 1047
4 933 1098 367 1166
4 356 341 2 1141
4 127 528 128 1083
4 177 668 178 1084
4 516 517 551 1055
4 34 321 314 1013
4 900 864 893 1074
4 863 894 899 1075
4 57 58 33 1094
4 323 298 312 996
4 1009 1031 922 1139
4 207 206 770 1085
4 739 172 171 1158
4 880 210 913 1128
4 534 120 11 1012
4 639 114 631 1088
4 6 1020 226 1111
4 559 1083 563 1168
4 743 169 168 1043
4 699 1084 703 1171
4 928 1101 1032 1116
4 1006 1087 947 1088
4 787 856 1108 1149
4 837 851 884 994
4 558 553 498 1065
4 29 312 319 998
4 116 117 1040 1169
4 464 481 436 1052
4 509 497 560 1029
4 854 883 841 999
4 591 580 625 1061
4 363 54 53 1131
4 604 621 576 1053
4 146 147 427 1132
4 139 140 637 1021
4 543 488 157 1101
4 373 1099 56 1102
4 997 1107 942 1166
4 695 661 667 1067
4 152 151 762 992
4 435 429 107 1118
4 194 193 790 993
4 320 306 310 1002
4 49 413 306 317
4 866 895 887 1047
4 460 447 459 1071
4 29 3 357 1143
4 428 472 477 1120
4 735 233 812 880
4 838 871 911 1173
4 869 912 833 1172
4 954 1034 1026 1144
4 680 699 643 1171
4 552 564 532 1138
4 559 540 529 1008
4 111 945 636 1163
4 903 1035 879 1111
4 948 1031 1009 1139
4 726 6 66 1072
4 707 708 213 1056
4 408 419 111 980
4 908 899 834 1146
4 907 900 842 1147
4 955 1122 985 1172
4 900 893 822 1156
4 894 821 899 1155
4 774 275 834 1146
4 842 749 247 1147
4 1046 1137 65 1165
4 111 636 1130 1163
4 712 714 224 1059
4 240 727 730 1060
4 384 89 381 1058
4 48 317 316 417
4 707 213 873 1056
4 115 414 114 996
4 499 124 491 1013
4 240 868 727 1060
4 867 712 224 1059
4 821 277 777 1155
4 822 249 750 1156
4 746 244 798 1104
4 272 797 773 1103
4 125 412 124 1013
4 714 810 224 1059
4 240 730 809 1060
4 559 503 540 1168
4 372 1086 374 1145
4 960 1054 1023 1118
4 274 828 776 1172
4 246 827 748 1173
4 613 616 605 1039
4 91 390 383 1048
4 511 513 512 1135
4 667 206 696 1133
4 1012 1112 931 1141
4 180 630 181 1140
4 555 502 562 1138
4 388 384 381 1121
4 677 1124 645 1164
4 84 729 83 1028
4 230 724 874 1070
4 802 213 708 1056
4 600 587 599 1064
4 927 997 1107 1132
4 945 1130 1042 1163
4 92 1048 383 1125
4 592 1049 617 1154
4 703 699 668 1084
4 559 528 563 1083
4 427 468 146 1132
4 598 570 595 995
4 663 665 644 1077
4 826 768 280 1057
4 280 767 853 1057
4 63 398 395 1087
4 809 868 240 1060
4 867 224 810 1059
4 31 32 334 341
4 779 209 765 994
4 188 187 783 1108
4 826 280 853 1057
4 601 610 597 1159
4 928 1029 1086 1127
4 866 887 805 1047
4 537 533 495 1093
4 301 314 321 1013
4 38 39 352 1046
4 230 721 724 1070
4 879 1035 719 1111
4 719 879 811 1035
4 720 867 816 1122
4 28 323 312 996
4 69 367 70 1166
4 414 411 114 996
4 136 666 480 1089
4 632 671 697 1144
4 49 413 317 417
4 932 1088 1006 1129
4 78 369 378 1060
4 389 383 393 1030
4 521 527 555 1025
4 932 1087 1006 1088
4 86 87 1086 1127
4 669 646 641 1167
4 749 166 165 1147
4 774 200 199 1146
4 836 897 837 1111
4 721 230 804 1070
4 802 873 213 1056
4 643 197 680 1171
4 405 102 395 981
4 526 154 620 1081
4 55 34 35 1102
4 82 731 81 1027
4 903 910 811 1035
4 203 204 697 1144
4 118 117 569 1040
4 768 767 280 1057
4 638 693 1042 1163
4 114 996 411 1105
4 395 398 405 981
4 163 540 503 1168
4 127 128 448 1083
4 750 167 166 1156
4 777 201 200 1155
4 177 178 588 1084
4 465 431 473 1113
4 644 645 663 1124
4 931 1136 1012 1142
4 648 980 112 1130
4 230 874 804 1070
4 93 705 92 1022
4 32 31 356 341
4 436 150 151 1052
4 576 192 193 1053
4 798 244 882 1104
4 797 272 881 1103
4 655 676 650 1066
4 630 180 634 1167
4 942 1107 997 1132
4 72 375 73 1114
4 312 998 29 1143
4 386 59 393 1076
4 226 879 719 1111
4 304 409 423 1012
4 922 1138 1081 1153
4 928 1116 1032 1121
4 28 29 358 357
4 948 1100 1031 1139
4 478 126 161 152
4 176 194 195 618
4 934 1124 990 1164
4 928 1086 1029 1095
4 502 562 1138 1153
4 816 829 19 216
4 815 830 21 232
4 121 496 498 977
4 382 96 9 1073
4 486 142 453 1089
4 274 776 775 1172
4 246 748 747 1173
4 232 736 815 1115
4 369 71 377 1109
4 1029 1086 978 1095
4 1019 968 1049 1169
4 651 650 639 1088
4 1029 1068 1086 1127
4 419 110 111 945
4 471 138 425 1092
4 433 429 1023 1118
4 370 979 1078 1099
4 231 726 721 804
4 683 628 138 1092
4 689 688 632 1026
4 3 29 357 342
4 879 226 897 1111
4 72 366 71 1109
4 518 550 514 1055
4 694 658 631 1088
4 397 76 75 1080
4 415 48 316 417
4 208 642 207 1051
4 189 188 781 1063
4 1032 1121 937 1154
4 417 116 1040 1169
4 1015 1058 923 1061
4 436 151 464 1052
4 29 357 28 1143
4 515 522 536 1095
4 440 451 439 1062
4 60 387 61 1123
4 642 695 696 1037
4 576 193 604 1053
4 140 700 637 1021
4 709 705 93 1022
4 274 833 828 1172
4 838 827 246 1173
4 693 664 684 1117
4 658 690 654 1129
4 812 728 233 735
4 829 870 915 1018
4 872 914 830 1044
4 701 666 702 1089
4 702 672 695 1037
4 860 739 253 1170
4 12 424 119 1002
4 756 265 824 1079
4 39 65 1046 1137
4 932 1006 1119 1129
4 753 852 265 1079
4 502 561 562 1153
4 259 920 851 759
4 859 282 769 1085
4 59 5 38 352
4 30 53 31 338
4 773 197 196 1103
4 163 162 746 1104
4 1028 1038 957 1170
4 893 864 806 1074
4 805 894 863 1075
4 811 711 217 719
4 624 625 580 1061
4 934 1126 1010 1164
4 577 578 565 1045
4 852 824 265 1079
4 727 736 77 1115
4 387 390 391 1150
4 361 364 363 1131
4 526 545 154 1081
4 716 101 102 1047
4 389 92 383 1125
4 175 545 561 1081
4 441 442 433 1023
4 282 835 770 1085
4 160 1049 592 1169
4 626 154 545 1081
4 1006 1087 932 1119
4 116 575 117 1169
4 164 163 747 1173
4 775 198 197 1172
4 315 420 45 307
4 859 835 282 1085
4 682 665 640 1077
4 303 304 315 1012
4 89 384 90 1058
4 167 489 538 1090
4 931 1012 1141 1142
4 530 550 519 1065
4 309 325 40 411
4 523 505 524 1106
4 191 190 782 1069
4 928 1121 1049 1127
4 116 117 417 1040
4 333 29 30 342
4 539 538 489 1090
4 660 688 689 1026
4 753 265 756 1079
4 343 63 28 336
4 209 142 134 486
4 175 153 626 184
4 922 1081 999 1153
4 216 720 816 1122
4 465 147 148 1113
4 913 855 841 1009
4 830 21 232 813
4 829 19 216 814
4 622 574 609 1100
4 496 120 534 1136
4 712 720 97 1122
4 274 775 833 1172
4 747 838 246 1173
4 711 105 719 1035
4 882 872 798 1104
4 881 870 797 1103
4 1007 1140 971 1159
4 282 770 769 1085
4 376 371 57 1094
4 677 645 646 1164
4 503 563 162 1168
4 445 442 456 1148
4 52 1054 963 1151
4 407 420 45 315
4 432 455 109 1112
4 726 231 878 804
4 432 433 458 1004
4 1 63 28 343
4 3 76 62 1080
4 421 26 0 408
4 667 1067 689 1133
4 968 1121 1049 1154
4 154 626 620 1081
4 860 253 825 1170
4 102 405 103 981
4 545 526 561 1081
4 336 28 343 326
4 243 882 745 919
4 7 70 367 1098
4 612 623 594 1154
4 17 780 791 286
4 614 593 185 1031
4 694 690 658 1129
4 96 95 400 1126
4 361 363 368 1131
4 420 410 307 1091
4 719 217 811 879
4 409 11 1012 1112
4 695 642 702 1037
4 287 854 785 917
4 372 84 380 1028
4 58 33 32 355
4 196 643 703 1171
4 644 682 630 1140
4 388 381 1116 1121
4 226 719 6 1111
4 137 437 425 1082
4 454 1011 477 1120
4 65 396 403 1165
4 565 611 157 1101
4 39 1 64 1137
4 394 94 402 1165
4 55 1068 379 1102
4 324 0 26 408
4 675 691 629 1050
4 491 124 123 1013
4 837 897 850 1020
4 413 417 118 1040
4 388 391 1121 1127
4 343 28 1 326
4 418 106 107 1162
4 693 670 638 1042
4 920 259 764 759
4 186 614 185 1031
4 111 110 636 945
4 787 783 187 1108
4 682 644 665 1077
4 38 352 5 1046
4 253 739 740 1170
4 360 966 367 1152
4 433 429 441 1023
4 53 30 354 338
4 36 353 61 1123
4 879 226 20 897
4 253 740 825 1170
4 28 996 312 1143
4 226 878 20 897
4 423 11 120 1012
4 202 675 629 1050
4 477 454 452 1011
4 160 159 617 1049
4 348 331 328 346
4 592 617 594 1154
4 659 112 627 1130
4 334 32 33 355
4 178 686 179 1096
4 243 745 752 919
4 785 792 287 917
4 358 28 336 326
4 840 904 880 1128
4 353 36 61 340
4 305 42 313 1162
4 27 26 298 1105
4 334 338 31 341
4 524 537 541 1106
4 343 1 339 332
4 362 68 1107 1166
4 303 318 304 1012
4 178 179 615 1096
4 173 174 502 1153
4 963 1141 52 1151
4 386 393 383 1030
4 423 409 11 1012
4 514 550 517 1055
4 202 771 203 1036
4 680 673 646 1164
4 769 1085 206 1133
4 65 352 39 1046
4 38 37 59 337
4 433 443 458 1004
4 376 370 1078 1099
4 367 362 1152 1166
4 880 913 840 1128
4 338 30 354 328
4 739 860 1158 1170
4 474 143 144 1041
4 485 440 484 1062
4 496 525 558 1136
4 199 776 774 1146
4 165 748 749 1147
4 121 487 122 1091
4 744 167 750 1156
4 777 772 201 1155
4 791 780 17 194
4 445 456 485 1148
4 586 616 613 1039
4 205 769 206 1133
4 84 83 380 1028
4 86 388 87 1127
4 333 358 29 342
4 444 459 447 1071
4 647 115 633 1097
4 127 547 528 1083
4 687 668 177 1084
4 347 354 30 328
4 210 877 18 913
4 311 419 51 324
4 348 328 347 346
4 127 478 547 1083
4 177 618 687 1084
4 615 179 566 1096
4 893 848 822 1156
4 846 821 894 1155
4 210 880 735 1128
4 498 496 558 1136
4 404 397 1034 1080
4 468 469 434 1134
4 337 59 38 352
4 811 879 903 1035
4 584 599 587 1064
4 836 903 879 1111
4 334 331 328 348
4 639 650 649 1066
4 549 492 171 1038
4 449 445 485 1148
4 514 517 516 1055
4 860 254 739 1158
4 38 39 332 352
4 327 348 350 346
4 358 28 357 336
4 659 648 112 1130
4 573 581 582 1016
4 189 567 188 1063
4 421 112 113 1105
4 330 35 36 340
4 590 614 622 1100
4 847 856 916 1108
4 331 347 328 346
4 394 400 1126 1160
4 86 1086 1068 1127
4 135 685 486 1089
4 194 780 17 195
4 741 254 839 1158
4 650 676 649 1066
4 60 59 37 337
4 339 344 343 332
4 4 35 351 340
4 373 55 379 1102
4 343 336 326 344
4 80 734 79 1074
4 5 392 59 1076
4 791 297 832 790
4 269 763 762 831
4 907 868 809 1060
4 810 908 867 1059
4 62 404 398 1087
4 664 663 645 1124
4 422 123 124 1013
4 471 428 139 1092
4 13 160 592 1169
4 828 908 834 1146
4 827 907 842 1147
4 39 322 1 1137
4 421 980 112 1105
4 535 168 169 1043
4 415 13 116 1169
4 860 839 254 1158
4 328 338 31 334
4 388 4 391 1127
4 634 179 686 1096
4 326 333 331 344
4 664 645 677 1124
4 718 99 100 1075
4 383 387 386 1150
4 559 563 503 1168
4 338 356 31 341
4 326 336 358 344
4 626 184 593 1081
4 388 391 384 1121
4 101 395 102 1047
4 50 413 424 306
4 170 171 492 1038
4 332 345 344 346
4 643 699 703 1171
4 617 612 594 1154
4 389 382 93 1073
4 123 122 508 1091
4 571 190 191 1069
4 422 124 412 1013
4 786 795 289 1149
4 326 358 28 333
4 569 581 573 1016
4 289 856 787 1149
4 348 355 33 335
4 87 388 381 1116
4 209 142 15 134
4 91 708 707 1056
4 4 86 1068 1127
4 370 82 81 1027
4 421 411 325 1105
4 376 57 370 1099
4 331 345 332 346
4 380 373 379 1001
4 360 367 366 1152
4 30 347 333 342
4 764 15 779 142
4 64 63 1 343
4 768 204 767 1057
4 44 423 304 409
4 453 143 474 1041
4 38 345 329 337
4 431 466 467 1157
4 346 329 345 349
4 741 739 254 1158
4 165 495 533 1093
4 297 918 791 832
4 763 269 919 831
4 880 210 18 913
4 313 42 416 1162
4 305 418 42 1162
4 685 666 701 1089
4 332 39 339 352
4 417 117 118 1040
4 537 524 505 1106
4 88 8 85 1128
4 208 207 766 1051
4 39 64 1 339
4 874 891 804 1070
4 480 666 135 1089
4 345 331 332 329
4 338 334 348 341
4 56 34 55 1102
4 348 327 331 346
4 44 423 407 315
4 562 532 555 1138
4 497 536 543 1095
4 733 734 80 1074
4 158 543 157 1101
4 181 570 610 1159
4 418 416 42 1162
4 135 666 685 1089
4 527 556 555 1025
4 773 196 778 1103
4 440 485 451 1062
4 182 181 682 1140
4 779 920 270 764
4 332 344 331 346
4 28 63 62 336
4 715 718 100 1075
4 826 853 901 1057
4 108 107 1118 1162
4 354 347 338 328
4 121 122 420 1091
4 814 211 709 876
4 813 725 875 227
4 334 328 338 348
4 334 327 331 348
4 437 438 425 1082
4 30 354 347 342
4 886 873 802 1056
4 142 15 779 209
4 730 727 78 1060
4 289 787 786 1149
4 574 622 614 1100
4 724 230 874 229
4 162 745 746 1104
4 213 707 873 214
4 368 362 68 1107
4 29 28 358 333
4 392 393 59 1076
4 792 242 22 917
4 752 258 23 919
4 216 9 720 1122
4 5 352 65 1046
4 345 331 329 346
4 13 592 116 1169
4 2 52 1141 1151
4 483 472 451 1120
4 331 333 347 344
4 0 325 421 411
4 548 520 512 1135
4 394 65 403 1165
4 683 138 139 1092
4 670 659 1042 1129
4 917 792 242 751
4 258 752 763 919
4 289 795 856 1149
4 710 803 706 215
4 270 920 24 764
4 270 24 920 779
4 158 611 568 1101
4 332 345 38 352
4 28 357 62 1143
4 64 65 39 1137
4 824 852 890 1079
4 465 148 431 1113
4 62 76 397 1080
4 670 638 1042 1130
4 229 228 801 723
4 434 469 482 1134
4 756 148 753 1079
4 708 802 212 213
4 7 1098 360 1110
4 348 33 327 335
4 344 331 326 332
4 917 242 22 751
4 763 23 258 919
4 46 301 422 412
4 715 222 805 221
4 237 238 733 806
4 210 18 735 880
4 383 92 91 1048
4 271 780 881 778
4 659 1129 648 1130
4 751 883 738 257
4 330 327 351 350
4 14 258 752 763
4 16 242 792 751
4 739 171 740 1170
4 812 728 234 233
4 667 689 206 1133
4 401 64 395 1119
4 712 225 720 867
4 727 241 736 868
4 328 347 338 348
4 16 153 175 184
4 35 330 351 340
4 712 98 714 1059
4 231 721 230 804
4 305 300 319 1162
4 826 281 280 768
4 774 834 275 276
4 825 253 252 740
4 247 749 842 248
4 279 853 280 767
4 844 252 251 742
4 822 248 750 249
4 777 821 276 277
4 195 17 194 176
4 161 126 14 152
4 860 254 253 739
4 281 859 282 769
4 496 534 525 1136
4 357 29 358 342
4 626 593 620 1081
4 339 1 39 332
4 67 724 721 1070
4 347 358 333 342
4 859 903 835 1085
4 33 334 355 348
4 217 711 811 218
4 215 710 803 877
4 236 235 808 732
4 807 220 219 717
4 866 221 220 716
4 236 865 237 731
4 638 698 693 1163
4 547 563 528 1083
4 668 687 703 1084
4 448 464 478 1083
4 604 618 588 1084
4 337 38 345 352
4 346 330 329 349
4 31 356 52 1141
4 240 730 239 809
4 224 714 223 810
4 222 223 718 863
4 238 239 734 864
4 543 536 522 1095
4 589 625 624 1061
4 186 786 787 1149
4 219 862 713 218
4 729 235 861 234
4 684 664 681 1117
4 291 820 292 781
4 355 32 58 341
4 776 198 775 1172
4 748 164 747 1173
4 754 819 263 264
4 279 278 818 771
4 817 251 250 743
4 772 846 277 278
4 250 848 744 249
4 34 33 57 335
4 353 37 36 349
4 519 487 498 1065
4 274 275 776 828
4 827 246 748 247
4 375 72 369 1109
4 782 823 293 294
4 266 756 265 824
4 512 513 548 1135
4 814 19 216 709
4 725 232 21 813
4 259 851 260 759
4 138 471 139 1092
4 486 480 135 1089
4 833 912 828 1172
4 838 911 827 1173
4 909 860 825 1170
4 345 329 337 349
4 107 416 418 1162
4 149 466 431 1157
4 679 684 681 1117
4 755 263 857 262
4 255 741 254 839
4 211 709 876 705
4 725 722 875 227
4 803 214 706 215
4 917 883 751 257
4 780 271 881 918
4 753 852 264 265
4 293 845 784 292
4 835 283 282 770
4 8 735 85 1128
4 332 339 345 352
4 340 353 36 349
4 108 429 433 1118
4 351 327 34 350
4 414 309 40 411
4 747 838 245 246
4 833 273 775 274
4 330 329 331 346
4 33 58 57 355
4 184 175 16 792
4 665 698 636 1163
4 433 432 108 1118
4 14 161 152 752
4 847 291 290 783
4 34 330 351 35
4 831 762 269 268
4 296 832 297 790
4 240 241 727 868
4 224 225 712 867
4 160 617 592 1049
4 241 815 736 868
4 225 816 720 867
4 361 66 6 1072
4 357 28 62 336
4 480 135 666 136
4 620 154 526 155
4 677 646 673 1164
4 338 31 30 328
4 344 347 331 346
4 226 20 719 879
4 226 20 878 726
4 333 326 358 344
4 55 35 34 351
4 116 592 575 1169
4 158 157 611 1101
4 97 720 9 1122
4 212 211 876 705
4 722 228 875 227
4 60 353 37 1123
4 373 370 56 1099
4 216 19 816 720
4 21 815 232 736
4 56 34 57 335
4 6 74 361 1072
4 786 289 795 288
4 133 11 455 1112
4 787 856 289 290
4 904 839 860 1158
4 610 570 597 1159
4 380 379 372 1001
4 792 175 16 751
4 9 93 382 1073
4 409 109 11 1112
4 634 669 641 1167
4 256 793 737 255
4 634 641 630 1167
4 858 295 294 788
4 266 843 267 760
4 334 33 327 348
4 553 530 498 1065
4 7 360 73 1110
4 38 310 39 1046
4 127 448 478 1083
4 177 588 618 1084
4 333 347 30 328
4 420 410 45 307
4 324 419 51 408
4 362 69 68 1166
4 31 318 32 1141
4 10 414 115 1097
4 325 298 26 1105
4 260 796 261 757
4 670 1042 659 1130
4 532 562 552 1138
4 36 330 340 349
4 343 1 64 339
4 56 370 57 1099
4 758 262 849 261
4 346 350 330 349
4 752 152 14 763
4 288 854 785 287
4 339 39 65 352
4 7 367 360 1098
4 735 18 233 880
4 347 333 331 328
4 395 64 63 1119
4 694 648 659 1129
4 330 37 349 36
4 38 345 332 329
4 794 284 283 766
4 353 337 37 349
4 67 368 68 1107
4 406 419 51 311
4 453 480 486 1089
4 745 244 882 243
4 174 561 502 1153
4 39 65 64 339
4 345 344 339 332
4 36 37 353 1123
4 55 86 372 1068
4 636 638 1130 1163
4 2 366 52 1151
4 4 35 55 351
4 4 86 55 1068
4 296 799 789 295
4 761 268 800 267
4 335 34 327 350
4 337 329 37 349
4 305 313 300 1162
4 273 272 797 773
4 244 245 746 798
4 112 111 627 1130
4 856 795 855 1149
4 879 897 836 1111
4 327 348 335 350
4 454 477 472 1120
4 372 1068 86 1086
4 358 347 333 344
4 330 351 340 349
4 770 206 769 1085
4 210 735 8 1128
4 123 410 122 1091
4 791 780 25 286
4 779 270 15 764
4 272 271 881 778
4 107 429 108 1118
4 112 980 111 1130
4 181 630 682 1140
4 87 381 88 1116
4 115 647 10 1097
4 63 62 398 1087
4 287 792 22 917
4 243 752 23 919
4 883 256 738 257
4 97 9 96 1122
4 231 878 20 726
4 259 24 920 764
4 285 920 24 779
4 387 383 390 1150
4 670 690 659 1129
4 337 37 60 353
4 719 20 217 879
4 114 411 113 1105
4 330 34 351 327
4 367 69 362 1166
4 284 884 285 765
4 659 1042 1129 1130
4 112 421 408 980
4 53 52 31 338
4 51 0 324 408
4 37 36 302 1123
4 37 330 349 329
4 454 472 483 1120
4 55 373 56 1102
4 204 632 697 1144
4 335 351 34 350
4 232 7 736 1115
4 53 365 363 1054
4 113 411 421 1105
4 329 37 38 337
4 739 741 172 1158
4 56 55 34 351
4 61 353 60 1123
4 206 689 205 1133
4 658 651 639 1088
4 791 25 780 918
4 301 46 47 412
4 355 57 33 335
4 1042 1130 638 1163
4 111 636 638 1130
4 351 330 350 349
4 108 416 107 1162
4 420 122 410 1091
4 410 46 45 307
4 10 647 141 1097
4 71 369 72 1109
4 57 371 58 1094
4 127 478 126 547
4 618 687 176 177
4 45 44 407 315
4 2 58 377 1142
4 21 725 813 227
4 19 814 211 709
4 455 11 109 1112
4 77 736 7 1115
4 325 0 40 411
4 405 404 397 1034
4 28 312 29 1143
4 364 54 363 1131
4 918 791 25 297
4 25 271 780 918
4 112 408 111 980
4 73 77 7 1115
4 736 21 815 241
4 19 816 720 225
4 400 394 98 1160
4 406 51 50 311
4 18 710 877 210
4 530 519 498 1065
4 413 50 49 306
4 62 357 3 1143
4 304 43 44 409
4 31 52 356 338
4 404 405 398 1034
4 34 56 351 335
4 33 34 327 335
4 23 763 269 919
4 751 22 917 257
4 52 356 2 1141
4 631 658 639 1088
4 486 134 685 135
4 154 626 545 153
4 42 41 418 305
4 367 362 365 1152
4 52 365 53 1054
4 670 659 638 1130
4 47 48 316 415
4 694 659 690 1129
4 403 98 394 1160
4 313 42 43 416
4 48 49 317 417
4 18 710 215 877
4 309 40 41 414
4 638 636 698 1163
4 400 95 94 394
4 375 72 71 369
4 659 627 638 1130
4 1133 399 1026 954
4 1133 1026 399 1067
4 1079 754 147 753
4 1079 147 754 942
4 1085 768 1133 769
4 1085 1133 768 954
4 1079 819 885 942
4 1079 885 819 852
4 1085 910 826 859
4 984 566 1096 602
4 984 1096 566 971
4 1063 886 987 820
4 1063 987 886 1056
4 1022 216 814 962
4 1022 814 216 709
4 37 1123 59 60
4 37 59 1123 958
4 386 59 1123 60
4 386 1123 59 958
4 1146 635 200 199
4 1146 200 635 974
4 1081 577 590 620
4 1081 590 577 922
4 1169 939 415 13
4 1169 415 939 1019
4 1114 1173 1115 986
4 1115 1173 1114 956
4 1030 573 958 995
4 1030 958 573 1016
4 1002 1040 320 306
4 320 1040 1002 958
4 360 1109 366 72
4 366 1109 360 1014
4 1071 1157 473 467
4 473 1157 1071 933
4 1005 885 1079 890
4 1005 1079 885 942
4 1057 910 1085 954
4 1057 1085 910 826
4 533 1008 506 540
4 506 1008 533 976
4 484 1148 997 449
4 997 1148 484 1062
4 760 824 266 843
4 266 824 760 756
4 823 788 294 782
4 294 788 823 858
4 1027 1074 81 951
4 81 1074 1027 733
4 1072 226 1020 964
4 1072 1020 226 6
4 1021 1080 1066 953
4 1066 1080 1021 961
4 1011 1097 452 141
4 452 1097 1011 998
4 1170 742 170 740
4 1170 170 742 969
4 995 183 1002 929
4 995 1002 183 595
4 1170 844 902 969
4 1170 902 844 825
4 1137 396 935 943
4 1137 935 396 65
4 1064 597 601 587
4 1064 601 597 940
4 1107 1148 927 936
4 927 1148 1107 997
4 1017 131 490 941
4 1017 490 131 542
4 33 1094 950 57
4 950 1094 33 977
4 1033 1083 481 475
4 481 1083 1033 924
4 1131 3 76 364
4 1131 76 3 998
4 1140 640 929 1077
4 1140 929 640 182
4 1113 476 1132 997
4 1113 1132 476 465
4 1016 575 1154 968
4 1016 1154 575 581
4 1131 76 946 364
4 1131 946 76 1011
4 1093 164 1114 533
4 1093 1114 164 956
4 986 746 798 1104
4 798 746 986 1173
4 985 773 797 1103
4 797 773 985 1172
4 1152 1023 365 1054
4 1152 365 1023 967
4 317 1169 302 316
4 302 1169 317 1040
4 1172 773 197 775
4 1172 197 773 985
4 1173 746 163 747
4 1173 163 746 986
4 633 1097 649 647
4 633 649 1097 961
4 700 649 1097 647
4 700 1097 649 961
4 662 1092 628 683
4 628 1092 662 988
4 1061 596 591 937
4 1061 591 596 625
4 1134 1132 479 927
4 1134 479 1132 468
4 939 1169 507 13
4 939 507 1169 1049
4 160 507 1169 13
4 160 1169 507 1049
4 1071 1152 1004 967
4 1004 1152 1071 966
4 1103 703 195 1084
4 1103 195 703 196
4 1104 563 161 1083
4 1104 161 563 162
4 628 1082 692 137
4 692 1082 628 988
4 1093 375 975 369
4 1093 975 375 956
4 1060 975 375 369
4 1060 375 975 956
4 1101 938 579 1032
4 1101 579 938 1045
4 1074 376 81 951
4 1074 81 376 80
4 1066 651 652 947
4 1066 652 651 650
4 1075 401 101 952
4 1075 101 401 100
4 1025 173 172 556
4 1025 172 173 983
4 1032 1058 1061 937
4 1061 1058 1032 938
4 1111 105 74 1035
4 1111 74 105 6
4 1164 635 199 673
4 1164 199 635 990
4 1087 404 947 1080
4 1034 947 404 1080
4 798 1173 871 838
4 871 1173 798 986
4 1172 797 869 985
4 1172 869 797 833
4 1112 432 1004 963
4 1112 1004 432 455
4 1058 1150 384 390
4 384 1150 1058 937
4 935 403 1165 394
4 935 1165 403 396
4 1061 609 619 1015
4 1061 619 609 624
4 1131 368 1023 363
4 1131 1023 368 936
4 967 1023 368 363
4 967 368 1023 936
4 379 1102 949 373
4 949 1102 379 1068
4 949 1001 379 373
4 379 1001 949 1068
4 1034 405 104 397
4 104 405 1034 954
4 104 399 1034 397
4 1034 399 104 954
4 990 1117 635 681
4 990 635 1117 1024
4 678 635 1117 681
4 678 1117 635 1024
4 1159 182 181 570
4 1159 181 182 1140
4 313 409 963 416
4 963 409 313 304
4 1153 562 1081 561
4 1153 1081 562 1138
4 1034 1087 404 947
4 404 1087 1034 398
4 1093 1114 375 976
4 375 1114 1093 956
4 683 1021 139 637
4 683 139 1021 1092
4 794 765 284 766
4 284 765 794 884
4 1129 654 657 690
4 1129 657 654 1006
4 785 917 999 792
4 999 917 785 854
4 99 1160 98 403
4 98 1160 99 1059
4 919 745 992 882
4 919 992 745 752
4 759 920 994 764
4 759 994 920 851
4 5 1165 65 402
4 65 1165 5 1046
4 1141 1142 58 2
4 58 1142 1141 32
4 58 341 1141 2
4 1141 341 58 32
4 884 779 285 765
4 285 779 884 920
4 326 343 332 1
4 326 332 343 344
4 74 361 1161 359
4 74 1161 361 1072
4 346 327 330 350
4 346 330 327 331
4 334 341 355 348
4 355 341 334 32
4 86 374 1086 87
4 1086 374 86 372
4 403 100 1075 396
4 403 1075 100 99
4 378 80 1074 371
4 378 1074 80 79
4 88 89 1139 381
4 88 1139 89 8
4 1151 52 1152 366
4 367 1152 52 366
4 367 52 1152 365
4 52 1152 1054 1151
4 52 1054 1152 365

CELL_TYPES 6417
1
1
1
1
1
1
1
1
1
1
1
1
1
1
1
1
1
1
1
1
1
1
1
1
1
1
3
3
3
3
3
3
3
3
3
3
3
3
3
3
3
3
3
3
3
3
3
3
3
3
3
3
3
3
3
3
3
3
3
3
3
3
3
3
3
3
3
3
3
3
3
3
3
3
3
3
3
3
3
3
3
3
3
3
3
3
3
3
3
3
3
3
3
3
3
3
3
3
3
3
3
3
3
3
3
3
3
3
3
3
3
3
3
3
3
3
3
3
3
3
3
3
3
3
3
3
3
3
3
3
3
3
3
3
3
3
3
3
3
3
3
3
3
3
3
3
3
3
3
3
3
3
3
3
3
3
3
3
3
3
3
3
3
3
3
3
3
3
3
3
3
3
3
3
3
3
3
3
3
3
3
3
3
3
3
3
3
3
3
3
3
3
3
3
3
3
3
3
3
3
3
3
3
3
3
3
3
3
3
3
3
3
3
3
3
3
3
3
3
3
3
3
3
3
3
3
3
3
3
3
3
3
3
3
3
3
3
3
3
3
3
3
3
3
3
3
3
3
3
3
3
3
3
3
3
3
3
3
3
3
3
3
3
3
3
3
3
3
3
3
3
3
3
3
3
3
3
3
3
3
3
3
3
3
3
3
3
3
3
3
3
3
3
3
3
3
3
3
3
3
3
3
3
3
3
3
3
3
3
3
3
3
3
3
3
3
3
3
3
3
3
3
3
3
3
3
3
3
3
3
3
3
3
3
3
3
3
3
3
3
3
5
5
5
5
5
5
5
5
5
5
5
5
5
5
5
5
5
5
5
5
5
5
5
5
5
5
5
5
5
5
5
5
5
5
5
5
5
5
5
5
5
5
5
5
5
5
5
5
5
5
5
5
5
5
5
5
5
5
5
5
5
5
5
5
5
5
5
5
5
5
5
5
5
5
5
5
5
5
5
5
5
5
5
5
5
5
5
5
5
5
5
5
5
5
5
5
5
5
5
5
5
5
5
5
5
5
5
5
5
5
5
5
5
5
5
5
5
5
5
5
5
5
5
5
5
5
5
5
5
5
5
5
5
5
5
5
5
5
5
5
5
5
5
5
5
5
5
5
5
5
5
5
5
5
5
5
5
5
5
5
5
5
5
5
5
5
5
5
5
5
5
5
5
5
5
5
5
5
5
5
5
5
5
5
5
5
5
5
5
5
5
5
5
5
5
5
5
5
5
5
5
5
5
5
5
5
5
5
5
5
5
5
5
5
5
5
5
5
5
5
5
5
5
5
5
5
5
5
5
5
5
5
5
5
5
5
5
5
5
5
5
5
5
5
5
5
5
5
5
5
5
5
5
5
5
5
5
5
5
5
5
5
5
5
5
5
5
5
5
5
5
5
5
5
5
5
5
5
5
5
5
5
5
5
5
5
5
5
5
5
5
5
5
5
5
5
5
5
5
5
5
5
5
5
5
5
5
5
5
5
5
5
5
5
5
5
5
5
5
5
5
5
5
5
5
5
5
5
5
5
5
5
5
5
5
5
5
5
5
5
5
5
5
5
5
5
5
5
5
5
5
5
5
5
5
5
5
5
5
5
5
5
5
5
5
5
5
5
5
5
5
5
5
5
5
5
5
5
5
5
5
5
5
5
5
5
5
5
5
5
5
5
5
5
5
5
5
5
5
5
5
5
5
5
5
5
5
5
5
5
5
5
5
5
5
5
5
5
5
5
5
5
5
5
5
5
5
5
5
5
5
5
5
5
5
5
5
5
5
5
5
5
5
5
5
5
5
5
5
5
5
5
5
5
5
5
5
5
5
5
5
5
5
5
5
5
5
5
5
5
5
5
5
5
5
5
5
5
5
5
5
5
5
5
5
5
5
5
5
5
5
5
5
5
5
5
5
5
5
5
5
5
5
5
5
5
5
5
5
5
5
5
5
5
5
5
5
5
5
5
5
5
5
5
5
5
5
5
5
5
5
5
5
5
5
5
5
5
5
5
5
5
5
5
5
5
5
5
5
5
5
5
5
5
5
5
5
5
5
5
5
5
5
5
5
5
5
5
5
5
5
5
5
5
5
5
5
5
5
5
5
5
5
5
5
5
5
5
5
5
5
5
5
5
5
5
5
5
5
5
5
5
5
5
5
5
5
5
5
5
5
5
5
5
5
5
5
5
5
5
5
5
5
5
5
5
5
5
5
5
5
5
5
5
5
5
5
5
5
5
5
5
5
5
5
5
5
5
5
5
5
5
5
5
5
5
5
5
5
5
5
5
5
5
5
5
5
5
5
5
5
5
5
5
5
5
5
5
5
5
5
5
5
5
5
5
5
5
5
5
5
5
5
5
5
5
5
5
5
5
5
5
5
5
5
5
5
5
5
5
5
5
5
5
5
5
5
5
5
5
5
5
5
5
5
5
5
5
5
5
5
5
5
5
5
5
5
5
5
5
5
5
5
5
5
5
5
5
5
5
5
5
5
5
5
5
5
5
5
5
5
5
5
5
5
5
5
5
5
5
5
5
5
5
5
5
5
5
5
5
5
5
5
5
5
5
5
5
5
5
5
5
5
5
5
5
5
5
5
5
5
5
5
5
5
5
5
5
5
5
5
5
5
5
5
5
5
5
5
5
5
5
5
5
5
5
5
5
5
5
5
5
5
5
5
5
5
5
5
5
5
5
5
5
5
5
5
5
5
5
5
5
5
5
5
5
5
5
5
5
5
5
5
5
5
5
5
5
5
5
5
5
5
5
5
5
5
5
5
5
5
5
5
5
5
5
5
5
5
5
5
5
5
5
5
5
5
5
5
5
5
5
5
5
5
5
5
5
5
5
5
5
5
5
5
5
5
5
5
5
5
5
5
5
5
5
5
5
5
5
5
5
5
5
5
5
5
5
5
5
5
5
5
5
5
5
5
5
5
5
5
5
5
5
5
5
5
5
5
5
5
5
5
5
5
5
5
5
5
5
5
5
5
5
5
5
5
5
5
5
5
5
5
5
5
5
5
5
5
5
5
5
5
5
5
5
5
5
5
5
5
5
5
5
5
5
5
5
5
5
5
5
5
5
5
5
5
5
5
5
5
5
5
5
5
5
5
5
5
5
5
5
5
5
5
5
5
5
5
5
5
5
5
5
5
5
5
5
5
5
5
5
5
5
5
5
5
5
5
5
5
5
5
5
5
5
5
5
5
5
5
5
5
5
5
5
5
5
5
5
5
5
5
5
5
5
5
5
5
5
5
5
5
5
5
5
5
5
5
5
5
5
5
5
5
5
5
5
5
5
5
5
5
5
5
5
5
5
5
5
5
5
5
5
5
5
5
5
5
5
5
5
5
5
5
5
5
5
5
5
5
5
5
5
5
5
5
5
5
5
5
5
5
5
5
5
5
5
5
5
5
5
5
5
5
5
5
5
5
5
5
5
5
5
5
5
5
5
5
5
5
5
5
5
5
5
5
5
5
5
5
5
5
5
5
5
5
5
5
5
5
5
5
5
5
5
5
5
5
5
5
5
5
5
5
5
5
5
5
5
5
5
5
5
5
5
5
5
5
5
5
5
5
5
5
5
5
5
5
5
5
5
5
5
5
5
5
5
5
5
5
5
5
5
5
5
5
5
5
5
5
5
5
5
5
5
5
5
5
5
5
5
5
5
5
5
5
5
5
5
5
5
5
5
5
5
5
5
5
5
5
5
5
5
5
5
5
5
5
5
5
5
5
5
5
5
5
5
5
5
5
5
5
5
5
5
5
5
5
5
5
5
5
5
5
5
5
5
5
5
5
5
5
5
5
5
5
5
5
5
5
5
5
5
5
5
5
5
5
5
5
5
5
5
5
5
5
5
5
5
5
5
5
5
5
5
5
5
5
5
5
5
5
5
5
5
5
5
5
5
5
5
5
5
5
5
5
5
5
5
5
5
5
5
5
5
5
5
5
5
5
5
5
5
5
5
5
5
5
5
5
5
5
5
5
5
5
5
5
5
5
5
5
5
5
5
5
5
5
5
5
5
5
5
5
5
5
5
5
5
5
5
5
5
5
5
5
5
5
5
5
5
5
5
5
5
5
5
5
5
5
5
5
5
5
5
5
5
5
5
5
5
5
5
5
5
5
5
5
5
5
5
5
5
5
5
5
5
5
5
5
5
5
5
5
5
5
5
5
5
5
5
5
5
5
5
5
5
5
5
5
5
5
5
5
5
5
5
5
5
5
5
5
5
5
5
5
5
5
5
5
5
5
5
5
5
5
5
5
5
5
5
5
5
5
5
5
5
5
5
5
5
5
5
5
5
5
5
5
5
5
5
5
5
5
5
5
5
5
5
5
5
5
5
5
5
5
5
5
5
5
5
5
5
5
5
5
5
5
5
5
5
5
5
5
5
5
5
5
5
5
5
5
5
5
5
5
5
5
5
5
5
5
5
5
5
5
5
5
5
5
5
5
5
5
5
5
5
5
5
5
5
5
5
5
5
5
5
5
5
5
5
5
5
5
5
5
5
5
5
5
5
5
5
5
5
5
5
5
5
5
5
5
5
5
5
5
5
5
5
5
5
5
5
5
5
5
5
5
5
5
5
5
5
5
5
5
5
5
5
5
5
5
5
5
5
5
5
5
5
5
5
5
5
5
5
5
5
5
5
5
5
5
5
5
5
5
5
5
5
5
5
5
5
5
5
5
5
5
5
5
5
5
5
5
5
5
5
5
5
5
5
5
5
5
5
5
5
5
5
5
5
5
5
5
5
5
5
5
5
5
5
5
5
5
5
5
5
5
5
5
5
5
5
5
5
5
5
5
5
5
5
5
5
5
5
5
5
5
5
5
5
5
5
5
5
5
5
5
5
5
5
5
5
5
5
5
5
5
5
5
5
5
5
5
5
5
5
5
5
5
5
5
5
5
5
5
5
5
5
5
5
5
5
5
5
5
5
10
10
10
10
10
10
10
10
10
10
10
10
10
10
10
10
10
10
10
10
10
10
10
10
10
10
10
10
10
10
10
10
10
10
10
10
10
10
10
10
10
10
10
10
10
10
10
10
10
10
10
10
10
10
10
10
10
10
10
10
10
10
10
10
10
10
10
10
10
10
10
10
10
10
10
10
10
10
10
10
10
10
10
10
10
10
10
10
10
10
10
10
10
10
10
10
10
10
10
10
10
10
10
10
10
10
10
10
10
10
10
10
10
10
10
10
10
10
10
10
10
10
10
10
10
10
10
10
10
10
10
10
10
10
10
10
10
10
10
10
10
10
10
10
10
10
10
10
10
10
10
10
10
10
10
10
10
10
10
10
10
10
10
10
10
10
10
10
10
10
10
10
10
10
10
10
10
10
10
10
10
10
10
10
10
10
10
10
10
10
10
10
10
10
10
10
10
10
10
10
10
10
10
10
10
10
10
10
10
10
10
10
10
10
10
10
10
10
10
10
10
10
10
10
10
10
10
10
10
10
10
10
10
10
10
10
10
10
10
10
10
10
10
10
10
10
10
10
10
10
10
10
10
10
10
10
10
10
10
10
10
10
10
10
10
10
10
10
10
10
10
10
10
10
10
10
10
10
10
10
10
10
10
10
10
10
10
10
10
10
10
10
10
10
10
10
10
10
10
10
10
10
10
10
10
10
10
10
10
10
10
10
10
10
10
10
10
10
10
10
10
10
10
10
10
10
10
10
10
10
10
10
10
10
10
10
10
10
10
10
10
10
10
10
10
10
10
10
10
10
10
10
10
10
10
10
10
10
10
10
10
10
10
10
10
10
10
10
10
10
10
10
10
10
10
10
10
10
10
10
10
10
10
10
10
10
10
10
10
10
10
10
10
10
10
10
10
10
10
10
10
10
10
10
10
10
10
10
10
10
10
10
10
10
10
10
10
10
10
10
10
10
10
10
10
10
10
10
10
10
10
10
10
10
10
10
10
10
10
10
10
10
10
10
10
10
10
10
10
10
10
10
10
10
10
10
10
10
10
10
10
10
10
10
10
10
10
10
10
10
10
10
10
10
10
10
10
10
10
10
10
10
10
10
10
10
10
10
10
10
10
10
10
10
10
10
10
10
10
10
10
10
10
10
10
10
10
10
10
10
10
10
10
10
10
10
10
10
10
10
10
10
10
10
10
10
10
10
10
10
10
10
10
10
10
10
10
10
10
10
10
10
10
10
10
10
10
10
10
10
10
10
10
10
10
10
10
10
10
10
10
10
10
10
10
10
10
10
10
10
10
10
10
10
10
10
10
10
10
10
10
10
10
10
10
10
10
10
10
10
10
10
10
10
10
10
10
10
10
10
10
10
10
10
10
10
10
10
10
10
10
10
10
10
10
10
10
10
10
10
10
10
10
10
10
10
10
10
10
10
10
10
10
10
10
10
10
10
10
10
10
10
10
10
10
10
10
10
10
10
10
10
10
10
10
10
10
10
10
10
10
10
10
10
10
10
10
10
10
10
10
10
10
10
10
10
10
10
10
10
10
10
10
10
10
10
10
10
10
10
10
10
10
10
10
10
10
10
10
10
10
10
10
10
10
10
10
10
10
10
10
10
10
10
10
10
10
10
10
10
10
10
10
10
10
10
10
10
10
10
10
10
10
10
10
10
10
10
10
10
10
10
10
10
10
10
10
10
10
10
10
10
10
10
10
10
10
10
10
10
10
10
10
10
10
10
10
10
10
10
10
10
10
10
10
10
10
10
10
10
10
10
10
10
10
10
10
10
10
10
10
10
10
10
10
10
10
10
10
10
10
10
10
10
10
10
10
10
10
10
10
10
10
10
10
10
10
10
10
10
10
10
10
10
10
10
10
10
10
10
10
10
10
10
10
10
10
10
10
10
10
10
10
10
10
10
10
10
10
10
10
10
10
10
10
10
10
10
10
10
10
10
10
10
10
10
10
10
10
10
10
10
10
10
10
10
10
10
10
10
10
10
10
10
10
10
10
10
10
10
10
10
10
10
10
10
10
10
10
10
10
10
10
10
10
10
10
10
10
10
10
10
10
10
10
10
10
10
10
10
10
10
10
10
10
10
10
10
10
10
10
10
10
10
10
10
10
10
10
10
10
10
10
10
10
10
10
10
10
10
10
10
10
10
10
10
10
10
10
10
10
10
10
10
10
10
10
10
10
10
10
10
10
10
10
10
10
10
10
10
10
10
10
10
10
10
10
10
10
10
10
10
10
10
10
10
10
10
10
10
10
10
10
10
10
10
10
10
10
10
10
10
10
10
10
10
10
10
10
10
10
10
10
10
10
10
10
10
10
10
10
10
10
10
10
10
10
10
10
10
10
10
10
10
10
10
10
10
10
10
10
10
10
10
10
10
10
10
10
10
10
10
10
10
10
10
10
10
10
10
10
10
10
10
10
10
10
10
10
10
10
10
10
10
10
10
10
10
10
10
10
10
10
10
10
10
10
10
10
10
10
10
10
10
10
10
10
10
10
10
10
10
10
10
10
10
10
10
10
10
10
10
10
10
10
10
10
10
10
10
10
10
10
10
10
10
10
10
10
10
10
10
10
10
10
10
10
10
10
10
10
10
10
10
10
10
10
10
10
10
10
10
10
10
10
10
10
10
10
10
10
10
10
10
10
10
10
10
10
10
10
10
10
10
10
10
10
10
10
10
10
10
10
10
10
10
10
10
10
10
10
10
10
10
10
10
10
10
10
10
10
10
10
10
10
10
10
10
10
10
10
10
10
10
10
10
10
10
10
10
10
10
10
10
10
10
10
10
10
10
10
10
10
10
10
10
10
10
10
10
10
10
10
10
10
10
10
10
10
10
10
10
10
10
10
10
10
10
10
10
10
10
10
10
10
10
10
10
10
10
10
10
10
10
10
10
10
10
10
10
10
10
10
10
10
10
10
10
10
10
10
10
10
10
10
10
10
10
10
10
10
10
10
10
10
10
10
10
10
10
10
10
10
10
10
10
10
10
10
10
10
10
10
10
10
10
10
10
10
10
10
10
10
10
10
10
10
10
10
10
10
10
10
10
10
10
10
10
10
10
10
10
10
10
10
10
10
10
10
10
10
10
10
10
10
10
10
10
10
10
10
10
10
10
10
10
10
10
10
10
10
10
10
10
10
10
10
10
10
10
10
10
10
10
10
10
10
10
10
10
10
10
10
10
10
10
10
10
10
10
10
10
10
10
10
10
10
10
10
10
10
10
10
10
10
10
10
10
10
10
10
10
10
10
10
10
10
10
10
10
10
10
10
10
10
10
10
10
10
10
10
10
10
10
10
10
10
10
10
10
10
10
10
10
10
10
10
10
10
10
10
10
10
10
10
10
10
10
10
10
10
10
10
10
10
10
10
10
10
10
10
10
10
10
10
10
10
10
10
10
10
10
10
10
10
10
10
10
10
10
10
10
10
10
10
10
10
10
10
10
10
10
10
10
10
10
10
10
10
10
10
10
10
10
10
10
10
10
10
10
10
10
10
10
10
10
10
10
10
10
10
10
10
10
10
10
10
10
10
10
10
10
10
10
10
10
10
10
10
10
10
10
10
10
10
10
10
10
10
10
10
10
10
10
10
10
10
10
10
10
10
10
10
10
10
10
10
10
10
10
10
10
10
10
10
10
10
10
10
10
10
10
10
10
10
10
10
10
10
10
10
10
10
10
10
10
10
10
10
10
10
10
10
10
10
10
10
10
10
10
10
10
10
10
10
10
10
10
10
10
10
10
10
10
10
10
10
10
10
10
10
10
10
10
10
10
10
10
10
10
10
10
10
10
10
10
10
10
10
10
10
10
10
10
10
10
10
10
10
10
10
10
10
10
10
10
10
10
10
10
10
10
10
10
10
10
10
10
10
10
10
10
10
10
10
10
10
10
10
10
10
10
10
10
10
10
10
10
10
10
10
10
10
10
10
10
10
10
10
10
10
10
10
10
10
10
10
10
10
10
10
10
10
10
10
10
10
10
10
10
10
10
10
10
10
10
10
10
10
10
10
10
10
10
10
10
10
10
10
10
10
10
10
10
10
10
10
10
10
10
10
10
10
10
10
10
10
10
10
10
10
10
10
10
10
10
10
10
10
10
10
10
10
10
10
10
10
10
10
10
10
10
10
10
10
10
10
10
10
10
10
10
10
10
10
10
10
10
10
10
10
10
10
10
10
10
10
10
10
10
10
10
10
10
10
10
10
10
10
10
10
10
10
10
10
10
10
10
10
10
10
10
10
10
10
10
10
10
10
10
10
10
10
10
10
10
10
10
10
10
10
10
10
10
10
10
10
10
10
10
10
10
10
10
10
10
10
10
10
10
10
10
10
10
10
10
10
10
10
10
10
10
10
10
10
10
10
10
10
10
10
10
10
10
10
10
10
10
10
10
10
10
10
10
10
10
10
10
10
10
10
10
10
10
10
10
10
10
10
10
10
10
10
10
10
10
10
10
10
10
10
10
10
10
10
10
10
10
10
10
10
10
10
10
10
10
10
10
10
10
10
10
10
10
10
10
10
10
10
10
10
10
10
10
10
10
10
10
10
10
10
10
10
10
10
10
10
10
10
10
10
10
10
10
10
10
10
10
10
10
10
10
10
10
10
10
10
10
10
10
10
10
10
10
10
10
10
10
10
10
10
10
10
10
10
10
10
10
10
10
10
10
10
10
10
10
10
10
10
10
10
10
10
10
10
10
10
10
10
10
10
10
10
10
10
10
10
10
10
10
10
10
10
10
10
10
10
10
10
10
10
10
10
10
10
10
10
10
10
10
10
10
10
10
10
10
10
10
10
10
10
10
10
10
10
10
10
10
10
10
10
10
10
10
10
10
10
10
10
10
10
10
10
10
10
10
10
10
10
10
10
10
10
10
10
10
10
10
10
10
10
10
10
10
10
10
10
10
10
10
10
10
10
10
10
10
10
10
10
10
10
10
10
10
10
10
10
10
10
10
10
10
10
10
10
10
10
10
10
10
10
10
10
10
10
10
10
10
10
10
10
10
10
10
10
10
10
10
10
10
10
10
10
10
10
10
10
10
10
10
10
10
10
10
10
10
10
10
10
10
10
10
10
10
10
10
10
10
10
10
10
10
10
10
10
10
10
10
10
10
10
10
10
10
10
10
10
10
10
10
10
10
10
10
10
10
10
10
10
10
10
10
10
10
10
10
10
10
10
10
10
10
10
10
10
10
10
10
10
10
10
10
10
10
10
10
10
10
10
10
10
10
10
10
10
10
10
10
10
10
10
10
10
10
10
10
10
10
10
10
10
10
10
10
10
10
10
10
10
10
10
10
10
10
10
10
10
10
10
10
10
10
10
10
10
10
10
10
10
10
10
10
10
10
10
10
10
10
10
10
10
10
10
10
10
10
10
10
10
10
10
10
10
10
10
10
10
10
10
10
10
10
10
10
10
10
10
10
10
10
10
10
10
10
10
10
10
10
10
10
10
10
10
10
10
10
10
10
10
10
10
10
10
10
10
10
10
10
10
10
10
10
10
10
10
10
10
10
10
10
10
10
10
10
10
10
10
10
10
10
10
10
10
10
10
10
10
10
10
10
10
10
10
10
10
10
10
10
10
10
10
10
10
10
10
10
10
10
10
10
10
10
10
10
10
10
10
10
10
10
10
10
10
10
10
10
10
10
10
10
10
10
10
10
10
10
10
10
10
10
10
10
10
10
10
10
10
10
10
10
10
10
10
10
10
10
10
10
10
10
10
10
10
10
10
10
10
10
10
10
10
10
10
10
10
10
10
10
10
10
10
10
10
10
10
10
10
10
10
10
10
10
10
10
10
10
10
10
10
10
10
10
10
10
10
10
10
10
10
10
10
10
10
10
10
10
10
10
10
10
10
10
10
10
10
10
10
10
10
10
10
10
10
10
10
10
10
10
10
10
10
10
10
10
10
10
10
10
10
10
10
10
10
10
10
10
10
10
10
10
10
10
10
10
10
10
10
10
10
10
10
10
10
10
10
10
10
10
10
10
10
10
10
10
10
10
10
10
10
10
10
10
10
10
10
10
10
10
10
10
10
10
10
10
10
10
10
10
10
10
10
10
10
10
10
10
10
10
10
10
10
10
10
10
10
10
10
10
10
10
10
10
10
10
10
10
10
10
10
10
10
10
10
10
10
10
10
10
10
10
10
10
10
10
10
10
10
10
10
10
10
10
10
10
10
10
10
10
10
10
10
10
10
10
10
10
10
10
10
10
10
10
10
10
10
10
10
10
10
10
10
10
10
10
10
10
10
10
10
10
10
10
10
10
10
10
10
10
10
10
10
10
10
10
10
10
10
10
10
10
10
10
10
10
10
10
10
10
10
10
10
10
10
10
10
10
10
10
10
10
10
10
10
10
10
10
10
10
10
10
10
10
10
10
10
10
10
10
10
10
10
10
10
10
10
10
10
10
10
10
10
10
10
10
10
10
10
10
10
10
10
10
10
10
10
10
10
10
10
10
10
10
10
10
10
10
10
10
10
10
10
10
10
10
10
10
10
10
10
10
10
10
10
10
10
10
10
10
10
10
10
10
10
10
10
10
10
10
10
10
10
10
10
10
10
10
10
10
10
10
10
10
10
10
10
10
10
10
10
10
10
10
10
10
10
10
10
10
10
10
10
10
10
10
10
10
10
10
10
10
10
10
10
10
10
10
10
10
10
10
10
10
10
10
10
10
10
10
10
10
10
10
10
10
10
10
10
10
10
10
10
10
10
10
10
10
10
10
10
10
10
10
10
10
10
10
10
10
10
10
10
10
10
10
10
10
10
10
10
10
10
10
10
10
10
10
10
10
10
10
10
10
10
10
10
10
10
10
10
10
10
10
10
10
10
10
10
10
10
10
10
10
10
10
10
10
10
10
10
10
10
10
10
10
10
10
10
10
10
10
10
10
10
10
10
10
10
10
10
10
10
10
10
10
10
10
10
10
10
10
10
10
10
10
10
10
10
10
10
10
10
10
10
10
10
10
10
10
10
10
10
10
10
10
10
10
10
10
10
10
10
10
10
10
10
10
10
10
10
10
10
10
10
10
10
10
10
10
10
10
10
10
10
10
10
10
10
10
10
10
10
10
10
10
10
10
10
10
10
10
10
10
10
10
10
10
10
10
10
10
10
10
10
10
10
10
10
10
10
10
10
10
10
10
10
10
10
10
10
10
10
10
10
10
10
10
10
10
10
10
10
10
10
10
10
10
10
10
10
10
10
10
10
10
10
10
10
10
10
10
10
10
10
10
10
10
10
10
10
10
10
10
10
10
10
10
10
10
10
10
10
10
10
10
10
10
10
10
10
10
10
10
10
10
10
10
10
10
10
10
10
10
10
10
10
10
10
10
10
10
10
10
10
10
10
10
10
10
10
10
10
10
10
10
10
10
10
10
10
10
10
10
10
10
10
10
10
10
10
10
10
10
10
10
10
10
10
10
10
10
10
10
10
10
10
10
10
10
10
10
10
10
10
10
10
10
10
10
10
10
10
10
10
10
10
10
10
10
10
10
10
10
10
10
10
10
10
10
10
10
10
10
10
10
10
10
10
10
10
10
10
10
10
10
10
10
10
10
10
10
10
10
10
10
10
10
10
10
10
10
10
10
10
10
10
10
10
10
10
10
10
10
10
10
10
10
10
10
10
10
10
10
10
10
10
10
10
10
10
10
10
10
10
10
10
10
10
10
10
10
10
10
10
10
10
10
10
10
10
10
10
10
10
10
10
10
10
10
10
10
10
10
10
10
10
10
10
10
10
10
10
10
10
10
10
10
10
10
10
10
10
10
10
10
10
10
10
10
10
10
10
10
10
10
10
10
10
10
10
10
10
10
10
10
10
10
10
10
10
10
10
10
10
10
10
10
10
10
10
10
10
10
10
10
10
10
10
10
10
10
10
10
10
10
10
10
10
10
10
10
10
10
10
10
10
10
10
10
10
10
10
10
10
10
10
10
10
10
10
10
10
10
10
10
10
10
10
10
10
10
10
10
10
10
10
10
10
10
10
10
10
10
10
10
10
10
10
10
10
10
10
10
10
10
10
10
10
10
10
10
10
10
10
10
10
10
10
10
10
10
10
10
10
10
10
10
10
10
10
10
10
10
10
10
10
10
10
10
10
10
10
10
10
10
10
10
10
10
10
10
10
10
10
10
10
10
10
10
10
10
10
10
10
10
10
10
10
10
10
10
10
10
10
10
10
10
10
10
10
10
10
10
10
10
10
10
10
10
10
10
10
10
10
10
10
10
10
10
10
10
10
10
10
10
10
10
10
10
10
10
10
10
10
10
10
10
10
10
10
10
10
10
10
10
10
10
10
10
10
10
10
10
10
10
10
10
10
10
10
10
10
10
10
10
10
10
10
10
10
10
10
10
10
10
10
10
10
10
10
10
10
10
10
10
10
10
10
10
10
10
10
10
10
10
10
10
10
10
10
10
10
10
10
10
10
10
10
10
10
10
10
10
10
10
10
10
10
10
10
10
10
10
10
10
10
10
10
10
10
10
10
10
10
10
10
10
10
10
10
10
10
10
10
10
10
10
10
10
10
10
10
10
10
10
10
10
10
10
10
10
10
10
10
10
10
10
10
10
10
10
10
10
10
10
10
10
10
10
10
10
10
10
10
10
10
10
10
10
10
10
10
10
10
10
10
10
10
10
10
10
10
10
10
10
10
10
10
10
10
10
10
10
10
10
10
10
10
10
10
10
10
10
10
10
10
10
10
10
10
10
10
10
10
10
10
10
10
10
10
10
10
10
10
10
10
10
10
10
10
10
10
10
10
10
10
10
10
10
10
10
10
10
10
10
10
10
10
10
10
10
10
10
10
10
10
10
10
10
10
10
10
10
10
10
10
10
10
10
10
10
10
10
10
10
10
10
10
10
10
10
10
10
10
10
10
10
10
10
10
10
10
10
10
10
10
10
10
10
10
10
10
10
10
10
10
10
10
10
10
10
10
10
10
10
10
10
10
10
10
10
10
10
10
10
10
10
10
10
10
10
10
10
10
10
10
10
10
10
10
10
10
10
10
10
10
10
10
10
10
10
10
10
10
10
10
10
10
10
10
10
10
10
10
10
10
10
10
10
10
10
10
10
10
10
10
10
10
10
10
10
10
10
10
10
10
10
10
10
10
10
10
10
10
10
10
10
10
10
10
10
10
10
10
10
10
10
10
10
10
10
10
10
10
10
10
10
10
10
10
10
10
10
10
10
10
10
10
10
10
10
10
10
10
10
10
10
10
10
10
10
10
10
10
10
10
10
10
10
10
10
10
10
10
10
10
10
10
10
10
10
10
10
10
10
10
10
10
10
10
10
10
10
10
10
10
10
10
10
10
10
10
10
10
10
10
10
10
10
10
10
10
10
10
10
10
10
10
10
10
10
10
10
10
10
10
10
10
10
10
10
10
10
10
10
10
10
10
10
10
10
10
10
10
10
10
10
10
10
10
10
10
10
10
10
10
10
10
10
10
10
10
10
10
10
10
10
10
10
10
10
10
10
10
10
10
10
10
10
10
10
10
10
10
10
10
10
10
10
10
10
10
10
10
10
10
10
10
10
